gem_name_short;gem_name;krs_name;lan_name;gem_code;gem_type
Schwissel;Gemeinde Schwissel;Kreis Segeberg;Schleswig-Holstein;010605053074;Gemeinde
Burgbrohl;Gemeinde Burgbrohl;Landkreis Ahrweiler;Rheinland-Pfalz;071315004202;Gemeinde
Haste;Gemeinde Haste;Landkreis Schaumburg;Niedersachsen;032575403011;Gemeinde
Nerdlen;Gemeinde Nerdlen;Landkreis Vulkaneifel;Rheinland-Pfalz;072335001049;Gemeinde
Budenheim;Gemeinde Budenheim;Landkreis Mainz-Bingen;Rheinland-Pfalz;073390009009;Gemeinde
Ersfeld;Gemeinde Ersfeld;Landkreis Altenkirchen (Westerwald);Rheinland-Pfalz;071325010027;Gemeinde
Winnigstedt;Gemeinde Winnigstedt;Landkreis Wolfenbüttel;Niedersachsen;031585407035;Gemeinde
Trassem;Gemeinde Trassem;Landkreis Trier-Saarburg;Rheinland-Pfalz;072355008136;Gemeinde
Sengerich;Gemeinde Sengerich;Landkreis Eifelkreis Bitburg-Prüm;Rheinland-Pfalz;072325001309;Gemeinde
Dierfeld;Gemeinde Dierfeld;Landkreis Bernkastel-Wittlich;Rheinland-Pfalz;072315008021;Gemeinde
Nothweiler;Gemeinde Nothweiler;Landkreis Südwestpfalz;Rheinland-Pfalz;073405001034;Gemeinde
Hockweiler;Gemeinde Hockweiler;Landkreis Trier-Saarburg;Rheinland-Pfalz;072355007048;Gemeinde
Schmißberg;Gemeinde Schmißberg;Landkreis Birkenfeld;Rheinland-Pfalz;071345002078;Gemeinde
Altmannstein;Gemeinde Altmannstein;Landkreis Eichstätt;Bayern;091760112112;Gemeinde
Dietramszell;Gemeinde Dietramszell;Landkreis Bad Tölz-Wolfratshausen;Bayern;091730118118;Gemeinde
Garz/Rügen;Stadt Garz/Rügen;Landkreis Vorpommern-Rügen;Mecklenburg-Vorpommern;130735353027;Stadt
Lalendorf;Gemeinde Lalendorf;Landkreis Rostock;Mecklenburg-Vorpommern;130725256063;Gemeinde
Lehe;Gemeinde Lehe;Landkreis Emsland;Niedersachsen;034545401030;Gemeinde
Großefehn;Gemeinde Großefehn;Landkreis Aurich;Niedersachsen;034520006006;Gemeinde
Mönchengladbach;Stadt Mönchengladbach;Kreisfreie Stadt Mönchengladbach;Nordrhein-Westfalen;051160000000;Stadt
Kutzleben;Gemeinde Kutzleben;Landkreis Unstrut-Hainich-Kreis;Thüringen;160645001038;Gemeinde
Neustadt an der Weinstraße;Stadt Neustadt an der Weinstraße;Kreisfreie Stadt Neustadt an der Weinstraße;Rheinland-Pfalz;073160000000;Stadt
Idar-Oberstein;Stadt Idar-Oberstein;Landkreis Birkenfeld;Rheinland-Pfalz;071340045045;Stadt
Grafenau;Stadt Grafenau;Landkreis Freyung-Grafenau;Bayern;092720120120;Stadt
Plößberg;Gemeinde Plößberg;Landkreis Tirschenreuth;Bayern;093770146146;Gemeinde
Helmbrechts;Stadt Helmbrechts;Landkreis Hof;Bayern;094750136136;Stadt
Albersdorf;Gemeinde Albersdorf;Landkreis Saale-Holzland-Kreis;Thüringen;160745053001;Gemeinde
Mittelpöllnitz;Gemeinde Mittelpöllnitz;Landkreis Saale-Orla-Kreis;Thüringen;160755011066;Gemeinde
Wassertrüdingen;Stadt Wassertrüdingen;Landkreis Ansbach;Bayern;095710214214;Stadt
Hammelburg;Stadt Hammelburg;Landkreis Bad Kissingen;Bayern;096720127127;Stadt
Friedberg;Stadt Friedberg;Landkreis Aichach-Friedberg;Bayern;097710130130;Stadt
Löwenberger Land;Gemeinde Löwenberger Land;Landkreis Oberhavel;Brandenburg;120650198198;Gemeinde
Stechlin;Gemeinde Stechlin;Landkreis Oberhavel;Brandenburg;120655502310;Gemeinde
Rehna;Stadt Rehna;Landkreis Nordwestmecklenburg;Mecklenburg-Vorpommern;130745458065;Stadt
Dobbertin;Gemeinde Dobbertin;Landkreis Ludwigslust-Parchim;Mecklenburg-Vorpommern;130765656032;Gemeinde
Rothenburg/O.L.;Stadt Rothenburg/O.L.;Landkreis Görlitz;Sachsen;146265235480;Stadt
Neuhaus am Rennweg;Stadt Neuhaus am Rennweg;Landkreis Sonneberg;Thüringen;160725051013;Stadt
Hutthurm;Gemeinde Hutthurm;Landkreis Passau;Bayern;092750128128;Gemeinde
Gülzow;Gemeinde Gülzow;Landkreis Mecklenburgische Seenplatte;Mecklenburg-Vorpommern;130715162060;Gemeinde
Zirchow;Gemeinde Zirchow;Landkreis Vorpommern-Greifswald;Mecklenburg-Vorpommern;130755562152;Gemeinde
Kleinfurra;Gemeinde Kleinfurra;Landkreis Nordhausen;Thüringen;160625054026;Gemeinde
Auerbach;Gemeinde Auerbach;Landkreis Erzgebirgskreis;Sachsen;145215103040;Gemeinde
Vollersroda;Gemeinde Vollersroda;Landkreis Weimarer Land;Thüringen;160715008093;Gemeinde
Wulfsmoor;Gemeinde Wulfsmoor;Kreis Steinburg;Schleswig-Holstein;010615189117;Gemeinde
Allstedt;Stadt Allstedt;Landkreis Mansfeld-Südharz;Sachsen-Anhalt;150870015015;Stadt
Bienstädt;Gemeinde Bienstädt;Landkreis Gotha;Thüringen;160675007004;Gemeinde
Hüven;Gemeinde Hüven;Landkreis Emsland;Niedersachsen;034545407023;Gemeinde
Schmeheim;Gemeinde Schmeheim;Landkreis Hildburghausen;Thüringen;160695002044;Gemeinde
Messenkamp;Gemeinde Messenkamp;Landkreis Schaumburg;Niedersachsen;032575406024;Gemeinde
Bekmünde;Gemeinde Bekmünde;Kreis Steinburg;Schleswig-Holstein;010615138010;Gemeinde
Mehlbek;Gemeinde Mehlbek;Kreis Steinburg;Schleswig-Holstein;010615138067;Gemeinde
Auhagen;Gemeinde Auhagen;Landkreis Schaumburg;Niedersachsen;032575407004;Gemeinde
Stahlberg;Gemeinde Stahlberg;Landkreis Donnersbergkreis;Rheinland-Pfalz;073335007073;Gemeinde
Nohen;Gemeinde Nohen;Landkreis Birkenfeld;Rheinland-Pfalz;071345002061;Gemeinde
St. Gangloff;Gemeinde St. Gangloff;Landkreis Saale-Holzland-Kreis;Thüringen;160745014093;Gemeinde
Oberoppurg;Gemeinde Oberoppurg;Landkreis Saale-Orla-Kreis;Thüringen;160755005075;Gemeinde
Elben;Gemeinde Elben;Landkreis Altenkirchen (Westerwald);Rheinland-Pfalz;071325009024;Gemeinde
Niedersteinebach;Gemeinde Niedersteinebach;Landkreis Altenkirchen (Westerwald);Rheinland-Pfalz;071325010078;Gemeinde
Hanroth;Gemeinde Hanroth;Landkreis Neuwied;Rheinland-Pfalz;071385005025;Gemeinde
Börfink;Gemeinde Börfink;Landkreis Birkenfeld;Rheinland-Pfalz;071345002011;Gemeinde
Nordhastedt;Gemeinde Nordhastedt;Kreis Dithmarschen;Schleswig-Holstein;010515172082;Gemeinde
Kail;Gemeinde Kail;Landkreis Cochem-Zell;Rheinland-Pfalz;071355002044;Gemeinde
Weißenthurm;Stadt Weißenthurm;Landkreis Mayen-Koblenz;Rheinland-Pfalz;071375008228;Stadt
Ohmden;Gemeinde Ohmden;Landkreis Esslingen;Baden-Württemberg;081165008053;Gemeinde
Haserich;Gemeinde Haserich;Landkreis Cochem-Zell;Rheinland-Pfalz;071355005039;Gemeinde
Leinsweiler;Gemeinde Leinsweiler;Landkreis Südliche Weinstraße;Rheinland-Pfalz;073375005051;Gemeinde
Kallstadt;Gemeinde Kallstadt;Landkreis Bad Dürkheim;Rheinland-Pfalz;073325002028;Gemeinde
Schülp b.Nortorf;Gemeinde Schülp b.Nortorf;Kreis Rendsburg-Eckernförde;Schleswig-Holstein;010585864147;Gemeinde
Crinitz;Gemeinde Crinitz;Landkreis Elbe-Elster;Brandenburg;120625205088;Gemeinde
Muggensturm;Gemeinde Muggensturm;Landkreis Rastatt;Baden-Württemberg;082165005033;Gemeinde
Wincheringen;Gemeinde Wincheringen;Landkreis Trier-Saarburg;Rheinland-Pfalz;072355008149;Gemeinde
Saulheim;Gemeinde Saulheim;Landkreis Alzey-Worms;Rheinland-Pfalz;073315006058;Gemeinde
Hohen-Sülzen;Gemeinde Hohen-Sülzen;Landkreis Alzey-Worms;Rheinland-Pfalz;073315003041;Gemeinde
Partenheim;Gemeinde Partenheim;Landkreis Alzey-Worms;Rheinland-Pfalz;073315006056;Gemeinde
Schenefeld;Stadt Schenefeld;Kreis Pinneberg;Schleswig-Holstein;010560044044;Stadt
Bruchmühlbach-Miesau;Gemeinde Bruchmühlbach-Miesau;Landkreis Kaiserslautern;Rheinland-Pfalz;073355001003;Gemeinde
Fluorn-Winzeln;Gemeinde Fluorn-Winzeln;Landkreis Rottweil;Baden-Württemberg;083255002070;Gemeinde
Kisselbach;Gemeinde Kisselbach;Landkreis Rhein-Hunsrück-Kreis;Rheinland-Pfalz;071405008068;Gemeinde
Dichtelbach;Gemeinde Dichtelbach;Landkreis Rhein-Hunsrück-Kreis;Rheinland-Pfalz;071405008027;Gemeinde
Laurenburg;Gemeinde Laurenburg;Landkreis Rhein-Lahn-Kreis;Rheinland-Pfalz;071415003077;Gemeinde
Niederalben;Gemeinde Niederalben;Landkreis Kusel;Rheinland-Pfalz;073365010067;Gemeinde
Pfeffelbach;Gemeinde Pfeffelbach;Landkreis Kusel;Rheinland-Pfalz;073365010077;Gemeinde
Rutsweiler an der Lauter;Gemeinde Rutsweiler an der Lauter;Landkreis Kusel;Rheinland-Pfalz;073365008090;Gemeinde
Biebrich;Gemeinde Biebrich;Landkreis Rhein-Lahn-Kreis;Rheinland-Pfalz;071415011013;Gemeinde
Rothselberg;Gemeinde Rothselberg;Landkreis Kusel;Rheinland-Pfalz;073365008087;Gemeinde
Nanzdietschweiler;Gemeinde Nanzdietschweiler;Landkreis Kusel;Rheinland-Pfalz;073365009064;Gemeinde
Schönborn;Gemeinde Schönborn;Landkreis Rhein-Lahn-Kreis;Rheinland-Pfalz;071415011126;Gemeinde
Norken;Gemeinde Norken;Landkreis Westerwaldkreis;Rheinland-Pfalz;071435001280;Gemeinde
Kirburg;Gemeinde Kirburg;Landkreis Westerwaldkreis;Rheinland-Pfalz;071435001248;Gemeinde
Buggingen;Gemeinde Buggingen;Landkreis Breisgau-Hochschwarzwald;Baden-Württemberg;083155012022;Gemeinde
Kottenborn;Gemeinde Kottenborn;Landkreis Ahrweiler;Rheinland-Pfalz;071315001042;Gemeinde
Hümmel;Gemeinde Hümmel;Landkreis Ahrweiler;Rheinland-Pfalz;071315001033;Gemeinde
Wissen;Stadt Wissen;Landkreis Altenkirchen (Westerwald);Rheinland-Pfalz;071325008117;Stadt
Katzwinkel (Sieg);Gemeinde Katzwinkel (Sieg);Landkreis Altenkirchen (Westerwald);Rheinland-Pfalz;071325008080;Gemeinde
Berglangenbach;Gemeinde Berglangenbach;Landkreis Birkenfeld;Rheinland-Pfalz;071345001007;Gemeinde
Sankt Katharinen (Landkreis Neuwied);Gemeinde Sankt Katharinen (Landkreis Neuwied);Landkreis Neuwied;Rheinland-Pfalz;071385004068;Gemeinde
Gemünden;Gemeinde Gemünden;Landkreis Rhein-Hunsrück-Kreis;Rheinland-Pfalz;071405004041;Gemeinde
Niederhofen;Gemeinde Niederhofen;Landkreis Neuwied;Rheinland-Pfalz;071385005048;Gemeinde
Thür;Gemeinde Thür;Landkreis Mayen-Koblenz;Rheinland-Pfalz;071375004101;Gemeinde
Trautskirchen;Gemeinde Trautskirchen;Landkreis Neustadt a.d.Aisch-Bad Windsheim;Bayern;095755525166;Gemeinde
Kühlungsborn;Stadt Kühlungsborn;Landkreis Rostock;Mecklenburg-Vorpommern;130720060060;Stadt
Klein Belitz;Gemeinde Klein Belitz;Landkreis Rostock;Mecklenburg-Vorpommern;130725252053;Gemeinde
Neunkirchen a.Sand;Gemeinde Neunkirchen a.Sand;Landkreis Nürnberger Land;Bayern;095740141141;Gemeinde
Gollhofen;Gemeinde Gollhofen;Landkreis Neustadt a.d.Aisch-Bad Windsheim;Bayern;095755519127;Gemeinde
Schafstedt;Gemeinde Schafstedt;Kreis Dithmarschen;Schleswig-Holstein;010515175099;Gemeinde
Wennbüttel;Gemeinde Wennbüttel;Kreis Dithmarschen;Schleswig-Holstein;010515175126;Gemeinde
Wesselburener Deichhausen;Gemeinde Wesselburener Deichhausen;Kreis Dithmarschen;Schleswig-Holstein;010515178128;Gemeinde
Karnin;Gemeinde Karnin;Landkreis Vorpommern-Rügen;Mecklenburg-Vorpommern;130735352042;Gemeinde
Mölln;Stadt Mölln;Kreis Herzogtum Lauenburg;Schleswig-Holstein;010530090090;Stadt
Gadebusch;Stadt Gadebusch;Landkreis Nordwestmecklenburg;Mecklenburg-Vorpommern;130745452021;Stadt
Göhren;Gemeinde Göhren;Landkreis Vorpommern-Rügen;Mecklenburg-Vorpommern;130735357031;Gemeinde
Anklam;Stadt Anklam;Landkreis Vorpommern-Greifswald;Mecklenburg-Vorpommern;130750005005;Stadt
Metten;Gemeinde Metten;Landkreis Deggendorf;Bayern;092710132132;Gemeinde
Zickhusen;Gemeinde Zickhusen;Landkreis Nordwestmecklenburg;Mecklenburg-Vorpommern;130745455088;Gemeinde
Otzing;Gemeinde Otzing;Landkreis Deggendorf;Bayern;092715204143;Gemeinde
Holdorf;Gemeinde Holdorf;Landkreis Nordwestmecklenburg;Mecklenburg-Vorpommern;130745458033;Gemeinde
Wedendorfersee;Gemeinde Wedendorfersee;Landkreis Nordwestmecklenburg;Mecklenburg-Vorpommern;130745458092;Gemeinde
Königsfeld;Gemeinde Königsfeld;Landkreis Nordwestmecklenburg;Mecklenburg-Vorpommern;130745458042;Gemeinde
Ueckermünde;Stadt Ueckermünde;Landkreis Vorpommern-Greifswald;Mecklenburg-Vorpommern;130750136136;Stadt
Philippsreuter Wald;Gemeindefreies Gebiet Philippsreuter Wald;Landkreis Freyung-Grafenau;Bayern;092729457457;Gemeindefreies Gebiet
Spantekow;Gemeinde Spantekow;Landkreis Vorpommern-Greifswald;Mecklenburg-Vorpommern;130755553127;Gemeinde
Krien;Gemeinde Krien;Landkreis Vorpommern-Greifswald;Mecklenburg-Vorpommern;130755553068;Gemeinde
Sassen-Trantow;Gemeinde Sassen-Trantow;Landkreis Vorpommern-Greifswald;Mecklenburg-Vorpommern;130755558123;Gemeinde
Behlendorf;Gemeinde Behlendorf;Kreis Herzogtum Lauenburg;Schleswig-Holstein;010535308008;Gemeinde
Hirschbach;Gemeinde Hirschbach;Landkreis Amberg-Sulzbach;Bayern;093715302128;Gemeinde
Illschwang;Gemeinde Illschwang;Landkreis Amberg-Sulzbach;Bayern;093715304131;Gemeinde
Wohltorf;Gemeinde Wohltorf;Kreis Herzogtum Lauenburg;Schleswig-Holstein;010535323133;Gemeinde
Steinach;Gemeinde Steinach;Landkreis Straubing-Bogen;Bayern;092780190190;Gemeinde
Zell;Gemeinde Zell;Landkreis Cham;Bayern;093725317167;Gemeinde
Köthel;Gemeinde Köthel;Kreis Stormarn;Schleswig-Holstein;010625270040;Gemeinde
Breitenbrunn;Gemeinde Breitenbrunn;Landkreis Neumarkt i.d.OPf.;Bayern;093730115115;Gemeinde
Sengenthal;Gemeinde Sengenthal;Landkreis Neumarkt i.d.OPf.;Bayern;093735321159;Gemeinde
Arnstein;Stadt Arnstein;Landkreis Main-Spessart;Bayern;096770114114;Stadt
Haßmoor;Gemeinde Haßmoor;Kreis Rendsburg-Eckernförde;Schleswig-Holstein;010585888073;Gemeinde
Oppershausen;Gemeinde Oppershausen;Landkreis Unstrut-Hainich-Kreis;Thüringen;160645053053;Gemeinde
Nittendorf;Gemeinde Nittendorf;Landkreis Regensburg;Bayern;093750175175;Gemeinde
Bechtsrieth;Gemeinde Bechtsrieth;Landkreis Neustadt a.d.Waldnaab;Bayern;093745329170;Gemeinde
Pfakofen;Gemeinde Pfakofen;Landkreis Regensburg;Bayern;093755337182;Gemeinde
Riekofen;Gemeinde Riekofen;Landkreis Regensburg;Bayern;093755338191;Gemeinde
Sünching;Gemeinde Sünching;Landkreis Regensburg;Bayern;093755338201;Gemeinde
Schönsee;Stadt Schönsee;Landkreis Schwandorf;Bayern;093765344160;Stadt
Obermichelbach;Gemeinde Obermichelbach;Landkreis Fürth;Bayern;095735540123;Gemeinde
Geringswalde;Stadt Geringswalde;Landkreis Mittelsachsen;Sachsen;145220190190;Stadt
Sommerkahl;Gemeinde Sommerkahl;Landkreis Aschaffenburg;Bayern;096715604153;Gemeinde
Oelsnitz/Erzgeb.;Stadt Oelsnitz/Erzgeb.;Landkreis Erzgebirgskreis;Sachsen;145210450450;Stadt
Geyer;Stadt Geyer;Landkreis Erzgebirgskreis;Sachsen;145215110210;Stadt
Seiffen/Erzgeb.;Gemeinde Seiffen/Erzgeb.;Landkreis Erzgebirgskreis;Sachsen;145215132570;Gemeinde
Loddin;Gemeinde Loddin;Landkreis Vorpommern-Greifswald;Mecklenburg-Vorpommern;130755562080;Gemeinde
Spornitz;Gemeinde Spornitz;Landkreis Ludwigslust-Parchim;Mecklenburg-Vorpommern;130765662126;Gemeinde
Hohenlinden;Gemeinde Hohenlinden;Landkreis Ebersberg;Bayern;091750123123;Gemeinde
Glonn;Gemeinde Glonn;Landkreis Ebersberg;Bayern;091755114121;Gemeinde
Crimla;Gemeinde Crimla;Landkreis Greiz;Thüringen;160765053014;Gemeinde
Bad Heilbrunn;Gemeinde Bad Heilbrunn;Landkreis Bad Tölz-Wolfratshausen;Bayern;091730111111;Gemeinde
Heimweiler;Gemeinde Heimweiler;Landkreis Bad Kreuznach;Rheinland-Pfalz;071335009041;Gemeinde
Neukamperfehn;Gemeinde Neukamperfehn;Landkreis Leer;Niedersachsen;034575402015;Gemeinde
Hatten;Gemeinde Hatten;Landkreis Oldenburg;Niedersachsen;034580009009;Gemeinde
Schweindorf;Gemeinde Schweindorf;Landkreis Wittmund;Niedersachsen;034625402013;Gemeinde
Rieste;Gemeinde Rieste;Landkreis Osnabrück;Niedersachsen;034595402031;Gemeinde
Winterburg;Gemeinde Winterburg;Landkreis Bad Kreuznach;Rheinland-Pfalz;071335010116;Gemeinde
Colnrade;Gemeinde Colnrade;Landkreis Oldenburg;Niedersachsen;034585401002;Gemeinde
Hardert;Gemeinde Hardert;Landkreis Neuwied;Rheinland-Pfalz;071385009026;Gemeinde
Bad Oeynhausen;Stadt Bad Oeynhausen;Kreis Minden-Lübbecke;Nordrhein-Westfalen;057700004004;Stadt
Lorup;Gemeinde Lorup;Landkreis Emsland;Niedersachsen;034545409033;Gemeinde
Dohren;Gemeinde Dohren;Landkreis Emsland;Niedersachsen;034545403009;Gemeinde
Bedburg-Hau;Gemeinde Bedburg-Hau;Kreis Kleve;Nordrhein-Westfalen;051540004004;Gemeinde
Montabaur;Stadt Montabaur;Landkreis Westerwaldkreis;Rheinland-Pfalz;071435004048;Stadt
Kerken;Gemeinde Kerken;Kreis Kleve;Nordrhein-Westfalen;051540028028;Gemeinde
Kankelau;Gemeinde Kankelau;Kreis Herzogtum Lauenburg;Schleswig-Holstein;010535373059;Gemeinde
Haan;Stadt Haan;Kreis Mettmann;Nordrhein-Westfalen;051580008008;Stadt
Heiligenhaus;Stadt Heiligenhaus;Kreis Mettmann;Nordrhein-Westfalen;051580012012;Stadt
Schönberg;Gemeinde Schönberg;Landkreis Zwickau;Sachsen;145245118270;Gemeinde
Hallstadt;Stadt Hallstadt;Landkreis Bamberg;Bayern;094710140140;Stadt
Steinefrenz;Gemeinde Steinefrenz;Landkreis Westerwaldkreis;Rheinland-Pfalz;071435008074;Gemeinde
Zehnhausen bei Rennerod;Gemeinde Zehnhausen bei Rennerod;Landkreis Westerwaldkreis;Rheinland-Pfalz;071435006315;Gemeinde
Düren;Stadt Düren;Kreis Düren;Nordrhein-Westfalen;053580008008;Stadt
Schöppingen;Gemeinde Schöppingen;Kreis Borken;Nordrhein-Westfalen;055540052052;Gemeinde
Merzenich;Gemeinde Merzenich;Kreis Düren;Nordrhein-Westfalen;053580040040;Gemeinde
Oberdreis;Gemeinde Oberdreis;Landkreis Neuwied;Rheinland-Pfalz;071385005052;Gemeinde
Gangelt;Gemeinde Gangelt;Kreis Heinsberg;Nordrhein-Westfalen;053700008008;Gemeinde
Nordkirchen;Gemeinde Nordkirchen;Kreis Coesfeld;Nordrhein-Westfalen;055580028028;Gemeinde
Sommerach;Gemeinde Sommerach;Landkreis Kitzingen;Bayern;096755619169;Gemeinde
Burscheid;Stadt Burscheid;Kreis Rheinisch-Bergischer Kreis;Nordrhein-Westfalen;053780008008;Stadt
Mettingen;Gemeinde Mettingen;Kreis Steinfurt;Nordrhein-Westfalen;055660056056;Gemeinde
Kalletal;Gemeinde Kalletal;Kreis Lippe;Nordrhein-Westfalen;057660036036;Gemeinde
Emtmannsberg;Gemeinde Emtmannsberg;Landkreis Bayreuth;Bayern;094725415133;Gemeinde
Alsbach-Hähnlein;Gemeinde Alsbach-Hähnlein;Landkreis Darmstadt-Dieburg;Hessen;064320001001;Gemeinde
Waischenfeld;Stadt Waischenfeld;Landkreis Bayreuth;Bayern;094720197197;Stadt
Extertal;Gemeinde Extertal;Kreis Lippe;Nordrhein-Westfalen;057660028028;Gemeinde
Tschirn;Gemeinde Tschirn;Landkreis Kronach;Bayern;094765433182;Gemeinde
Marktschorgast;Gemeinde Marktschorgast;Landkreis Kulmbach;Bayern;094770139139;Gemeinde
Wirsberg;Gemeinde Wirsberg;Landkreis Kulmbach;Bayern;094770163163;Gemeinde
Südharz;Gemeinde Südharz;Landkreis Mansfeld-Südharz;Sachsen-Anhalt;150870412412;Gemeinde
Farnstädt;Gemeinde Farnstädt;Landkreis Saalekreis;Sachsen-Anhalt;150885051100;Gemeinde
Gräfenberg;Stadt Gräfenberg;Landkreis Forchheim;Bayern;094745427132;Stadt
Forst Schwarzenbach a.Wald;Gemeindefreies Gebiet Forst Schwarzenbach a.Wald;Landkreis Hof;Bayern;094759451451;Gemeindefreies Gebiet
Weimar;Stadt Weimar;Kreisfreie Stadt Weimar;Thüringen;160550000000;Stadt
Sprockhövel;Stadt Sprockhövel;Kreis Ennepe-Ruhr-Kreis;Nordrhein-Westfalen;059540028028;Stadt
Waldgrehweiler;Gemeinde Waldgrehweiler;Landkreis Donnersbergkreis;Rheinland-Pfalz;073335007079;Gemeinde
Werdohl;Stadt Werdohl;Kreis Märkischer Kreis;Nordrhein-Westfalen;059620060060;Stadt
Macken;Gemeinde Macken;Landkreis Mayen-Koblenz;Rheinland-Pfalz;071375009215;Gemeinde
Netphen;Stadt Netphen;Kreis Siegen-Wittgenstein;Nordrhein-Westfalen;059700032032;Stadt
Weißbach;Gemeinde Weißbach;Landkreis Hohenlohekreis;Baden-Württemberg;081265004086;Gemeinde
Lörzweiler;Gemeinde Lörzweiler;Landkreis Mainz-Bingen;Rheinland-Pfalz;073395002034;Gemeinde
Dietzenbach;Stadt Dietzenbach;Landkreis Offenbach;Hessen;064380001001;Stadt
Guntersblum;Gemeinde Guntersblum;Landkreis Mainz-Bingen;Rheinland-Pfalz;073395007024;Gemeinde
Rothenbucher Forst;Gemeindefreies Gebiet Rothenbucher Forst;Landkreis Aschaffenburg;Bayern;096719457457;Gemeindefreies Gebiet
Fuldabrück;Gemeinde Fuldabrück;Landkreis Kassel;Hessen;066330008008;Gemeinde
Redwitz a.d.Rodach;Gemeinde Redwitz a.d.Rodach;Landkreis Lichtenfels;Bayern;094785441155;Gemeinde
Reinhardshagen;Gemeinde Reinhardshagen;Landkreis Kassel;Hessen;066330022022;Gemeinde
Hallbergmoos;Gemeinde Hallbergmoos;Landkreis Freising;Bayern;091780130130;Gemeinde
Lambrechtshagen;Gemeinde Lambrechtshagen;Landkreis Rostock;Mecklenburg-Vorpommern;130725263064;Gemeinde
Wettstetten;Gemeinde Wettstetten;Landkreis Eichstätt;Bayern;091760167167;Gemeinde
Emmering;Gemeinde Emmering;Landkreis Fürstenfeldbruck;Bayern;091790119119;Gemeinde
Lichtenau;Gemeinde Lichtenau;Landkreis Ansbach;Bayern;095710175175;Gemeinde
Oberasbach;Stadt Oberasbach;Landkreis Fürth;Bayern;095730122122;Stadt
Eppelborn;Gemeinde Eppelborn;Landkreis Neunkirchen;Saarland;100430111111;Gemeinde
Gröbenzell;Gemeinde Gröbenzell;Landkreis Fürstenfeldbruck;Bayern;091790126126;Gemeinde
Görsbach;Gemeinde Görsbach;Landkreis Nordhausen;Thüringen;160625053008;Gemeinde
Artern;Stadt Artern;Landkreis Kyffhäuserkreis;Thüringen;160655055086;Stadt
Homburg;Stadt Homburg;Landkreis Saarpfalz-Kreis;Saarland;100450114114;Stadt
Osterspai;Gemeinde Osterspai;Landkreis Rhein-Lahn-Kreis;Rheinland-Pfalz;071415009108;Gemeinde
Neumagen-Dhron;Gemeinde Neumagen-Dhron;Landkreis Bernkastel-Wittlich;Rheinland-Pfalz;072315001092;Gemeinde
Reinstädt;Gemeinde Reinstädt;Landkreis Saale-Holzland-Kreis;Thüringen;160745011076;Gemeinde
Ranis;Stadt Ranis;Landkreis Saale-Orla-Kreis;Thüringen;160755013088;Stadt
Bramstedtlund;Gemeinde Bramstedtlund;Kreis Nordfriesland;Schleswig-Holstein;010545489018;Gemeinde
Märkisch Buchholz;Stadt Märkisch Buchholz;Landkreis Dahme-Spreewald;Brandenburg;120615108328;Stadt
Lichterfeld-Schacksdorf;Gemeinde Lichterfeld-Schacksdorf;Landkreis Elbe-Elster;Brandenburg;120625205293;Gemeinde
Schilda;Gemeinde Schilda;Landkreis Elbe-Elster;Brandenburg;120625202440;Gemeinde
Hohenleipisch;Gemeinde Hohenleipisch;Landkreis Elbe-Elster;Brandenburg;120625207240;Gemeinde
Dallgow-Döberitz;Gemeinde Dallgow-Döberitz;Landkreis Havelland;Brandenburg;120630056056;Gemeinde
Kogel;Gemeinde Kogel;Landkreis Ludwigslust-Parchim;Mecklenburg-Vorpommern;130765667073;Gemeinde
Rüdersdorf bei Berlin;Gemeinde Rüdersdorf bei Berlin;Landkreis Märkisch-Oderland;Brandenburg;120640428428;Gemeinde
Mixdorf;Gemeinde Mixdorf;Landkreis Oder-Spree;Brandenburg;120675708324;Gemeinde
Wechselburg;Gemeinde Wechselburg;Landkreis Mittelsachsen;Sachsen;145220580580;Gemeinde
Forstenrieder Park;Gemeindefreies Gebiet Forstenrieder Park;Landkreis München;Bayern;091849452452;Gemeindefreies Gebiet
Aschau a.Inn;Gemeinde Aschau a.Inn;Landkreis Mühldorf a.Inn;Bayern;091830113113;Gemeinde
Sankt Peter-Ording;Gemeinde Sankt Peter-Ording;Kreis Nordfriesland;Schleswig-Holstein;010545417113;Gemeinde
Papendorf;Gemeinde Papendorf;Landkreis Vorpommern-Greifswald;Mecklenburg-Vorpommern;130755560104;Gemeinde
Delve;Gemeinde Delve;Kreis Dithmarschen;Schleswig-Holstein;010515169020;Gemeinde
Fedderingen;Gemeinde Fedderingen;Kreis Dithmarschen;Schleswig-Holstein;010515169030;Gemeinde
Wenzlow;Gemeinde Wenzlow;Landkreis Potsdam-Mittelmark;Brandenburg;120695918648;Gemeinde
Kloster Lehnin;Gemeinde Kloster Lehnin;Landkreis Potsdam-Mittelmark;Brandenburg;120690306306;Gemeinde
Cumlosen;Gemeinde Cumlosen;Landkreis Prignitz;Brandenburg;120705005060;Gemeinde
Blankenhof;Gemeinde Blankenhof;Landkreis Mecklenburgische Seenplatte;Mecklenburg-Vorpommern;130715157010;Gemeinde
Bad Wilsnack;Stadt Bad Wilsnack;Landkreis Prignitz;Brandenburg;120705001008;Stadt
Rattelsdorf;Gemeinde Rattelsdorf;Landkreis Saale-Holzland-Kreis;Thüringen;160745007071;Gemeinde
Bandenitz;Gemeinde Bandenitz;Landkreis Ludwigslust-Parchim;Mecklenburg-Vorpommern;130765658004;Gemeinde
Belsch;Gemeinde Belsch;Landkreis Ludwigslust-Parchim;Mecklenburg-Vorpommern;130765658008;Gemeinde
Clausen;Gemeinde Clausen;Landkreis Südwestpfalz;Rheinland-Pfalz;073405004003;Gemeinde
Althornbach;Gemeinde Althornbach;Landkreis Südwestpfalz;Rheinland-Pfalz;073405008201;Gemeinde
Wernau (Neckar);Stadt Wernau (Neckar);Landkreis Esslingen;Baden-Württemberg;081160072072;Stadt
Erkenbrechtsweiler;Gemeinde Erkenbrechtsweiler;Landkreis Esslingen;Baden-Württemberg;081165002018;Gemeinde
Altenriet;Gemeinde Altenriet;Landkreis Esslingen;Baden-Württemberg;081165003006;Gemeinde
Großbettlingen;Gemeinde Großbettlingen;Landkreis Esslingen;Baden-Württemberg;081165005022;Gemeinde
Krukow;Gemeinde Krukow;Kreis Herzogtum Lauenburg;Schleswig-Holstein;010535343074;Gemeinde
Heidgraben;Gemeinde Heidgraben;Kreis Pinneberg;Schleswig-Holstein;010565690023;Gemeinde
Heist;Gemeinde Heist;Kreis Pinneberg;Schleswig-Holstein;010565690024;Gemeinde
Steinwenden;Gemeinde Steinwenden;Landkreis Kaiserslautern;Rheinland-Pfalz;073355008044;Gemeinde
Westheim (Pfalz);Gemeinde Westheim (Pfalz);Landkreis Germersheim;Rheinland-Pfalz;073345005033;Gemeinde
Enkirch;Gemeinde Enkirch;Landkreis Bernkastel-Wittlich;Rheinland-Pfalz;072315009029;Gemeinde
Böllenborn;Gemeinde Böllenborn;Landkreis Südliche Weinstraße;Rheinland-Pfalz;073375002013;Gemeinde
Niederschlettenbach;Gemeinde Niederschlettenbach;Landkreis Südwestpfalz;Rheinland-Pfalz;073405001033;Gemeinde
Hinterweidenthal;Gemeinde Hinterweidenthal;Landkreis Südwestpfalz;Rheinland-Pfalz;073405002020;Gemeinde
Grimburg;Gemeinde Grimburg;Landkreis Trier-Saarburg;Rheinland-Pfalz;072355001035;Gemeinde
Geisfeld;Gemeinde Geisfeld;Landkreis Trier-Saarburg;Rheinland-Pfalz;072355001030;Gemeinde
Seedorf;Gemeinde Seedorf;Kreis Segeberg;Schleswig-Holstein;010605086075;Gemeinde
Aebtissinwisch;Gemeinde Aebtissinwisch;Kreis Steinburg;Schleswig-Holstein;010615179002;Gemeinde
Brokdorf;Gemeinde Brokdorf;Kreis Steinburg;Schleswig-Holstein;010615179018;Gemeinde
Dammfleth;Gemeinde Dammfleth;Kreis Steinburg;Schleswig-Holstein;010615179023;Gemeinde
Marnerdeich;Gemeinde Marnerdeich;Kreis Dithmarschen;Schleswig-Holstein;010515166073;Gemeinde
Antrifttal;Gemeinde Antrifttal;Landkreis Vogelsbergkreis;Hessen;065350002002;Gemeinde
Grothusenkoog;Gemeinde Grothusenkoog;Kreis Nordfriesland;Schleswig-Holstein;010545417040;Gemeinde
Panker;Gemeinde Panker;Kreis Plön;Schleswig-Holstein;010575727055;Gemeinde
Bothkamp;Gemeinde Bothkamp;Kreis Plön;Schleswig-Holstein;010575747011;Gemeinde
Wittmoldt;Gemeinde Wittmoldt;Kreis Plön;Schleswig-Holstein;010575739089;Gemeinde
Oldenbüttel;Gemeinde Oldenbüttel;Kreis Rendsburg-Eckernförde;Schleswig-Holstein;010585895119;Gemeinde
Flintbek;Gemeinde Flintbek;Kreis Rendsburg-Eckernförde;Schleswig-Holstein;010585896053;Gemeinde
Barnitz;Gemeinde Barnitz;Kreis Stormarn;Schleswig-Holstein;010625244008;Gemeinde
Grundhof;Gemeinde Grundhof;Kreis Schleswig-Flensburg;Schleswig-Holstein;010595937118;Gemeinde
Westerholz;Gemeinde Westerholz;Kreis Schleswig-Flensburg;Schleswig-Holstein;010595937178;Gemeinde
Brodersby-Goltoft;Gemeinde Brodersby-Goltoft;Kreis Schleswig-Flensburg;Schleswig-Holstein;010595987189;Gemeinde
Kronsgaard;Gemeinde Kronsgaard;Kreis Schleswig-Flensburg;Schleswig-Holstein;010595990136;Gemeinde
Lürschau;Gemeinde Lürschau;Kreis Schleswig-Flensburg;Schleswig-Holstein;010595993057;Gemeinde
Müschenbach;Gemeinde Müschenbach;Landkreis Westerwaldkreis;Rheinland-Pfalz;071435002269;Gemeinde
Rickling;Gemeinde Rickling;Kreis Segeberg;Schleswig-Holstein;010605063068;Gemeinde
Bad Grund (Harz);Gemeinde Bad Grund (Harz);Landkreis Göttingen;Niedersachsen;031590002002;Gemeinde
Horstedt;Gemeinde Horstedt;Kreis Nordfriesland;Schleswig-Holstein;010545492052;Gemeinde
Wesenberg;Gemeinde Wesenberg;Kreis Stormarn;Schleswig-Holstein;010625244094;Gemeinde
Wolfsburg;Stadt Wolfsburg;Kreisfreie Stadt Wolfsburg;Niedersachsen;031030000000;Stadt
Leiferde;Gemeinde Leiferde;Landkreis Gifhorn;Niedersachsen;031515405015;Gemeinde
Schönewörde;Gemeinde Schönewörde;Landkreis Gifhorn;Niedersachsen;031515407026;Gemeinde
Tramm;Gemeinde Tramm;Kreis Herzogtum Lauenburg;Schleswig-Holstein;010535318126;Gemeinde
Schönau a.d.Brend;Gemeinde Schönau a.d.Brend;Landkreis Rhön-Grabfeld;Bayern;096735635163;Gemeinde
Fladungen;Stadt Fladungen;Landkreis Rhön-Grabfeld;Bayern;096735637123;Stadt
Sulzfeld;Gemeinde Sulzfeld;Landkreis Rhön-Grabfeld;Bayern;096735634173;Gemeinde
Wülfershausen a.d.Saale;Gemeinde Wülfershausen a.d.Saale;Landkreis Rhön-Grabfeld;Bayern;096735640184;Gemeinde
Bergen;Gemeinde Bergen;Landkreis Weißenburg-Gunzenhausen;Bayern;095775535115;Gemeinde
Rannungen;Gemeinde Rannungen;Landkreis Bad Kissingen;Bayern;096725609143;Gemeinde
Marktheidenfeld;Stadt Marktheidenfeld;Landkreis Main-Spessart;Bayern;096770157157;Stadt
Rieneck;Stadt Rieneck;Landkreis Main-Spessart;Bayern;096770177177;Stadt
Meckel;Gemeinde Meckel;Landkreis Eifelkreis Bitburg-Prüm;Rheinland-Pfalz;072325008077;Gemeinde
Bahrenborstel;Gemeinde Bahrenborstel;Landkreis Diepholz;Niedersachsen;032515404003;Gemeinde
Hehlen;Gemeinde Hehlen;Landkreis Holzminden;Niedersachsen;032555408017;Gemeinde
Grünenplan;Gemeindefreies Gebiet Grünenplan;Landkreis Holzminden;Niedersachsen;032559504504;Gemeindefreies Gebiet
Hürth;Stadt Hürth;Kreis Rhein-Erft-Kreis;Nordrhein-Westfalen;053620028028;Stadt
Bückeburg;Stadt Bückeburg;Landkreis Schaumburg;Niedersachsen;032570009009;Stadt
Feldkirchen-Westerham;Gemeinde Feldkirchen-Westerham;Landkreis Rosenheim;Bayern;091870130130;Gemeinde
Wölpinghausen;Gemeinde Wölpinghausen;Landkreis Schaumburg;Niedersachsen;032575407038;Gemeinde
Wietze;Gemeinde Wietze;Landkreis Celle;Niedersachsen;033510023023;Gemeinde
Lachendorf;Gemeinde Lachendorf;Landkreis Celle;Niedersachsen;033515403016;Gemeinde
Nustrow;Gemeinde Nustrow;Landkreis Rostock;Mecklenburg-Vorpommern;130725262076;Gemeinde
Burgjoß;Gemeindefreies Gebiet Burgjoß;Landkreis Main-Spessart;Bayern;096779452452;Gemeindefreies Gebiet
Burgsinn;Gemeinde Burgsinn;Landkreis Main-Spessart;Bayern;096775622122;Gemeinde
Fürstl.Löwenstein'scher Park;Gemeindefreies Gebiet Fürstl.Löwenstein'scher Park;Landkreis Main-Spessart;Bayern;096779456456;Gemeindefreies Gebiet
Merching;Gemeinde Merching;Landkreis Aichach-Friedberg;Bayern;097710145145;Gemeinde
Mickhausen;Gemeinde Mickhausen;Landkreis Augsburg;Bayern;097725709178;Gemeinde
Stadtbergen;Stadt Stadtbergen;Landkreis Augsburg;Bayern;097720202202;Stadt
Lauingen (Donau);Stadt Lauingen (Donau);Landkreis Dillingen a.d.Donau;Bayern;097730144144;Stadt
Hanstedt;Gemeinde Hanstedt;Landkreis Harburg;Niedersachsen;033535402016;Gemeinde
Gorleben;Gemeinde Gorleben;Landkreis Lüchow-Dannenberg;Niedersachsen;033545403007;Gemeinde
Kellmünz a.d.Iller;Gemeinde Kellmünz a.d.Iller;Landkreis Neu-Ulm;Bayern;097755740132;Gemeinde
Deisenhausen;Gemeinde Deisenhausen;Landkreis Günzburg;Bayern;097745731124;Gemeinde
Buxtehude;Stadt Buxtehude;Landkreis Stade;Niedersachsen;033590010010;Stadt
Romrod;Stadt Romrod;Landkreis Vogelsbergkreis;Hessen;065350014014;Stadt
Estorf;Gemeinde Estorf;Landkreis Stade;Niedersachsen;033595409016;Gemeinde
Barum;Gemeinde Barum;Landkreis Uelzen;Niedersachsen;033605407003;Gemeinde
Dannenfels;Gemeinde Dannenfels;Landkreis Donnersbergkreis;Rheinland-Pfalz;073335004013;Gemeinde
Eppingen;Stadt Eppingen;Landkreis Heilbronn;Baden-Württemberg;081255004026;Stadt
Leinzell;Gemeinde Leinzell;Landkreis Ostalbkreis;Baden-Württemberg;081365005040;Gemeinde
Vorwerk;Gemeinde Vorwerk;Landkreis Rotenburg (Wümme);Niedersachsen;033575407052;Gemeinde
Tarmstedt;Gemeinde Tarmstedt;Landkreis Rotenburg (Wümme);Niedersachsen;033575407047;Gemeinde
Wietzendorf;Gemeinde Wietzendorf;Landkreis Heidekreis;Niedersachsen;033580023023;Gemeinde
Hoyerswerda;Stadt Hoyerswerda;Landkreis Bautzen;Sachsen;146250240240;Stadt
Radibor;Gemeinde Radibor;Landkreis Bautzen;Sachsen;146250490490;Gemeinde
Bad Muskau;Stadt Bad Muskau;Landkreis Görlitz;Sachsen;146265203010;Stadt
Bannewitz;Gemeinde Bannewitz;Landkreis Sächsische Schweiz-Osterzgebirge;Sachsen;146280050050;Gemeinde
Diera-Zehren;Gemeinde Diera-Zehren;Landkreis Meißen;Sachsen;146270020020;Gemeinde
Meißen;Stadt Meißen;Landkreis Meißen;Sachsen;146270140140;Stadt
Alt Duvenstedt;Gemeinde Alt Duvenstedt;Kreis Rendsburg-Eckernförde;Schleswig-Holstein;010585833003;Gemeinde
Hermsdorf/Erzgeb.;Gemeinde Hermsdorf/Erzgeb.;Landkreis Sächsische Schweiz-Osterzgebirge;Sachsen;146285201170;Gemeinde
Brandis;Stadt Brandis;Landkreis Leipzig;Sachsen;147290070070;Stadt
Wurzen;Stadt Wurzen;Landkreis Leipzig;Sachsen;147290410410;Stadt
Dahlen;Stadt Dahlen;Landkreis Nordsachsen;Sachsen;147300060060;Stadt
Neuwied;Stadt Neuwied;Landkreis Neuwied;Rheinland-Pfalz;071380045045;Stadt
Haina (Kloster);Gemeinde Haina (Kloster);Landkreis Waldeck-Frankenberg;Hessen;066350013013;Gemeinde
Diemelsee;Gemeinde Diemelsee;Landkreis Waldeck-Frankenberg;Hessen;066350007007;Gemeinde
Großpösna;Gemeinde Großpösna;Landkreis Leipzig;Sachsen;147290190190;Gemeinde
Ladenburg;Stadt Ladenburg;Landkreis Rhein-Neckar-Kreis;Baden-Württemberg;082260038038;Stadt
Oberkochen;Stadt Oberkochen;Landkreis Ostalbkreis;Baden-Württemberg;081360050050;Stadt
Loffenau;Gemeinde Loffenau;Landkreis Rastatt;Baden-Württemberg;082165004029;Gemeinde
Lorch;Stadt Lorch;Landkreis Ostalbkreis;Baden-Württemberg;081360042042;Stadt
Simmozheim;Gemeinde Simmozheim;Landkreis Calw;Baden-Württemberg;082355002067;Gemeinde
Billigheim;Gemeinde Billigheim;Landkreis Neckar-Odenwald-Kreis;Baden-Württemberg;082255008009;Gemeinde
Epfenbach;Gemeinde Epfenbach;Landkreis Rhein-Neckar-Kreis;Baden-Württemberg;082265009017;Gemeinde
Elsdorf-Westermühlen;Gemeinde Elsdorf-Westermühlen;Kreis Rendsburg-Eckernförde;Schleswig-Holstein;010585847047;Gemeinde
Haiterbach;Stadt Haiterbach;Landkreis Calw;Baden-Württemberg;082355007032;Stadt
Engelsbrand;Gemeinde Engelsbrand;Landkreis Enzkreis;Baden-Württemberg;082365005013;Gemeinde
Buchenbach;Gemeinde Buchenbach;Landkreis Breisgau-Hochschwarzwald;Baden-Württemberg;083155003020;Gemeinde
Pfalzgrafenweiler;Gemeinde Pfalzgrafenweiler;Landkreis Freudenstadt;Baden-Württemberg;082375005054;Gemeinde
Mutlangen;Gemeinde Mutlangen;Landkreis Ostalbkreis;Baden-Württemberg;081365008044;Gemeinde
Lauchheim;Stadt Lauchheim;Landkreis Ostalbkreis;Baden-Württemberg;081365004038;Stadt
Waghäusel;Stadt Waghäusel;Landkreis Karlsruhe;Baden-Württemberg;082150106106;Stadt
Weiler-Simmerberg;Gemeinde Weiler-Simmerberg;Landkreis Lindau (Bodensee);Bayern;097760129129;Gemeinde
Mauerstetten;Gemeinde Mauerstetten;Landkreis Ostallgäu;Bayern;097770152152;Gemeinde
Viöl;Gemeinde Viöl;Kreis Nordfriesland;Schleswig-Holstein;010545453144;Gemeinde
Biessenhofen;Gemeinde Biessenhofen;Landkreis Ostallgäu;Bayern;097775752112;Gemeinde
Pripsleben;Gemeinde Pripsleben;Landkreis Mecklenburgische Seenplatte;Mecklenburg-Vorpommern;130715163120;Gemeinde
Furtwangen im Schwarzwald;Stadt Furtwangen im Schwarzwald;Landkreis Schwarzwald-Baar-Kreis;Baden-Württemberg;083265002017;Stadt
Tengen;Stadt Tengen;Landkreis Konstanz;Baden-Württemberg;083350080080;Stadt
Hasel;Gemeinde Hasel;Landkreis Lörrach;Baden-Württemberg;083365007034;Gemeinde
Gramzow;Gemeinde Gramzow;Landkreis Uckermark;Brandenburg;120735306225;Gemeinde
Schallbach;Gemeinde Schallbach;Landkreis Lörrach;Baden-Württemberg;083365008075;Gemeinde
Zell im Wiesental;Stadt Zell im Wiesental;Landkreis Lörrach;Baden-Württemberg;083365009103;Stadt
Windberg;Gemeinde Windberg;Landkreis Straubing-Bogen;Bayern;092785249198;Gemeinde
Sonnenbühl;Gemeinde Sonnenbühl;Landkreis Reutlingen;Baden-Württemberg;084150091091;Gemeinde
Galenbeck;Gemeinde Galenbeck;Landkreis Mecklenburgische Seenplatte;Mecklenburg-Vorpommern;130715152037;Gemeinde
Kummerow;Gemeinde Kummerow;Landkreis Mecklenburgische Seenplatte;Mecklenburg-Vorpommern;130715153084;Gemeinde
Godendorf;Gemeinde Godendorf;Landkreis Mecklenburgische Seenplatte;Mecklenburg-Vorpommern;130715156042;Gemeinde
Beseritz;Gemeinde Beseritz;Landkreis Mecklenburgische Seenplatte;Mecklenburg-Vorpommern;130715157009;Gemeinde
Bad Bibra;Stadt Bad Bibra;Landkreis Burgenlandkreis;Sachsen-Anhalt;150845051015;Stadt
Lanitz-Hassel-Tal;Gemeinde Lanitz-Hassel-Tal;Landkreis Burgenlandkreis;Sachsen-Anhalt;150845051282;Gemeinde
Oberdischingen;Gemeinde Oberdischingen;Landkreis Alb-Donau-Kreis;Baden-Württemberg;084255005088;Gemeinde
Glashütten;Gemeinde Glashütten;Landkreis Bayreuth;Bayern;094725413141;Gemeinde
Achstetten;Gemeinde Achstetten;Landkreis Biberach;Baden-Württemberg;084265005001;Gemeinde
Berkheim;Gemeinde Berkheim;Landkreis Biberach;Baden-Württemberg;084265004019;Gemeinde
Durach;Gemeinde Durach;Landkreis Oberallgäu;Bayern;097800120120;Gemeinde
Steinhausen an der Rottum;Gemeinde Steinhausen an der Rottum;Landkreis Biberach;Baden-Württemberg;084265006113;Gemeinde
Meckenbeuren;Gemeinde Meckenbeuren;Landkreis Bodenseekreis;Baden-Württemberg;084350035035;Gemeinde
Rot an der Rot;Gemeinde Rot an der Rot;Landkreis Biberach;Baden-Württemberg;084265008100;Gemeinde
Teuchern;Stadt Teuchern;Landkreis Burgenlandkreis;Sachsen-Anhalt;150840490490;Stadt
Högel;Gemeinde Högel;Kreis Nordfriesland;Schleswig-Holstein;010545494045;Gemeinde
Kolkerheide;Gemeinde Kolkerheide;Kreis Nordfriesland;Schleswig-Holstein;010545494071;Gemeinde
Ostrach;Gemeinde Ostrach;Landkreis Sigmaringen;Baden-Württemberg;084370086086;Gemeinde
Wald;Gemeinde Wald;Landkreis Sigmaringen;Baden-Württemberg;084375004118;Gemeinde
Günthersbühler Forst;Gemeindefreies Gebiet Günthersbühler Forst;Landkreis Nürnberger Land;Bayern;095749457457;Gemeindefreies Gebiet
Piding;Gemeinde Piding;Landkreis Berchtesgadener Land;Bayern;091720128128;Gemeinde
Wilhelmsdorf;Gemeinde Wilhelmsdorf;Landkreis Ravensburg;Baden-Württemberg;084365008083;Gemeinde
Hage;Gemeinde Hage;Landkreis Aurich;Niedersachsen;034525403008;Gemeinde
Essen (Oldenburg);Gemeinde Essen (Oldenburg);Landkreis Cloppenburg;Niedersachsen;034530006006;Gemeinde
Ungerhausen;Gemeinde Ungerhausen;Landkreis Unterallgäu;Bayern;097785765205;Gemeinde
Kaisheim;Gemeinde Kaisheim;Landkreis Donau-Ries;Bayern;097790169169;Gemeinde
Waldhof-Falkenstein;Gemeinde Waldhof-Falkenstein;Landkreis Eifelkreis Bitburg-Prüm;Rheinland-Pfalz;072325005130;Gemeinde
Heidmoor;Gemeinde Heidmoor;Kreis Segeberg;Schleswig-Holstein;010605005037;Gemeinde
Lentföhrden;Gemeinde Lentföhrden;Kreis Segeberg;Schleswig-Holstein;010605043054;Gemeinde
Oering;Gemeinde Oering;Kreis Segeberg;Schleswig-Holstein;010605034065;Gemeinde
Irrel;Gemeinde Irrel;Landkreis Eifelkreis Bitburg-Prüm;Rheinland-Pfalz;072325005063;Gemeinde
Ohrum;Gemeinde Ohrum;Landkreis Wolfenbüttel;Niedersachsen;031585403023;Gemeinde
Lambertsberg;Gemeinde Lambertsberg;Landkreis Eifelkreis Bitburg-Prüm;Rheinland-Pfalz;072325001254;Gemeinde
Rottenbuch;Gemeinde Rottenbuch;Landkreis Weilheim-Schongau;Bayern;091905178145;Gemeinde
Lauperath;Gemeinde Lauperath;Landkreis Eifelkreis Bitburg-Prüm;Rheinland-Pfalz;072325001258;Gemeinde
Burgwalde;Gemeinde Burgwalde;Landkreis Eichsfeld;Thüringen;160615008021;Gemeinde
Rohrberg;Gemeinde Rohrberg;Landkreis Eichsfeld;Thüringen;160615008078;Gemeinde
Steinbach;Gemeinde Steinbach;Landkreis Eichsfeld;Thüringen;160615009089;Gemeinde
Lichtenfels;Stadt Lichtenfels;Landkreis Lichtenfels;Bayern;094780139139;Stadt
Birkach;Gemeindefreies Gebiet Birkach;Landkreis Erlangen-Höchstadt;Bayern;095729451451;Gemeindefreies Gebiet
Creußen;Stadt Creußen;Landkreis Bayreuth;Bayern;094725416127;Stadt
Berlin;Stadt Berlin;Kreisfreie Stadt Berlin;Berlin;110000000000;Stadt
Rossin;Gemeinde Rossin;Landkreis Vorpommern-Greifswald;Mecklenburg-Vorpommern;130755553116;Gemeinde
Olbernhau;Stadt Olbernhau;Landkreis Erzgebirgskreis;Sachsen;145210460460;Stadt
Wiedenborstel;Gemeinde Wiedenborstel;Kreis Steinburg;Schleswig-Holstein;010615189111;Gemeinde
Wettin-Löbejün;Stadt Wettin-Löbejün;Landkreis Saalekreis;Sachsen-Anhalt;150880216216;Stadt
Lengerich;Gemeinde Lengerich;Landkreis Emsland;Niedersachsen;034545405031;Gemeinde
Lage;Gemeinde Lage;Landkreis Grafschaft Bentheim;Niedersachsen;034565402013;Gemeinde
Rohrsen;Gemeinde Rohrsen;Landkreis Nienburg (Weser);Niedersachsen;032565402027;Gemeinde
Krempermoor;Gemeinde Krempermoor;Kreis Steinburg;Schleswig-Holstein;010615153057;Gemeinde
Kremperheide;Gemeinde Kremperheide;Kreis Steinburg;Schleswig-Holstein;010615153056;Gemeinde
Welt;Gemeinde Welt;Kreis Nordfriesland;Schleswig-Holstein;010545417148;Gemeinde
Rosdorf;Gemeinde Rosdorf;Kreis Steinburg;Schleswig-Holstein;010615189093;Gemeinde
Mörsdorf;Gemeinde Mörsdorf;Landkreis Saale-Holzland-Kreis;Thüringen;160745014059;Gemeinde
Roth;Gemeinde Roth;Landkreis Altenkirchen (Westerwald);Rheinland-Pfalz;071325006096;Gemeinde
Scheuerfeld;Gemeinde Scheuerfeld;Landkreis Altenkirchen (Westerwald);Rheinland-Pfalz;071325009098;Gemeinde
Eichen;Gemeinde Eichen;Landkreis Altenkirchen (Westerwald);Rheinland-Pfalz;071325010023;Gemeinde
Hauroth;Gemeinde Hauroth;Landkreis Cochem-Zell;Rheinland-Pfalz;071355002040;Gemeinde
Bassenheim;Gemeinde Bassenheim;Landkreis Mayen-Koblenz;Rheinland-Pfalz;071375008202;Gemeinde
Brey;Gemeinde Brey;Landkreis Mayen-Koblenz;Rheinland-Pfalz;071375009204;Gemeinde
Walheim;Gemeinde Walheim;Landkreis Ludwigsburg;Baden-Württemberg;081185001074;Gemeinde
Mauschbach;Gemeinde Mauschbach;Landkreis Südwestpfalz;Rheinland-Pfalz;073405008218;Gemeinde
Laboe;Gemeinde Laboe;Kreis Plön;Schleswig-Holstein;010575755043;Gemeinde
Ober-Flörsheim;Gemeinde Ober-Flörsheim;Landkreis Alzey-Worms;Rheinland-Pfalz;073315001052;Gemeinde
Siefersheim;Gemeinde Siefersheim;Landkreis Alzey-Worms;Rheinland-Pfalz;073315005060;Gemeinde
Gimbsheim;Gemeinde Gimbsheim;Landkreis Alzey-Worms;Rheinland-Pfalz;073315002034;Gemeinde
Walldorf;Stadt Walldorf;Landkreis Rhein-Neckar-Kreis;Baden-Württemberg;082260095095;Stadt
Wilhelmsfeld;Gemeinde Wilhelmsfeld;Landkreis Rhein-Neckar-Kreis;Baden-Württemberg;082265007099;Gemeinde
Leimen;Stadt Leimen;Landkreis Rhein-Neckar-Kreis;Baden-Württemberg;082260041041;Stadt
Plankstadt;Gemeinde Plankstadt;Landkreis Rhein-Neckar-Kreis;Baden-Württemberg;082260063063;Gemeinde
Ottendorf;Gemeinde Ottendorf;Kreis Rendsburg-Eckernförde;Schleswig-Holstein;010585803126;Gemeinde
Vögelsen;Gemeinde Vögelsen;Landkreis Lüneburg;Niedersachsen;033555402039;Gemeinde
Niederburg;Gemeinde Niederburg;Landkreis Rhein-Hunsrück-Kreis;Rheinland-Pfalz;071405009104;Gemeinde
Dahlheim;Gemeinde Dahlheim;Landkreis Rhein-Lahn-Kreis;Rheinland-Pfalz;071415009024;Gemeinde
Oberbachheim;Gemeinde Oberbachheim;Landkreis Rhein-Lahn-Kreis;Rheinland-Pfalz;071415007100;Gemeinde
Arzbach;Gemeinde Arzbach;Landkreis Rhein-Lahn-Kreis;Rheinland-Pfalz;071415010201;Gemeinde
Reipoltskirchen;Gemeinde Reipoltskirchen;Landkreis Kusel;Rheinland-Pfalz;073365008085;Gemeinde
Gutenacker;Gemeinde Gutenacker;Landkreis Rhein-Lahn-Kreis;Rheinland-Pfalz;071415011050;Gemeinde
Lohrheim;Gemeinde Lohrheim;Landkreis Rhein-Lahn-Kreis;Rheinland-Pfalz;071415011081;Gemeinde
Bölsberg;Gemeinde Bölsberg;Landkreis Westerwaldkreis;Rheinland-Pfalz;071435001211;Gemeinde
Bertsdorf-Hörnitz;Gemeinde Bertsdorf-Hörnitz;Landkreis Görlitz;Sachsen;146265227050;Gemeinde
Karrenzin;Gemeinde Karrenzin;Landkreis Ludwigslust-Parchim;Mecklenburg-Vorpommern;130765662068;Gemeinde
Badenweiler;Gemeinde Badenweiler;Landkreis Breisgau-Hochschwarzwald;Baden-Württemberg;083155012007;Gemeinde
Insul;Gemeinde Insul;Landkreis Ahrweiler;Rheinland-Pfalz;071315001034;Gemeinde
Mittelhof;Gemeinde Mittelhof;Landkreis Altenkirchen (Westerwald);Rheinland-Pfalz;071325008011;Gemeinde
Klotten;Gemeinde Klotten;Landkreis Cochem-Zell;Rheinland-Pfalz;071355001049;Gemeinde
Plaidt;Gemeinde Plaidt;Landkreis Mayen-Koblenz;Rheinland-Pfalz;071375001088;Gemeinde
Rieden;Gemeinde Rieden;Landkreis Mayen-Koblenz;Rheinland-Pfalz;071375004093;Gemeinde
Simmershofen;Gemeinde Simmershofen;Landkreis Neustadt a.d.Aisch-Bad Windsheim;Bayern;095755519163;Gemeinde
Gutenstetten;Gemeinde Gutenstetten;Landkreis Neustadt a.d.Aisch-Bad Windsheim;Bayern;095755521128;Gemeinde
Bartenshagen-Parkentin;Gemeinde Bartenshagen-Parkentin;Landkreis Rostock;Mecklenburg-Vorpommern;130725251007;Gemeinde
Plaaz;Gemeinde Plaaz;Landkreis Rostock;Mecklenburg-Vorpommern;130725255079;Gemeinde
Offenhausen;Gemeinde Offenhausen;Landkreis Nürnberger Land;Bayern;095745529145;Gemeinde
Sarzbüttel;Gemeinde Sarzbüttel;Kreis Dithmarschen;Schleswig-Holstein;010515175098;Gemeinde
Pruchten;Gemeinde Pruchten;Landkreis Vorpommern-Rügen;Mecklenburg-Vorpommern;130735352069;Gemeinde
Preetz;Gemeinde Preetz;Landkreis Vorpommern-Rügen;Mecklenburg-Vorpommern;130735351066;Gemeinde
Bernried am Starnberger See;Gemeinde Bernried am Starnberger See;Landkreis Weilheim-Schongau;Bayern;091900115115;Gemeinde
Grassau;Gemeinde Grassau;Landkreis Traunstein;Bayern;091890120120;Gemeinde
Gumperda;Gemeinde Gumperda;Landkreis Saale-Holzland-Kreis;Thüringen;160745011034;Gemeinde
Obersöchering;Gemeinde Obersöchering;Landkreis Weilheim-Schongau;Bayern;091905176136;Gemeinde
Kluis;Gemeinde Kluis;Landkreis Vorpommern-Rügen;Mecklenburg-Vorpommern;130735362045;Gemeinde
Muldenhammer;Gemeinde Muldenhammer;Landkreis Vogtlandkreis;Sachsen;145230245245;Gemeinde
Oberpöring;Gemeinde Oberpöring;Landkreis Deggendorf;Bayern;092715204139;Gemeinde
Jesendorf;Gemeinde Jesendorf;Landkreis Nordwestmecklenburg;Mecklenburg-Vorpommern;130745457036;Gemeinde
Carlow;Gemeinde Carlow;Landkreis Nordwestmecklenburg;Mecklenburg-Vorpommern;130745458013;Gemeinde
Neuschönau;Gemeinde Neuschönau;Landkreis Freyung-Grafenau;Bayern;092720146146;Gemeinde
Siemz-Niendorf;Gemeinde Siemz-Niendorf;Landkreis Nordwestmecklenburg;Mecklenburg-Vorpommern;130745459094;Gemeinde
Ihrlerstein;Gemeinde Ihrlerstein;Landkreis Kelheim;Bayern;092735215133;Gemeinde
Bargischow;Gemeinde Bargischow;Landkreis Vorpommern-Greifswald;Mecklenburg-Vorpommern;130755553007;Gemeinde
Pausa-Mühltroff;Stadt Pausa-Mühltroff;Landkreis Vogtlandkreis;Sachsen;145230310310;Stadt
Butzow;Gemeinde Butzow;Landkreis Vorpommern-Greifswald;Mecklenburg-Vorpommern;130755553022;Gemeinde
Ergolding;Gemeinde Ergolding;Landkreis Landshut;Bayern;092740126126;Gemeinde
Postlow;Gemeinde Postlow;Landkreis Vorpommern-Greifswald;Mecklenburg-Vorpommern;130755553110;Gemeinde
Koserow;Gemeinde Koserow;Landkreis Vorpommern-Greifswald;Mecklenburg-Vorpommern;130755562066;Gemeinde
Drachselsried;Gemeinde Drachselsried;Landkreis Regen;Bayern;092760120120;Gemeinde
Trassenheide;Gemeinde Trassenheide;Landkreis Vorpommern-Greifswald;Mecklenburg-Vorpommern;130755561133;Gemeinde
Ferdinandshof;Gemeinde Ferdinandshof;Landkreis Vorpommern-Greifswald;Mecklenburg-Vorpommern;130755559033;Gemeinde
Bischofrod;Gemeinde Bischofrod;Landkreis Hildburghausen;Thüringen;160695002004;Gemeinde
Grafenwiesen;Gemeinde Grafenwiesen;Landkreis Cham;Bayern;093720130130;Gemeinde
Rattenberg;Gemeinde Rattenberg;Landkreis Straubing-Bogen;Bayern;092780178178;Gemeinde
Brunsmark;Gemeinde Brunsmark;Kreis Herzogtum Lauenburg;Schleswig-Holstein;010535358016;Gemeinde
Parkstein;Gemeinde Parkstein;Landkreis Neustadt a.d.Waldnaab;Bayern;093745323144;Gemeinde
Viereth-Trunstadt;Gemeinde Viereth-Trunstadt;Landkreis Bamberg;Bayern;094710207207;Gemeinde
Barbing;Gemeinde Barbing;Landkreis Regensburg;Bayern;093750117117;Gemeinde
Pirk;Gemeinde Pirk;Landkreis Neustadt a.d.Waldnaab;Bayern;093745329146;Gemeinde
Trausnitz;Gemeinde Trausnitz;Landkreis Schwandorf;Bayern;093765343173;Gemeinde
Klein Rogahn;Gemeinde Klein Rogahn;Landkreis Ludwigslust-Parchim;Mecklenburg-Vorpommern;130765665071;Gemeinde
Reinsdorf;Gemeinde Reinsdorf;Landkreis Zwickau;Sachsen;145240250250;Gemeinde
Kemnath;Stadt Kemnath;Landkreis Tirschenreuth;Bayern;093775348129;Stadt
Neusorg;Gemeinde Neusorg;Landkreis Tirschenreuth;Bayern;093775349143;Gemeinde
Vielank;Gemeinde Vielank;Landkreis Ludwigslust-Parchim;Mecklenburg-Vorpommern;130765654143;Gemeinde
Uelitz;Gemeinde Uelitz;Landkreis Ludwigslust-Parchim;Mecklenburg-Vorpommern;130765659141;Gemeinde
Neu Poserin;Gemeinde Neu Poserin;Landkreis Ludwigslust-Parchim;Mecklenburg-Vorpommern;130765656104;Gemeinde
Eldena;Gemeinde Eldena;Landkreis Ludwigslust-Parchim;Mecklenburg-Vorpommern;130765657037;Gemeinde
Borkow;Gemeinde Borkow;Landkreis Ludwigslust-Parchim;Mecklenburg-Vorpommern;130765664015;Gemeinde
Linda b.Weida;Gemeinde Linda b.Weida;Landkreis Greiz;Thüringen;160765004043;Gemeinde
Großweitzschen;Gemeinde Großweitzschen;Landkreis Mittelsachsen;Sachsen;145220220220;Gemeinde
Leisnig;Stadt Leisnig;Landkreis Mittelsachsen;Sachsen;145220310310;Stadt
Karlshagen;Gemeinde Karlshagen;Landkreis Vorpommern-Greifswald;Mecklenburg-Vorpommern;130755561058;Gemeinde
Erdweg;Gemeinde Erdweg;Landkreis Dachau;Bayern;091740118118;Gemeinde
Merxheim;Gemeinde Merxheim;Landkreis Bad Kreuznach;Rheinland-Pfalz;071335010066;Gemeinde
Nußbaum;Gemeinde Nußbaum;Landkreis Bad Kreuznach;Rheinland-Pfalz;071335010072;Gemeinde
Gutenberg;Gemeinde Gutenberg;Landkreis Bad Kreuznach;Rheinland-Pfalz;071335006036;Gemeinde
Krefeld;Stadt Krefeld;Kreisfreie Stadt Krefeld;Nordrhein-Westfalen;051140000000;Stadt
Kollow;Gemeinde Kollow;Kreis Herzogtum Lauenburg;Schleswig-Holstein;010535373071;Gemeinde
Uedem;Gemeinde Uedem;Kreis Kleve;Nordrhein-Westfalen;051540056056;Gemeinde
Sahms;Gemeinde Sahms;Kreis Herzogtum Lauenburg;Schleswig-Holstein;010535373106;Gemeinde
Alpen;Gemeinde Alpen;Kreis Wesel;Nordrhein-Westfalen;051700004004;Gemeinde
Voerde (Niederrhein);Stadt Voerde (Niederrhein);Kreis Wesel;Nordrhein-Westfalen;051700044044;Stadt
Liebenscheid;Gemeinde Liebenscheid;Landkreis Westerwaldkreis;Rheinland-Pfalz;071435006256;Gemeinde
Giesdorf;Gemeinde Giesdorf;Landkreis Eifelkreis Bitburg-Prüm;Rheinland-Pfalz;072325006224;Gemeinde
Heinsdorfergrund;Gemeinde Heinsdorfergrund;Landkreis Vogtlandkreis;Sachsen;145235125150;Gemeinde
Swisttal;Gemeinde Swisttal;Kreis Rhein-Sieg-Kreis;Nordrhein-Westfalen;053820064064;Gemeinde
Jülich;Stadt Jülich;Kreis Düren;Nordrhein-Westfalen;053580024024;Stadt
Dahlem;Gemeinde Dahlem;Kreis Euskirchen;Nordrhein-Westfalen;053660012012;Gemeinde
Bellingen;Gemeinde Bellingen;Landkreis Westerwaldkreis;Rheinland-Pfalz;071435009207;Gemeinde
Halbs;Gemeinde Halbs;Landkreis Westerwaldkreis;Rheinland-Pfalz;071435009233;Gemeinde
Härtlingen;Gemeinde Härtlingen;Landkreis Westerwaldkreis;Rheinland-Pfalz;071435009230;Gemeinde
Horstmar;Stadt Horstmar;Kreis Steinfurt;Nordrhein-Westfalen;055660024024;Stadt
Laer;Gemeinde Laer;Kreis Steinfurt;Nordrhein-Westfalen;055660036036;Gemeinde
Rheine;Stadt Rheine;Kreis Steinfurt;Nordrhein-Westfalen;055660076076;Stadt
Schloß Holte-Stukenbrock;Stadt Schloß Holte-Stukenbrock;Kreis Gütersloh;Nordrhein-Westfalen;057540036036;Stadt
Schlüsselfeld;Stadt Schlüsselfeld;Landkreis Bamberg;Bayern;094710220220;Stadt
Bindlach;Gemeinde Bindlach;Landkreis Bayreuth;Bayern;094720119119;Gemeinde
Bischofsgrün;Gemeinde Bischofsgrün;Landkreis Bayreuth;Bayern;094720121121;Gemeinde
Damshagen;Gemeinde Damshagen;Landkreis Nordwestmecklenburg;Mecklenburg-Vorpommern;130745454016;Gemeinde
Mückeln;Gemeinde Mückeln;Landkreis Vulkaneifel;Rheinland-Pfalz;072335001046;Gemeinde
Ahorn;Gemeinde Ahorn;Landkreis Coburg;Bayern;094730112112;Gemeinde
Sarmersbach;Gemeinde Sarmersbach;Landkreis Vulkaneifel;Rheinland-Pfalz;072335001061;Gemeinde
Leutenbach;Gemeinde Leutenbach;Landkreis Forchheim;Bayern;094745423147;Gemeinde
Forchheim;Stadt Forchheim;Landkreis Forchheim;Bayern;094740126126;Stadt
Zehrental;Gemeinde Zehrental;Landkreis Stendal;Sachsen-Anhalt;150905053635;Gemeinde
Langensendelbach;Gemeinde Langensendelbach;Landkreis Forchheim;Bayern;094740146146;Gemeinde
Leinefelde-Worbis;Stadt Leinefelde-Worbis;Landkreis Eichsfeld;Thüringen;160610115115;Stadt
Bochum;Stadt Bochum;Kreisfreie Stadt Bochum;Nordrhein-Westfalen;059110000000;Stadt
Menden (Sauerland);Stadt Menden (Sauerland);Kreis Märkischer Kreis;Nordrhein-Westfalen;059620040040;Stadt
Bad Soden-Salmünster;Stadt Bad Soden-Salmünster;Landkreis Main-Kinzig-Kreis;Hessen;064350002002;Stadt
Reichsthal;Gemeinde Reichsthal;Landkreis Donnersbergkreis;Rheinland-Pfalz;073335007202;Gemeinde
Drolshagen;Stadt Drolshagen;Kreis Olpe;Nordrhein-Westfalen;059660008008;Stadt
Feusdorf;Gemeinde Feusdorf;Landkreis Vulkaneifel;Rheinland-Pfalz;072335006023;Gemeinde
Bruchköbel;Stadt Bruchköbel;Landkreis Main-Kinzig-Kreis;Hessen;064350006006;Stadt
Gerbach;Gemeinde Gerbach;Landkreis Donnersbergkreis;Rheinland-Pfalz;073335007025;Gemeinde
Dielkirchen;Gemeinde Dielkirchen;Landkreis Donnersbergkreis;Rheinland-Pfalz;073335007014;Gemeinde
Balve;Stadt Balve;Kreis Märkischer Kreis;Nordrhein-Westfalen;059620008008;Stadt
Sinntal;Gemeinde Sinntal;Landkreis Main-Kinzig-Kreis;Hessen;064350027027;Gemeinde
Fernwald;Gemeinde Fernwald;Landkreis Gießen;Hessen;065310004004;Gemeinde
Schwabenheim an der Selz;Gemeinde Schwabenheim an der Selz;Landkreis Mainz-Bingen;Rheinland-Pfalz;073395003051;Gemeinde
Siegbach;Gemeinde Siegbach;Landkreis Lahn-Dill-Kreis;Hessen;065320019019;Gemeinde
Kirchenlamitz;Stadt Kirchenlamitz;Landkreis Wunsiedel i.Fichtelgebirge;Bayern;094790129129;Stadt
Hofbieber;Gemeinde Hofbieber;Landkreis Fulda;Hessen;066310013013;Gemeinde
Tann (Rhön);Stadt Tann (Rhön);Landkreis Fulda;Hessen;066310023023;Stadt
Bobenthal;Gemeinde Bobenthal;Landkreis Südwestpfalz;Rheinland-Pfalz;073405001001;Gemeinde
Bad Karlshafen;Stadt Bad Karlshafen;Landkreis Kassel;Hessen;066330002002;Stadt
Baunatal;Stadt Baunatal;Landkreis Kassel;Hessen;066330003003;Stadt
Habichtswald;Gemeinde Habichtswald;Landkreis Kassel;Hessen;066330011011;Gemeinde
Eitensheim;Gemeinde Eitensheim;Landkreis Eichstätt;Bayern;091765116124;Gemeinde
Pollenfeld;Gemeinde Pollenfeld;Landkreis Eichstätt;Bayern;091765115155;Gemeinde
Wachenroth;Gemeinde Wachenroth;Landkreis Erlangen-Höchstadt;Bayern;095720160160;Gemeinde
Lonnerstadt;Gemeinde Lonnerstadt;Landkreis Erlangen-Höchstadt;Bayern;095725510139;Gemeinde
Hohen Demzin;Gemeinde Hohen Demzin;Landkreis Rostock;Mecklenburg-Vorpommern;130725258045;Gemeinde
Althegnenberg;Gemeinde Althegnenberg;Landkreis Fürstenfeldbruck;Bayern;091795131114;Gemeinde
Eching am Ammersee;Gemeinde Eching am Ammersee;Landkreis Landsberg am Lech;Bayern;091815143115;Gemeinde
Jördenstorf;Gemeinde Jördenstorf;Landkreis Rostock;Mecklenburg-Vorpommern;130725258049;Gemeinde
Oberweid;Gemeinde Oberweid;Landkreis Schmalkalden-Meiningen;Thüringen;160665005052;Gemeinde
Bad Kohlgrub;Gemeinde Bad Kohlgrub;Landkreis Garmisch-Partenkirchen;Bayern;091800112112;Gemeinde
Windach;Gemeinde Windach;Landkreis Landsberg am Lech;Bayern;091815144146;Gemeinde
Poggensee;Gemeinde Poggensee;Kreis Herzogtum Lauenburg;Schleswig-Holstein;010535391099;Gemeinde
Thürkow;Gemeinde Thürkow;Landkreis Rostock;Mecklenburg-Vorpommern;130725258109;Gemeinde
Werra-Suhl-Tal;Stadt Werra-Suhl-Tal;Landkreis Wartburgkreis;Thüringen;160630103103;Stadt
Bad Tennstedt;Stadt Bad Tennstedt;Landkreis Unstrut-Hainich-Kreis;Thüringen;160645001004;Stadt
Steinbach-Hallenberg;Stadt Steinbach-Hallenberg;Landkreis Schmalkalden-Meiningen;Thüringen;160660069069;Stadt
Bad Langensalza;Stadt Bad Langensalza;Landkreis Unstrut-Hainich-Kreis;Thüringen;160640003003;Stadt
Birx;Gemeinde Birx;Landkreis Schmalkalden-Meiningen;Thüringen;160665005012;Gemeinde
Friedrichroda;Stadt Friedrichroda;Landkreis Gotha;Thüringen;160670019019;Stadt
Weinähr;Gemeinde Weinähr;Landkreis Rhein-Lahn-Kreis;Rheinland-Pfalz;071415010135;Gemeinde
Gräfenthal;Stadt Gräfenthal;Landkreis Saalfeld-Rudolstadt;Thüringen;160735005028;Stadt
Mohlsdorf-Teichwolframsdorf;Gemeinde Mohlsdorf-Teichwolframsdorf;Landkreis Greiz;Thüringen;160760093093;Gemeinde
Keila;Gemeinde Keila;Landkreis Saale-Orla-Kreis;Thüringen;160755013047;Gemeinde
Teupitz;Stadt Teupitz;Landkreis Dahme-Spreewald;Brandenburg;120615108492;Stadt
Münchehofe;Gemeinde Münchehofe;Landkreis Dahme-Spreewald;Brandenburg;120615108344;Gemeinde
Schönwald;Gemeinde Schönwald;Landkreis Dahme-Spreewald;Brandenburg;120615114435;Gemeinde
Kleßen-Görne;Gemeinde Kleßen-Görne;Landkreis Havelland;Brandenburg;120635309161;Gemeinde
Schipkau;Gemeinde Schipkau;Landkreis Oberspreewald-Lausitz;Brandenburg;120660285285;Gemeinde
Grünheide (Mark);Gemeinde Grünheide (Mark);Landkreis Oder-Spree;Brandenburg;120670201201;Gemeinde
Warnkenhagen;Gemeinde Warnkenhagen;Landkreis Rostock;Mecklenburg-Vorpommern;130725258113;Gemeinde
Neißemünde;Gemeinde Neißemünde;Landkreis Oder-Spree;Brandenburg;120675705338;Gemeinde
Haale;Gemeinde Haale;Kreis Rendsburg-Eckernförde;Schleswig-Holstein;010585853068;Gemeinde
Miesbach;Stadt Miesbach;Landkreis Miesbach;Bayern;091820125125;Stadt
Kremmen;Stadt Kremmen;Landkreis Oberhavel;Brandenburg;120650165165;Stadt
Schlaubetal;Gemeinde Schlaubetal;Landkreis Oder-Spree;Brandenburg;120675708438;Gemeinde
Neulewin;Gemeinde Neulewin;Landkreis Märkisch-Oderland;Brandenburg;120645414349;Gemeinde
Gräfelfing;Gemeinde Gräfelfing;Landkreis München;Bayern;091840120120;Gemeinde
Ellerstadt;Gemeinde Ellerstadt;Landkreis Bad Dürkheim;Rheinland-Pfalz;073325006013;Gemeinde
Fehrbellin;Gemeinde Fehrbellin;Landkreis Ostprignitz-Ruppin;Brandenburg;120680117117;Gemeinde
Lichtenberg/Erzgeb.;Gemeinde Lichtenberg/Erzgeb.;Landkreis Mittelsachsen;Sachsen;145225113340;Gemeinde
Peitz;Stadt Peitz;Landkreis Spree-Neiße;Brandenburg;120715107304;Stadt
Pinnow;Gemeinde Pinnow;Landkreis Uckermark;Brandenburg;120735051440;Gemeinde
Herschberg;Gemeinde Herschberg;Landkreis Südwestpfalz;Rheinland-Pfalz;073405009017;Gemeinde
Hildrizhausen;Gemeinde Hildrizhausen;Landkreis Böblingen;Baden-Württemberg;081155004022;Gemeinde
Hohenstadt;Gemeinde Hohenstadt;Landkreis Göppingen;Baden-Württemberg;081175007031;Gemeinde
Markgröningen;Stadt Markgröningen;Landkreis Ludwigsburg;Baden-Württemberg;081180050050;Stadt
Freisbach;Gemeinde Freisbach;Landkreis Germersheim;Rheinland-Pfalz;073345005006;Gemeinde
Kandel;Stadt Kandel;Landkreis Germersheim;Rheinland-Pfalz;073345004013;Stadt
Kollweiler;Gemeinde Kollweiler;Landkreis Kaiserslautern;Rheinland-Pfalz;073355009019;Gemeinde
Ramstein-Miesenbach;Stadt Ramstein-Miesenbach;Landkreis Kaiserslautern;Rheinland-Pfalz;073355008038;Stadt
Sankt Julian;Gemeinde Sankt Julian;Landkreis Kusel;Rheinland-Pfalz;073365008095;Gemeinde
Albersweiler;Gemeinde Albersweiler;Landkreis Südliche Weinstraße;Rheinland-Pfalz;073375001001;Gemeinde
Böbingen;Gemeinde Böbingen;Landkreis Südliche Weinstraße;Rheinland-Pfalz;073375003011;Gemeinde
Hargarten;Gemeinde Hargarten;Landkreis Eifelkreis Bitburg-Prüm;Rheinland-Pfalz;072325001233;Gemeinde
Altdorf;Gemeinde Altdorf;Landkreis Südliche Weinstraße;Rheinland-Pfalz;073375003002;Gemeinde
Orenhofen;Gemeinde Orenhofen;Landkreis Eifelkreis Bitburg-Prüm;Rheinland-Pfalz;072325007289;Gemeinde
Preischeid;Gemeinde Preischeid;Landkreis Eifelkreis Bitburg-Prüm;Rheinland-Pfalz;072325001294;Gemeinde
Birresborn;Gemeinde Birresborn;Landkreis Vulkaneifel;Rheinland-Pfalz;072335006204;Gemeinde
Brickeln;Gemeinde Brickeln;Kreis Dithmarschen;Schleswig-Holstein;010515163010;Gemeinde
Großhansdorf;Gemeinde Großhansdorf;Kreis Stormarn;Schleswig-Holstein;010620023023;Gemeinde
Garding;Stadt Garding;Kreis Nordfriesland;Schleswig-Holstein;010545417036;Stadt
Gremersdorf;Gemeinde Gremersdorf;Kreis Ostholstein;Schleswig-Holstein;010555543015;Gemeinde
Altenkrempe;Gemeinde Altenkrempe;Kreis Ostholstein;Schleswig-Holstein;010555591002;Gemeinde
Halstenbek;Gemeinde Halstenbek;Kreis Pinneberg;Schleswig-Holstein;010560018018;Gemeinde
Behrensdorf (Ostsee);Gemeinde Behrensdorf (Ostsee);Kreis Plön;Schleswig-Holstein;010575727004;Gemeinde
Bennhausen;Gemeinde Bennhausen;Landkreis Donnersbergkreis;Rheinland-Pfalz;073335004005;Gemeinde
Dobersdorf;Gemeinde Dobersdorf;Kreis Plön;Schleswig-Holstein;010575775016;Gemeinde
Belau;Gemeinde Belau;Kreis Plön;Schleswig-Holstein;010575785005;Gemeinde
Thumby;Gemeinde Thumby;Kreis Rendsburg-Eckernförde;Schleswig-Holstein;010585893162;Gemeinde
Aukrug;Gemeinde Aukrug;Kreis Rendsburg-Eckernförde;Schleswig-Holstein;010585895009;Gemeinde
Klein Bennebek;Gemeinde Klein Bennebek;Kreis Schleswig-Flensburg;Schleswig-Holstein;010595996050;Gemeinde
Windeby;Gemeinde Windeby;Kreis Rendsburg-Eckernförde;Schleswig-Holstein;010585893173;Gemeinde
Böhnhusen;Gemeinde Böhnhusen;Kreis Rendsburg-Eckernförde;Schleswig-Holstein;010585896019;Gemeinde
Merkelbach;Gemeinde Merkelbach;Landkreis Westerwaldkreis;Rheinland-Pfalz;071435002262;Gemeinde
Nieby;Gemeinde Nieby;Kreis Schleswig-Flensburg;Schleswig-Holstein;010595990147;Gemeinde
Travenhorst;Gemeinde Travenhorst;Kreis Segeberg;Schleswig-Holstein;010605086090;Gemeinde
Langenhagen;Stadt Langenhagen;Landkreis Region Hannover;Niedersachsen;032410010010;Stadt
Wahrenholz;Gemeinde Wahrenholz;Landkreis Gifhorn;Niedersachsen;031515407036;Gemeinde
Süpplingen;Gemeinde Süpplingen;Landkreis Helmstedt;Niedersachsen;031545403021;Gemeinde
Süpplingenburg;Gemeinde Süpplingenburg;Landkreis Helmstedt;Niedersachsen;031545403022;Gemeinde
Bodensee;Gemeinde Bodensee;Landkreis Göttingen;Niedersachsen;031595402006;Gemeinde
Gieboldehausen;Gemeinde Gieboldehausen;Landkreis Göttingen;Niedersachsen;031595402014;Gemeinde
Elbingerode;Gemeinde Elbingerode;Landkreis Göttingen;Niedersachsen;031595403012;Gemeinde
Burgdorf;Stadt Burgdorf;Landkreis Region Hannover;Niedersachsen;032410003003;Stadt
Aubstadt;Gemeinde Aubstadt;Landkreis Rhön-Grabfeld;Bayern;096735634113;Gemeinde
Bundorfer Forst;Gemeindefreies Gebiet Bundorfer Forst;Landkreis Rhön-Grabfeld;Bayern;096739451451;Gemeindefreies Gebiet
Sand a.Main;Gemeinde Sand a.Main;Landkreis Haßberge;Bayern;096740195195;Gemeinde
Rehhorst;Gemeinde Rehhorst;Kreis Stormarn;Schleswig-Holstein;010625244059;Gemeinde
Biberbach;Gemeinde Biberbach;Landkreis Augsburg;Bayern;097720121121;Gemeinde
Ramsthal;Gemeinde Ramsthal;Landkreis Bad Kissingen;Bayern;096725608142;Gemeinde
Drebber;Gemeinde Drebber;Landkreis Diepholz;Niedersachsen;032515402013;Gemeinde
Wetschen;Gemeinde Wetschen;Landkreis Diepholz;Niedersachsen;032515405046;Gemeinde
Bücken;Gemeinde Bücken;Landkreis Nienburg (Weser);Niedersachsen;032565409003;Gemeinde
Obernkirchen;Stadt Obernkirchen;Landkreis Schaumburg;Niedersachsen;032570028028;Stadt
Wietzen;Gemeinde Wietzen;Landkreis Nienburg (Weser);Niedersachsen;032565411036;Gemeinde
Rotter Forst-Süd;Gemeindefreies Gebiet Rotter Forst-Süd;Landkreis Rosenheim;Bayern;091879452452;Gemeindefreies Gebiet
Breitbrunn a.Chiemsee;Gemeinde Breitbrunn a.Chiemsee;Landkreis Rosenheim;Bayern;091875160121;Gemeinde
Petersdorf;Gemeinde Petersdorf;Landkreis Aichach-Friedberg;Bayern;097715701155;Gemeinde
Bonstetten;Gemeinde Bonstetten;Landkreis Augsburg;Bayern;097725707126;Gemeinde
Eurasburg;Gemeinde Eurasburg;Landkreis Aichach-Friedberg;Bayern;097715704129;Gemeinde
Kutzenhausen;Gemeinde Kutzenhausen;Landkreis Augsburg;Bayern;097720167167;Gemeinde
Dierbach;Gemeinde Dierbach;Landkreis Südliche Weinstraße;Rheinland-Pfalz;073375002018;Gemeinde
Wendisch Evern;Gemeinde Wendisch Evern;Landkreis Lüneburg;Niedersachsen;033555406040;Gemeinde
Burgau;Stadt Burgau;Landkreis Günzburg;Bayern;097740121121;Stadt
Eltville am Rhein;Stadt Eltville am Rhein;Landkreis Rheingau-Taunus-Kreis;Hessen;064390003003;Stadt
Heinbockel;Gemeinde Heinbockel;Landkreis Stade;Niedersachsen;033595409024;Gemeinde
Himmelpforten;Gemeinde Himmelpforten;Landkreis Stade;Niedersachsen;033595409025;Gemeinde
Burgwald;Gemeinde Burgwald;Landkreis Waldeck-Frankenberg;Hessen;066350006006;Gemeinde
Allmersbach im Tal;Gemeinde Allmersbach im Tal;Landkreis Rems-Murr-Kreis;Baden-Württemberg;081195001003;Gemeinde
Bad Rappenau;Stadt Bad Rappenau;Landkreis Heilbronn;Baden-Württemberg;081255002006;Stadt
Bretzfeld;Gemeinde Bretzfeld;Landkreis Hohenlohekreis;Baden-Württemberg;081260011011;Gemeinde
Lübberstedt;Gemeinde Lübberstedt;Landkreis Osterholz;Niedersachsen;033565401006;Gemeinde
Neuenstein;Stadt Neuenstein;Landkreis Hohenlohekreis;Baden-Württemberg;081265001058;Stadt
Klein Meckelsen;Gemeinde Klein Meckelsen;Landkreis Rotenburg (Wümme);Niedersachsen;033575405032;Gemeinde
Brohl-Lützing;Gemeinde Brohl-Lützing;Landkreis Ahrweiler;Rheinland-Pfalz;071315003014;Gemeinde
Wettlingen;Gemeinde Wettlingen;Landkreis Eifelkreis Bitburg-Prüm;Rheinland-Pfalz;072325008133;Gemeinde
Neuenkirchen;Gemeinde Neuenkirchen;Landkreis Heidekreis;Niedersachsen;033580017017;Gemeinde
Oßling;Gemeinde Oßling;Landkreis Bautzen;Sachsen;146250420420;Gemeinde
Schwepnitz;Gemeinde Schwepnitz;Landkreis Bautzen;Sachsen;146250550550;Gemeinde
Ohorn;Gemeinde Ohorn;Landkreis Bautzen;Sachsen;146255231410;Gemeinde
Rosenbach;Gemeinde Rosenbach;Landkreis Görlitz;Sachsen;146265220470;Gemeinde
Beiersdorf;Gemeinde Beiersdorf;Landkreis Görlitz;Sachsen;146265228020;Gemeinde
Groß Düben;Gemeinde Groß Düben;Landkreis Görlitz;Sachsen;146265237120;Gemeinde
Zeithain;Gemeinde Zeithain;Landkreis Meißen;Sachsen;146270360360;Gemeinde
Zwickau;Stadt Zwickau;Landkreis Zwickau;Sachsen;145240330330;Stadt
Tangermünde;Stadt Tangermünde;Landkreis Stendal;Sachsen-Anhalt;150900550550;Stadt
Parthenstein;Gemeinde Parthenstein;Landkreis Leipzig;Sachsen;147295307340;Gemeinde
Körle;Gemeinde Körle;Landkreis Schwalm-Eder-Kreis;Hessen;066340012012;Gemeinde
Cavertitz;Gemeinde Cavertitz;Landkreis Nordsachsen;Sachsen;147300050050;Gemeinde
Frankenau;Stadt Frankenau;Landkreis Waldeck-Frankenberg;Hessen;066350010010;Stadt
Neustadt (Wied);Gemeinde Neustadt (Wied);Landkreis Neuwied;Rheinland-Pfalz;071385001044;Gemeinde
Halle (Saale);Stadt Halle (Saale);Kreisfreie Stadt Halle (Saale);Sachsen-Anhalt;150020000000;Stadt
Köthen (Anhalt);Stadt Köthen (Anhalt);Landkreis Anhalt-Bitterfeld;Sachsen-Anhalt;150820180180;Stadt
Sandersdorf-Brehna;Stadt Sandersdorf-Brehna;Landkreis Anhalt-Bitterfeld;Sachsen-Anhalt;150820340340;Stadt
Burgstall;Gemeinde Burgstall;Landkreis Börde;Sachsen-Anhalt;150835051120;Gemeinde
Michelbach an der Bilz;Gemeinde Michelbach an der Bilz;Landkreis Schwäbisch Hall;Baden-Württemberg;081275009056;Gemeinde
Bühlertann;Gemeinde Bühlertann;Landkreis Schwäbisch Hall;Baden-Württemberg;081275007012;Gemeinde
Weingarten (Baden);Gemeinde Weingarten (Baden);Landkreis Karlsruhe;Baden-Württemberg;082150090090;Gemeinde
Borken (Hessen);Stadt Borken (Hessen);Landkreis Schwalm-Eder-Kreis;Hessen;066340001001;Stadt
Sandau (Elbe);Stadt Sandau (Elbe);Landkreis Stendal;Sachsen-Anhalt;150905052445;Stadt
Gschwend;Gemeinde Gschwend;Landkreis Ostalbkreis;Baden-Württemberg;081360027027;Gemeinde
Essingen;Gemeinde Essingen;Landkreis Ostalbkreis;Baden-Württemberg;081365001021;Gemeinde
Rheinhausen;Gemeinde Rheinhausen;Landkreis Emmendingen;Baden-Württemberg;083165004053;Gemeinde
Lahr/Schwarzwald;Stadt Lahr/Schwarzwald;Landkreis Ortenaukreis;Baden-Württemberg;083175007065;Stadt
Rietheim-Weilheim;Gemeinde Rietheim-Weilheim;Landkreis Tuttlingen;Baden-Württemberg;083275006056;Gemeinde
Maulbronn;Stadt Maulbronn;Landkreis Enzkreis;Baden-Württemberg;082365003038;Stadt
Oberndorf am Neckar;Stadt Oberndorf am Neckar;Landkreis Rottweil;Baden-Württemberg;083255002045;Stadt
Sternenfels;Gemeinde Sternenfels;Landkreis Enzkreis;Baden-Württemberg;082365003061;Gemeinde
Lauterbach;Gemeinde Lauterbach;Landkreis Rottweil;Baden-Württemberg;083255005036;Gemeinde
Hofstetten;Gemeinde Hofstetten;Landkreis Ortenaukreis;Baden-Württemberg;083175004046;Gemeinde
Ubstadt-Weiher;Gemeinde Ubstadt-Weiher;Landkreis Karlsruhe;Baden-Württemberg;082150084084;Gemeinde
Groß Kelle;Gemeinde Groß Kelle;Landkreis Mecklenburgische Seenplatte;Mecklenburg-Vorpommern;130715159053;Gemeinde
Röthenbach (Allgäu);Gemeinde Röthenbach (Allgäu);Landkreis Lindau (Bodensee);Bayern;097765737124;Gemeinde
Lechbruck am See;Gemeinde Lechbruck am See;Landkreis Ostallgäu;Bayern;097770147147;Gemeinde
Rosenow;Gemeinde Rosenow;Landkreis Mecklenburgische Seenplatte;Mecklenburg-Vorpommern;130715162127;Gemeinde
Gültz;Gemeinde Gültz;Landkreis Mecklenburgische Seenplatte;Mecklenburg-Vorpommern;130715163059;Gemeinde
Hilzingen;Gemeinde Hilzingen;Landkreis Konstanz;Baden-Württemberg;083350035035;Gemeinde
Randowtal;Gemeinde Randowtal;Landkreis Uckermark;Brandenburg;120735306458;Gemeinde
Grafenberg;Gemeinde Grafenberg;Landkreis Reutlingen;Baden-Württemberg;084155002029;Gemeinde
Grabenstetten;Gemeinde Grabenstetten;Landkreis Reutlingen;Baden-Württemberg;084155005028;Gemeinde
Staven;Gemeinde Staven;Landkreis Mecklenburgische Seenplatte;Mecklenburg-Vorpommern;130715157141;Gemeinde
Kratzeburg;Gemeinde Kratzeburg;Landkreis Mecklenburgische Seenplatte;Mecklenburg-Vorpommern;130715156080;Gemeinde
Möllenbeck;Gemeinde Möllenbeck;Landkreis Mecklenburgische Seenplatte;Mecklenburg-Vorpommern;130715156100;Gemeinde
Kretzschau;Gemeinde Kretzschau;Landkreis Burgenlandkreis;Sachsen-Anhalt;150845052275;Gemeinde
Geislingen;Stadt Geislingen;Landkreis Zollernalbkreis;Baden-Württemberg;084175002022;Stadt
Tübingen;Stadt Tübingen;Landkreis Tübingen;Baden-Württemberg;084160041041;Stadt
Haigerloch;Stadt Haigerloch;Landkreis Zollernalbkreis;Baden-Württemberg;084170025025;Stadt
Blaichach;Gemeinde Blaichach;Landkreis Oberallgäu;Bayern;097800115115;Gemeinde
Gleina;Gemeinde Gleina;Landkreis Burgenlandkreis;Sachsen-Anhalt;150845053150;Gemeinde
Schwenningen;Gemeinde Schwenningen;Landkreis Sigmaringen;Baden-Württemberg;084375007102;Gemeinde
Hagnau am Bodensee;Gemeinde Hagnau am Bodensee;Landkreis Bodenseekreis;Baden-Württemberg;084355004018;Gemeinde
Erxleben;Gemeinde Erxleben;Landkreis Börde;Sachsen-Anhalt;150835052205;Gemeinde
Deiningen;Gemeinde Deiningen;Landkreis Donau-Ries;Bayern;097795722130;Gemeinde
Reimlingen;Gemeinde Reimlingen;Landkreis Donau-Ries;Bayern;097795722203;Gemeinde
Lütjenholm;Gemeinde Lütjenholm;Kreis Nordfriesland;Schleswig-Holstein;010545494080;Gemeinde
Ainring;Gemeinde Ainring;Landkreis Berchtesgadener Land;Bayern;091720111111;Gemeinde
Meßkirch;Stadt Meßkirch;Landkreis Sigmaringen;Baden-Württemberg;084375003078;Stadt
Saaldorf-Surheim;Gemeinde Saaldorf-Surheim;Landkreis Berchtesgadener Land;Bayern;091720130130;Gemeinde
Winhöring;Gemeinde Winhöring;Landkreis Altötting;Bayern;091710137137;Gemeinde
Duchroth;Gemeinde Duchroth;Landkreis Bad Kreuznach;Rheinland-Pfalz;071335006027;Gemeinde
Bad Kreuznach;Stadt Bad Kreuznach;Landkreis Bad Kreuznach;Rheinland-Pfalz;071330006006;Stadt
Bruchweiler;Gemeinde Bruchweiler;Landkreis Birkenfeld;Rheinland-Pfalz;071345005014;Gemeinde
Rhede (Ems);Gemeinde Rhede (Ems);Landkreis Emsland;Niedersachsen;034540044044;Gemeinde
Seifen;Gemeinde Seifen;Landkreis Altenkirchen (Westerwald);Rheinland-Pfalz;071325010104;Gemeinde
Willroth;Gemeinde Willroth;Landkreis Altenkirchen (Westerwald);Rheinland-Pfalz;071325010116;Gemeinde
Apfeltrach;Gemeinde Apfeltrach;Landkreis Unterallgäu;Bayern;097785766113;Gemeinde
Heusweiler;Gemeinde Heusweiler;Landkreis Regionalverband Saarbrücken;Saarland;100410513513;Gemeinde
Wippingen;Gemeinde Wippingen;Landkreis Emsland;Niedersachsen;034545401060;Gemeinde
Mindelheim;Stadt Mindelheim;Landkreis Unterallgäu;Bayern;097780173173;Stadt
Krems II;Gemeinde Krems II;Kreis Segeberg;Schleswig-Holstein;010605086050;Gemeinde
Drage;Gemeinde Drage;Kreis Nordfriesland;Schleswig-Holstein;010545492023;Gemeinde
Bollingstedt;Gemeinde Bollingstedt;Kreis Schleswig-Flensburg;Schleswig-Holstein;010595993010;Gemeinde
Schmalensee;Gemeinde Schmalensee;Kreis Segeberg;Schleswig-Holstein;010605024072;Gemeinde
Burgdorf;Gemeinde Burgdorf;Landkreis Wolfenbüttel;Niedersachsen;031585402004;Gemeinde
Erkerode;Gemeinde Erkerode;Landkreis Wolfenbüttel;Niedersachsen;031585406012;Gemeinde
Hillgroven;Gemeinde Hillgroven;Kreis Dithmarschen;Schleswig-Holstein;010515178050;Gemeinde
Lieth;Gemeinde Lieth;Kreis Dithmarschen;Schleswig-Holstein;010515172067;Gemeinde
Norheim;Gemeinde Norheim;Landkreis Bad Kreuznach;Rheinland-Pfalz;071335006071;Gemeinde
Leuterod;Gemeinde Leuterod;Landkreis Westerwaldkreis;Rheinland-Pfalz;071435010042;Gemeinde
Much;Gemeinde Much;Kreis Rhein-Sieg-Kreis;Nordrhein-Westfalen;053820036036;Gemeinde
Niedersayn;Gemeinde Niedersayn;Landkreis Westerwaldkreis;Rheinland-Pfalz;071435010275;Gemeinde
Volkesfeld;Gemeinde Volkesfeld;Landkreis Mayen-Koblenz;Rheinland-Pfalz;071375004106;Gemeinde
Astert;Gemeinde Astert;Landkreis Westerwaldkreis;Rheinland-Pfalz;071435002204;Gemeinde
Ölsen;Gemeinde Ölsen;Landkreis Altenkirchen (Westerwald);Rheinland-Pfalz;071325010087;Gemeinde
Herxheimweyher;Gemeinde Herxheimweyher;Landkreis Südliche Weinstraße;Rheinland-Pfalz;073375004039;Gemeinde
Igel;Gemeinde Igel;Landkreis Trier-Saarburg;Rheinland-Pfalz;072355007051;Gemeinde
Ehlenz;Gemeinde Ehlenz;Landkreis Eifelkreis Bitburg-Prüm;Rheinland-Pfalz;072325008030;Gemeinde
Ettaler Forst;Gemeindefreies Gebiet Ettaler Forst;Landkreis Garmisch-Partenkirchen;Bayern;091809451451;Gemeindefreies Gebiet
Pfaffenhofen a.d.Ilm;Stadt Pfaffenhofen a.d.Ilm;Landkreis Pfaffenhofen a.d.Ilm;Bayern;091860143143;Stadt
Osterby;Gemeinde Osterby;Kreis Schleswig-Flensburg;Schleswig-Holstein;010595952151;Gemeinde
Northeim;Stadt Northeim;Landkreis Northeim;Niedersachsen;031550011011;Stadt
Dornum;Gemeinde Dornum;Landkreis Aurich;Niedersachsen;034520027027;Gemeinde
Hirschberg;Gemeinde Hirschberg;Landkreis Rhein-Lahn-Kreis;Rheinland-Pfalz;071415003057;Gemeinde
Villingen-Schwenningen;Stadt Villingen-Schwenningen;Landkreis Schwarzwald-Baar-Kreis;Baden-Württemberg;083265004074;Stadt
Waldshut-Tiengen;Stadt Waldshut-Tiengen;Landkreis Waldshut;Baden-Württemberg;083375007126;Stadt
Wang;Gemeinde Wang;Landkreis Freising;Bayern;091785129155;Gemeinde
Mehmels;Gemeinde Mehmels;Landkreis Schmalkalden-Meiningen;Thüringen;160665013041;Gemeinde
Dietfurt a.d.Altmühl;Stadt Dietfurt a.d.Altmühl;Landkreis Neumarkt i.d.OPf.;Bayern;093730121121;Stadt
Nördlingen;Stadt Nördlingen;Landkreis Donau-Ries;Bayern;097790194194;Stadt
Uebigau-Wahrenbrück;Stadt Uebigau-Wahrenbrück;Landkreis Elbe-Elster;Brandenburg;120625031500;Stadt
Müncheberg;Stadt Müncheberg;Landkreis Märkisch-Oderland;Brandenburg;120640317317;Stadt
Walkendorf;Gemeinde Walkendorf;Landkreis Rostock;Mecklenburg-Vorpommern;130725254111;Gemeinde
Rankwitz;Gemeinde Rankwitz;Landkreis Vorpommern-Greifswald;Mecklenburg-Vorpommern;130755562114;Gemeinde
Zarrentin am Schaalsee;Stadt Zarrentin am Schaalsee;Landkreis Ludwigslust-Parchim;Mecklenburg-Vorpommern;130765667159;Stadt
Klötze;Stadt Klötze;Landkreis Altmarkkreis Salzwedel;Sachsen-Anhalt;150810280280;Stadt
Altmärkische Höhe;Gemeinde Altmärkische Höhe;Landkreis Stendal;Sachsen-Anhalt;150905053007;Gemeinde
Wasungen;Stadt Wasungen;Landkreis Schmalkalden-Meiningen;Thüringen;160665013086;Stadt
Hohengandern;Gemeinde Hohengandern;Landkreis Eichsfeld;Thüringen;160615008048;Gemeinde
Neunburg vorm Wald;Stadt Neunburg vorm Wald;Landkreis Schwandorf;Bayern;093760147147;Stadt
Goldbach;Gemeinde Goldbach;Landkreis Aschaffenburg;Bayern;096710121121;Gemeinde
Feuchtwangen;Stadt Feuchtwangen;Landkreis Ansbach;Bayern;095710145145;Stadt
Neuruppin;Stadt Neuruppin;Landkreis Ostprignitz-Ruppin;Brandenburg;120680320320;Stadt
Plattenburg;Gemeinde Plattenburg;Landkreis Prignitz;Brandenburg;120700302302;Gemeinde
Aichach;Stadt Aichach;Landkreis Aichach-Friedberg;Bayern;097710113113;Stadt
Brandenburg an der Havel;Stadt Brandenburg an der Havel;Kreisfreie Stadt Brandenburg an der Havel;Brandenburg;120510000000;Stadt
Coswig (Anhalt);Stadt Coswig (Anhalt);Landkreis Wittenberg;Sachsen-Anhalt;150910060060;Stadt
Oranienbaum-Wörlitz;Stadt Oranienbaum-Wörlitz;Landkreis Wittenberg;Sachsen-Anhalt;150910241241;Stadt
Oberharz am Brocken;Stadt Oberharz am Brocken;Landkreis Harz;Sachsen-Anhalt;150850228228;Stadt
Grabau;Gemeinde Grabau;Kreis Stormarn;Schleswig-Holstein;010625207019;Gemeinde
Getelo;Gemeinde Getelo;Landkreis Grafschaft Bentheim;Niedersachsen;034565404006;Gemeinde
Hoyerhagen;Gemeinde Hoyerhagen;Landkreis Nienburg (Weser);Niedersachsen;032565409015;Gemeinde
Krempdorf;Gemeinde Krempdorf;Kreis Steinburg;Schleswig-Holstein;010615134054;Gemeinde
Neuenbrook;Gemeinde Neuenbrook;Kreis Steinburg;Schleswig-Holstein;010615153073;Gemeinde
Süderau;Gemeinde Süderau;Kreis Steinburg;Schleswig-Holstein;010615153104;Gemeinde
Puls;Gemeinde Puls;Kreis Steinburg;Schleswig-Holstein;010615168087;Gemeinde
Stördorf;Gemeinde Stördorf;Kreis Steinburg;Schleswig-Holstein;010615179102;Gemeinde
Bundenbach;Gemeinde Bundenbach;Landkreis Birkenfeld;Rheinland-Pfalz;071345005017;Gemeinde
Laasdorf;Gemeinde Laasdorf;Landkreis Saale-Holzland-Kreis;Thüringen;160745011049;Gemeinde
Hintertiefenbach;Gemeinde Hintertiefenbach;Landkreis Birkenfeld;Rheinland-Pfalz;071345005041;Gemeinde
Veitsrodt;Gemeinde Veitsrodt;Landkreis Birkenfeld;Rheinland-Pfalz;071345005089;Gemeinde
Weitefeld;Gemeinde Weitefeld;Landkreis Altenkirchen (Westerwald);Rheinland-Pfalz;071325003113;Gemeinde
Beilstein;Gemeinde Beilstein;Landkreis Cochem-Zell;Rheinland-Pfalz;071355001007;Gemeinde
Etzbach;Gemeinde Etzbach;Landkreis Altenkirchen (Westerwald);Rheinland-Pfalz;071325006028;Gemeinde
Steineroth;Gemeinde Steineroth;Landkreis Altenkirchen (Westerwald);Rheinland-Pfalz;071325009108;Gemeinde
Döbritz;Gemeinde Döbritz;Landkreis Saale-Orla-Kreis;Thüringen;160755005016;Gemeinde
Obersteinebach;Gemeinde Obersteinebach;Landkreis Altenkirchen (Westerwald);Rheinland-Pfalz;071325010085;Gemeinde
Mehren;Gemeinde Mehren;Landkreis Altenkirchen (Westerwald);Rheinland-Pfalz;071325010069;Gemeinde
Pommern;Gemeinde Pommern;Landkreis Cochem-Zell;Rheinland-Pfalz;071355001072;Gemeinde
Weiler;Gemeinde Weiler;Landkreis Mayen-Koblenz;Rheinland-Pfalz;071375003110;Gemeinde
Weitersburg;Gemeinde Weitersburg;Landkreis Mayen-Koblenz;Rheinland-Pfalz;071375007229;Gemeinde
Rohrbach;Gemeinde Rohrbach;Landkreis Südliche Weinstraße;Rheinland-Pfalz;073375004068;Gemeinde
Siebeldingen;Gemeinde Siebeldingen;Landkreis Südliche Weinstraße;Rheinland-Pfalz;073375005073;Gemeinde
Krähenberg;Gemeinde Krähenberg;Landkreis Südwestpfalz;Rheinland-Pfalz;073405009216;Gemeinde
Husum;Stadt Husum;Kreis Nordfriesland;Schleswig-Holstein;010540056056;Stadt
Kirchheim an der Weinstraße;Gemeinde Kirchheim an der Weinstraße;Landkreis Bad Dürkheim;Rheinland-Pfalz;073325007030;Gemeinde
Wattenheim;Gemeinde Wattenheim;Landkreis Bad Dürkheim;Rheinland-Pfalz;073325007047;Gemeinde
Waddeweitz;Gemeinde Waddeweitz;Landkreis Lüchow-Dannenberg;Niedersachsen;033545407024;Gemeinde
Heidenau;Gemeinde Heidenau;Landkreis Harburg;Niedersachsen;033535406018;Gemeinde
Soderstorf;Gemeinde Soderstorf;Landkreis Lüneburg;Niedersachsen;033555401034;Gemeinde
Alsheim;Gemeinde Alsheim;Landkreis Alzey-Worms;Rheinland-Pfalz;073315002002;Gemeinde
Padenstedt;Gemeinde Padenstedt;Kreis Rendsburg-Eckernförde;Schleswig-Holstein;010585895128;Gemeinde
Gundheim;Gemeinde Gundheim;Landkreis Alzey-Worms;Rheinland-Pfalz;073315007037;Gemeinde
Klein Nordende;Gemeinde Klein Nordende;Kreis Pinneberg;Schleswig-Holstein;010565616029;Gemeinde
Thaden;Gemeinde Thaden;Kreis Rendsburg-Eckernförde;Schleswig-Holstein;010585895161;Gemeinde
Molfsee;Gemeinde Molfsee;Kreis Rendsburg-Eckernförde;Schleswig-Holstein;010585896107;Gemeinde
Hoort;Gemeinde Hoort;Landkreis Ludwigslust-Parchim;Mecklenburg-Vorpommern;130765658064;Gemeinde
Endlichhofen;Gemeinde Endlichhofen;Landkreis Rhein-Lahn-Kreis;Rheinland-Pfalz;071415007037;Gemeinde
Bardowick;Gemeinde Bardowick;Landkreis Lüneburg;Niedersachsen;033555402004;Gemeinde
Laubach;Gemeinde Laubach;Landkreis Rhein-Hunsrück-Kreis;Rheinland-Pfalz;071405008079;Gemeinde
Nastätten;Stadt Nastätten;Landkreis Rhein-Lahn-Kreis;Rheinland-Pfalz;071415007092;Stadt
Trossingen;Stadt Trossingen;Landkreis Tuttlingen;Baden-Württemberg;083275005049;Stadt
Hohenöllen;Gemeinde Hohenöllen;Landkreis Kusel;Rheinland-Pfalz;073365008043;Gemeinde
Dörsdorf;Gemeinde Dörsdorf;Landkreis Rhein-Lahn-Kreis;Rheinland-Pfalz;071415011032;Gemeinde
Nisterau;Gemeinde Nisterau;Landkreis Westerwaldkreis;Rheinland-Pfalz;071435001277;Gemeinde
Niederöfflingen;Gemeinde Niederöfflingen;Landkreis Bernkastel-Wittlich;Rheinland-Pfalz;072315008095;Gemeinde
Willingen (Upland);Gemeinde Willingen (Upland);Landkreis Waldeck-Frankenberg;Hessen;066350022022;Gemeinde
Grafschaft;Gemeinde Grafschaft;Landkreis Ahrweiler;Rheinland-Pfalz;071310090090;Gemeinde
Leubsdorf;Gemeinde Leubsdorf;Landkreis Neuwied;Rheinland-Pfalz;071385004037;Gemeinde
Adenau;Stadt Adenau;Landkreis Ahrweiler;Rheinland-Pfalz;071315001001;Stadt
Reimershagen;Gemeinde Reimershagen;Landkreis Rostock;Mecklenburg-Vorpommern;130725255084;Gemeinde
Thulendorf;Gemeinde Thulendorf;Landkreis Rostock;Mecklenburg-Vorpommern;130725253108;Gemeinde
Leinburg;Gemeinde Leinburg;Landkreis Nürnberger Land;Bayern;095740139139;Gemeinde
Gößnitz;Stadt Gößnitz;Landkreis Altenburger Land;Thüringen;160775050012;Stadt
Altenpleen;Gemeinde Altenpleen;Landkreis Vorpommern-Rügen;Mecklenburg-Vorpommern;130735351005;Gemeinde
Wonneberg;Gemeinde Wonneberg;Landkreis Traunstein;Bayern;091895173165;Gemeinde
Gägelow;Gemeinde Gägelow;Landkreis Nordwestmecklenburg;Mecklenburg-Vorpommern;130745453022;Gemeinde
Hornstorf;Gemeinde Hornstorf;Landkreis Nordwestmecklenburg;Mecklenburg-Vorpommern;130745456034;Gemeinde
Ruhmannsfelden;Gemeinde Ruhmannsfelden;Landkreis Regen;Bayern;092765238142;Gemeinde
Brehme;Gemeinde Brehme;Landkreis Eichsfeld;Thüringen;160615001015;Gemeinde
Blesewitz;Gemeinde Blesewitz;Landkreis Vorpommern-Greifswald;Mecklenburg-Vorpommern;130755553013;Gemeinde
Völschow;Gemeinde Völschow;Landkreis Vorpommern-Greifswald;Mecklenburg-Vorpommern;130755554140;Gemeinde
Weihmichl;Gemeinde Weihmichl;Landkreis Landshut;Bayern;092745221187;Gemeinde
Malching;Gemeinde Malching;Landkreis Passau;Bayern;092755234132;Gemeinde
Schönau;Gemeinde Schönau;Landkreis Rottal-Inn;Bayern;092770144144;Gemeinde
Bayerbach;Gemeinde Bayerbach;Landkreis Rottal-Inn;Bayern;092775241112;Gemeinde
Neunkirchen;Gemeinde Neunkirchen;Landkreis Miltenberg;Bayern;096765626143;Gemeinde
Wiershop;Gemeinde Wiershop;Kreis Herzogtum Lauenburg;Schleswig-Holstein;010535323131;Gemeinde
Ebermannsdorf;Gemeinde Ebermannsdorf;Landkreis Amberg-Sulzbach;Bayern;093710118118;Gemeinde
Dingolfing;Stadt Dingolfing;Landkreis Dingolfing-Landau;Bayern;092790112112;Stadt
Ebracher Forst;Gemeindefreies Gebiet Ebracher Forst;Landkreis Bamberg;Bayern;094719452452;Gemeindefreies Gebiet
Karlstein a.Main;Gemeinde Karlstein a.Main;Landkreis Aschaffenburg;Bayern;096710114114;Gemeinde
Brunn;Gemeinde Brunn;Landkreis Regensburg;Bayern;093755333122;Gemeinde
Ebnath;Gemeinde Ebnath;Landkreis Tirschenreuth;Bayern;093775349115;Gemeinde
Lauter-Bernsbach;Stadt Lauter-Bernsbach;Landkreis Erzgebirgskreis;Sachsen;145210355355;Stadt
Königswalde;Gemeinde Königswalde;Landkreis Erzgebirgskreis;Sachsen;145215101340;Gemeinde
Garz;Gemeinde Garz;Landkreis Vorpommern-Greifswald;Mecklenburg-Vorpommern;130755562034;Gemeinde
Groß Polzin;Gemeinde Groß Polzin;Landkreis Vorpommern-Greifswald;Mecklenburg-Vorpommern;130755563043;Gemeinde
Karlsburg;Gemeinde Karlsburg;Landkreis Vorpommern-Greifswald;Mecklenburg-Vorpommern;130755563156;Gemeinde
Lewitzrand;Gemeinde Lewitzrand;Landkreis Ludwigslust-Parchim;Mecklenburg-Vorpommern;130765662085;Gemeinde
Höhenkirchen-Siegertsbrunn;Gemeinde Höhenkirchen-Siegertsbrunn;Landkreis München;Bayern;091840127127;Gemeinde
Baiern;Gemeinde Baiern;Landkreis Ebersberg;Bayern;091755114113;Gemeinde
Eichstätt;Stadt Eichstätt;Landkreis Eichstätt;Bayern;091760123123;Stadt
Kauern;Gemeinde Kauern;Landkreis Greiz;Thüringen;160765004034;Gemeinde
Bergen;Gemeinde Bergen;Landkreis Vogtlandkreis;Sachsen;145235402050;Gemeinde
Weinsheim;Gemeinde Weinsheim;Landkreis Bad Kreuznach;Rheinland-Pfalz;071335006112;Gemeinde
Inzlingen;Gemeinde Inzlingen;Landkreis Lörrach;Baden-Württemberg;083365003043;Gemeinde
Harpstedt;Gemeinde Harpstedt;Landkreis Oldenburg;Niedersachsen;034585401008;Gemeinde
Staudernheim;Gemeinde Staudernheim;Landkreis Bad Kreuznach;Rheinland-Pfalz;071335010102;Gemeinde
Eggermühlen;Gemeinde Eggermühlen;Landkreis Osnabrück;Niedersachsen;034595402016;Gemeinde
Bremerhaven;Stadt Bremerhaven;Kreisfreie Stadt Bremerhaven;Bremen;040120000000;Stadt
Seinsheim;Gemeinde Seinsheim;Landkreis Kitzingen;Bayern;096755618167;Gemeinde
Simmern;Gemeinde Simmern;Landkreis Westerwaldkreis;Rheinland-Pfalz;071435004071;Gemeinde
Wachtendonk;Gemeinde Wachtendonk;Kreis Kleve;Nordrhein-Westfalen;051540060060;Gemeinde
Deesen;Gemeinde Deesen;Landkreis Westerwaldkreis;Rheinland-Pfalz;071435005009;Gemeinde
Moers;Stadt Moers;Kreis Wesel;Nordrhein-Westfalen;051700024024;Stadt
Triebel/Vogtl.;Gemeinde Triebel/Vogtl.;Landkreis Vogtlandkreis;Sachsen;145235122440;Gemeinde
Wisch;Gemeinde Wisch;Kreis Nordfriesland;Schleswig-Holstein;010545492157;Gemeinde
Rattelsdorf;Gemeinde Rattelsdorf;Landkreis Bamberg;Bayern;094710174174;Gemeinde
Dreikirchen;Gemeinde Dreikirchen;Landkreis Westerwaldkreis;Rheinland-Pfalz;071435008011;Gemeinde
Winkel (Eifel);Gemeinde Winkel (Eifel);Landkreis Vulkaneifel;Rheinland-Pfalz;072335001084;Gemeinde
Wassenberg;Stadt Wassenberg;Kreis Heinsberg;Nordrhein-Westfalen;053700036036;Stadt
Ibbenbüren;Stadt Ibbenbüren;Kreis Steinfurt;Nordrhein-Westfalen;055660028028;Stadt
Borgholzhausen;Stadt Borgholzhausen;Kreis Gütersloh;Nordrhein-Westfalen;057540004004;Stadt
Harsewinkel;Stadt Harsewinkel;Kreis Gütersloh;Nordrhein-Westfalen;057540016016;Stadt
Schnabelwaid;Gemeinde Schnabelwaid;Landkreis Bayreuth;Bayern;094725416184;Gemeinde
Hinterweiler;Gemeinde Hinterweiler;Landkreis Vulkaneifel;Rheinland-Pfalz;072335001030;Gemeinde
Borchen;Gemeinde Borchen;Kreis Paderborn;Nordrhein-Westfalen;057740012012;Gemeinde
Pottenstein;Stadt Pottenstein;Landkreis Bayreuth;Bayern;094720179179;Stadt
Barntrup;Stadt Barntrup;Kreis Lippe;Nordrhein-Westfalen;057660012012;Stadt
Küps;Gemeinde Küps;Landkreis Kronach;Bayern;094760146146;Gemeinde
Zahna-Elster;Stadt Zahna-Elster;Landkreis Wittenberg;Sachsen-Anhalt;150910391391;Stadt
Borler;Gemeinde Borler;Landkreis Vulkaneifel;Rheinland-Pfalz;072335004207;Gemeinde
Lauscha;Stadt Lauscha;Landkreis Sonneberg;Thüringen;160720011011;Stadt
Abtsteinach;Gemeinde Abtsteinach;Landkreis Bergstraße;Hessen;064310001001;Gemeinde
Michelbuch;Gemeindefreies Gebiet Michelbuch;Landkreis Bergstraße;Hessen;064319200200;Gemeindefreies Gebiet
Meinerzhagen;Stadt Meinerzhagen;Kreis Märkischer Kreis;Nordrhein-Westfalen;059620036036;Stadt
Urbar;Gemeinde Urbar;Landkreis Mayen-Koblenz;Rheinland-Pfalz;071375007224;Gemeinde
Löf;Gemeinde Löf;Landkreis Mayen-Koblenz;Rheinland-Pfalz;071375009214;Gemeinde
Burbach;Gemeinde Burbach;Kreis Siegen-Wittgenstein;Nordrhein-Westfalen;059700008008;Gemeinde
Niedermoschel;Gemeinde Niedermoschel;Landkreis Donnersbergkreis;Rheinland-Pfalz;073335007051;Gemeinde
Linsengericht;Gemeinde Linsengericht;Landkreis Main-Kinzig-Kreis;Hessen;064350018018;Gemeinde
Eschenburg;Gemeinde Eschenburg;Landkreis Lahn-Dill-Kreis;Hessen;065320009009;Gemeinde
Dienheim;Gemeinde Dienheim;Landkreis Mainz-Bingen;Rheinland-Pfalz;073395007012;Gemeinde
Dautphetal;Gemeinde Dautphetal;Landkreis Marburg-Biedenkopf;Hessen;065340007007;Gemeinde
Weimar (Lahn);Gemeinde Weimar (Lahn);Landkreis Marburg-Biedenkopf;Hessen;065340020020;Gemeinde
Nehren;Gemeinde Nehren;Landkreis Cochem-Zell;Rheinland-Pfalz;071355001069;Gemeinde
Gersfeld (Rhön);Stadt Gersfeld (Rhön);Landkreis Fulda;Hessen;066310010010;Stadt
Alheim;Gemeinde Alheim;Landkreis Hersfeld-Rotenburg;Hessen;066320001001;Gemeinde
Petersberg;Gemeinde Petersberg;Landkreis Fulda;Hessen;066310020020;Gemeinde
Kasendorf;Gemeinde Kasendorf;Landkreis Kulmbach;Bayern;094775438124;Gemeinde
Harsdorf;Gemeinde Harsdorf;Landkreis Kulmbach;Bayern;094775439119;Gemeinde
Burgkunstadt;Stadt Burgkunstadt;Landkreis Lichtenfels;Bayern;094780116116;Stadt
Wunsiedel;Stadt Wunsiedel;Landkreis Wunsiedel i.Fichtelgebirge;Bayern;094790169169;Stadt
Wiesener Forst;Gemeindefreies Gebiet Wiesener Forst;Landkreis Aschaffenburg;Bayern;096719461461;Gemeindefreies Gebiet
Buch a.Buchrain;Gemeinde Buch a.Buchrain;Landkreis Erding;Bayern;091775120114;Gemeinde
Lengdorf;Gemeinde Lengdorf;Landkreis Erding;Bayern;091770127127;Gemeinde
Fraunberg;Gemeinde Fraunberg;Landkreis Erding;Bayern;091770120120;Gemeinde
Nassenfels;Gemeinde Nassenfels;Landkreis Eichstätt;Bayern;091765118149;Gemeinde
Karlshuld;Gemeinde Karlshuld;Landkreis Neuburg-Schrobenhausen;Bayern;091850139139;Gemeinde
Sachsen b.Ansbach;Gemeinde Sachsen b.Ansbach;Landkreis Ansbach;Bayern;095710196196;Gemeinde
Oberreichenbach;Gemeinde Oberreichenbach;Landkreis Erlangen-Höchstadt;Bayern;095725512147;Gemeinde
Seukendorf;Gemeinde Seukendorf;Landkreis Fürth;Bayern;095735517126;Gemeinde
Spiesen-Elversberg;Gemeinde Spiesen-Elversberg;Landkreis Neunkirchen;Saarland;100430117117;Gemeinde
Hohe Wart;Gemeindefreies Gebiet Hohe Wart;Landkreis Miltenberg;Bayern;096769455455;Gemeindefreies Gebiet
Lauterbach;Gemeinde Lauterbach;Landkreis Wartburgkreis;Thüringen;160635006049;Gemeinde
Siebenbäumen;Gemeinde Siebenbäumen;Kreis Herzogtum Lauenburg;Schleswig-Holstein;010535391118;Gemeinde
Gerstungen;Gemeinde Gerstungen;Landkreis Wartburgkreis;Thüringen;160630097097;Gemeinde
Etzleben;Gemeinde Etzleben;Landkreis Kyffhäuserkreis;Thüringen;160655056016;Gemeinde
Freienbessingen;Gemeinde Freienbessingen;Landkreis Kyffhäuserkreis;Thüringen;160655052018;Gemeinde
Werneuchen;Stadt Werneuchen;Landkreis Barnim;Brandenburg;120600280280;Stadt
Rüdnitz;Gemeinde Rüdnitz;Landkreis Barnim;Brandenburg;120605003192;Gemeinde
Kiliansroda;Gemeinde Kiliansroda;Landkreis Weimarer Land;Thüringen;160715008038;Gemeinde
Ziethen;Gemeinde Ziethen;Landkreis Barnim;Brandenburg;120605006296;Gemeinde
Tonna;Gemeinde Tonna;Landkreis Gotha;Thüringen;160675012067;Gemeinde
Braunshorn;Gemeinde Braunshorn;Landkreis Rhein-Hunsrück-Kreis;Rheinland-Pfalz;071405003018;Gemeinde
Riegenroth;Gemeinde Riegenroth;Landkreis Rhein-Hunsrück-Kreis;Rheinland-Pfalz;071405008126;Gemeinde
Thörlingen;Gemeinde Thörlingen;Landkreis Rhein-Hunsrück-Kreis;Rheinland-Pfalz;071405009149;Gemeinde
Bad Ems;Stadt Bad Ems;Landkreis Rhein-Lahn-Kreis;Rheinland-Pfalz;071415010006;Stadt
Oberscheidweiler;Gemeinde Oberscheidweiler;Landkreis Bernkastel-Wittlich;Rheinland-Pfalz;072315008101;Gemeinde
Klausen;Gemeinde Klausen;Landkreis Bernkastel-Wittlich;Rheinland-Pfalz;072315008069;Gemeinde
Walpernhain;Gemeinde Walpernhain;Landkreis Saale-Holzland-Kreis;Thüringen;160745005106;Gemeinde
Nausnitz;Gemeinde Nausnitz;Landkreis Saale-Holzland-Kreis;Thüringen;160745051061;Gemeinde
Schmölln;Stadt Schmölln;Landkreis Altenburger Land;Thüringen;160775052043;Stadt
Leegebruch;Gemeinde Leegebruch;Landkreis Oberhavel;Brandenburg;120650180180;Gemeinde
Großwoltersdorf;Gemeinde Großwoltersdorf;Landkreis Oberhavel;Brandenburg;120655502117;Gemeinde
Seeblick;Gemeinde Seeblick;Landkreis Havelland;Brandenburg;120635309274;Gemeinde
Mützenich;Gemeinde Mützenich;Landkreis Eifelkreis Bitburg-Prüm;Rheinland-Pfalz;072325006271;Gemeinde
Rauen;Gemeinde Rauen;Landkreis Oder-Spree;Brandenburg;120675709408;Gemeinde
Rechtmehring;Gemeinde Rechtmehring;Landkreis Mühldorf a.Inn;Bayern;091835183139;Gemeinde
Kraiburg a.Inn;Gemeinde Kraiburg a.Inn;Landkreis Mühldorf a.Inn;Bayern;091835148124;Gemeinde
Buchbach;Gemeinde Buchbach;Landkreis Mühldorf a.Inn;Bayern;091830114114;Gemeinde
Ehekirchen;Gemeinde Ehekirchen;Landkreis Neuburg-Schrobenhausen;Bayern;091850127127;Gemeinde
Münchberg;Stadt Münchberg;Landkreis Hof;Bayern;094750154154;Stadt
Giesenhausen;Gemeinde Giesenhausen;Landkreis Westerwaldkreis;Rheinland-Pfalz;071435002225;Gemeinde
Manching;Gemeinde Manching;Landkreis Pfaffenhofen a.d.Ilm;Bayern;091860137137;Gemeinde
Benitz;Gemeinde Benitz;Landkreis Rostock;Mecklenburg-Vorpommern;130725261011;Gemeinde
Waldaschaff;Gemeinde Waldaschaff;Landkreis Aschaffenburg;Bayern;096710156156;Gemeinde
Rukieten;Gemeinde Rukieten;Landkreis Rostock;Mecklenburg-Vorpommern;130725261090;Gemeinde
Mühlau;Gemeinde Mühlau;Landkreis Mittelsachsen;Sachsen;145225102380;Gemeinde
Märkisch Linden;Gemeinde Märkisch Linden;Landkreis Ostprignitz-Ruppin;Brandenburg;120685807306;Gemeinde
Temnitztal;Gemeinde Temnitztal;Landkreis Ostprignitz-Ruppin;Brandenburg;120685807426;Gemeinde
Buckautal;Gemeinde Buckautal;Landkreis Potsdam-Mittelmark;Brandenburg;120695918089;Gemeinde
Nuthetal;Gemeinde Nuthetal;Landkreis Potsdam-Mittelmark;Brandenburg;120690454454;Gemeinde
Havelsee;Stadt Havelsee;Landkreis Potsdam-Mittelmark;Brandenburg;120695902270;Stadt
Soos;Gemeindefreies Gebiet Soos;Landkreis Roth;Bayern;095769455455;Gemeindefreies Gebiet
Werben;Gemeinde Werben;Landkreis Spree-Neiße;Brandenburg;120715101412;Gemeinde
Schmitshausen;Gemeinde Schmitshausen;Landkreis Südwestpfalz;Rheinland-Pfalz;073405009224;Gemeinde
Petersberg;Gemeinde Petersberg;Landkreis Südwestpfalz;Rheinland-Pfalz;073405009037;Gemeinde
Neuhausen auf den Fildern;Gemeinde Neuhausen auf den Fildern;Landkreis Esslingen;Baden-Württemberg;081160047047;Gemeinde
Deggingen;Gemeinde Deggingen;Landkreis Göppingen;Baden-Württemberg;081175001014;Gemeinde
Ludwigsburg;Stadt Ludwigsburg;Landkreis Ludwigsburg;Baden-Württemberg;081180048048;Stadt
Alzey;Stadt Alzey;Landkreis Alzey-Worms;Rheinland-Pfalz;073310003003;Stadt
Steinweiler;Gemeinde Steinweiler;Landkreis Germersheim;Rheinland-Pfalz;073345004030;Gemeinde
Sembach;Gemeinde Sembach;Landkreis Kaiserslautern;Rheinland-Pfalz;073355002205;Gemeinde
Oberöfflingen;Gemeinde Oberöfflingen;Landkreis Bernkastel-Wittlich;Rheinland-Pfalz;072315008100;Gemeinde
Dahnen;Gemeinde Dahnen;Landkreis Eifelkreis Bitburg-Prüm;Rheinland-Pfalz;072325001212;Gemeinde
Großlangenfeld;Gemeinde Großlangenfeld;Landkreis Eifelkreis Bitburg-Prüm;Rheinland-Pfalz;072325006230;Gemeinde
Hillesheim;Stadt Hillesheim;Landkreis Vulkaneifel;Rheinland-Pfalz;072335006029;Stadt
Brandscheid;Gemeinde Brandscheid;Landkreis Eifelkreis Bitburg-Prüm;Rheinland-Pfalz;072325006207;Gemeinde
Streithausen;Gemeinde Streithausen;Landkreis Westerwaldkreis;Rheinland-Pfalz;071435002299;Gemeinde
Lockstedt;Gemeinde Lockstedt;Kreis Steinburg;Schleswig-Holstein;010615189064;Gemeinde
Lautersheim;Gemeinde Lautersheim;Landkreis Donnersbergkreis;Rheinland-Pfalz;073335003041;Gemeinde
Oldenburg in Holstein;Stadt Oldenburg in Holstein;Kreis Ostholstein;Schleswig-Holstein;010550033033;Stadt
Waldesch;Gemeinde Waldesch;Landkreis Mayen-Koblenz;Rheinland-Pfalz;071375009227;Gemeinde
Spay;Gemeinde Spay;Landkreis Mayen-Koblenz;Rheinland-Pfalz;071375009223;Gemeinde
Elmshorn;Stadt Elmshorn;Kreis Pinneberg;Schleswig-Holstein;010560015015;Stadt
Preetz;Stadt Preetz;Kreis Plön;Schleswig-Holstein;010570062062;Stadt
Seeth-Ekholt;Gemeinde Seeth-Ekholt;Kreis Pinneberg;Schleswig-Holstein;010565616046;Gemeinde
Helmstorf;Gemeinde Helmstorf;Kreis Plön;Schleswig-Holstein;010575727026;Gemeinde
Großbarkau;Gemeinde Großbarkau;Kreis Plön;Schleswig-Holstein;010575747023;Gemeinde
Rieseby;Gemeinde Rieseby;Kreis Rendsburg-Eckernförde;Schleswig-Holstein;010585893137;Gemeinde
Schierensee;Gemeinde Schierensee;Kreis Rendsburg-Eckernförde;Schleswig-Holstein;010585896141;Gemeinde
Heimborn;Gemeinde Heimborn;Landkreis Westerwaldkreis;Rheinland-Pfalz;071435002236;Gemeinde
Husby;Gemeinde Husby;Kreis Schleswig-Flensburg;Schleswig-Holstein;010595919127;Gemeinde
Holt;Gemeinde Holt;Kreis Schleswig-Flensburg;Schleswig-Holstein;010595952124;Gemeinde
Böel;Gemeinde Böel;Kreis Schleswig-Flensburg;Schleswig-Holstein;010595974006;Gemeinde
Maasholm;Gemeinde Maasholm;Kreis Schleswig-Flensburg;Schleswig-Holstein;010595990142;Gemeinde
Großenaspe;Gemeinde Großenaspe;Kreis Segeberg;Schleswig-Holstein;010605005027;Gemeinde
Klein Rönnau;Gemeinde Klein Rönnau;Kreis Segeberg;Schleswig-Holstein;010605086049;Gemeinde
Wolfenbüttel;Stadt Wolfenbüttel;Landkreis Wolfenbüttel;Niedersachsen;031580037037;Stadt
Göttingen;Stadt Göttingen;Landkreis Göttingen;Niedersachsen;031590016016;Stadt
Bergfeld;Gemeinde Bergfeld;Landkreis Gifhorn;Niedersachsen;031515402003;Gemeinde
Giebel;Gemeindefreies Gebiet Giebel;Landkreis Gifhorn;Niedersachsen;031519501501;Gemeindefreies Gebiet
Ummern;Gemeinde Ummern;Landkreis Gifhorn;Niedersachsen;031515407033;Gemeinde
Söllingen;Gemeinde Söllingen;Landkreis Helmstedt;Niedersachsen;031545402027;Gemeinde
Helmstedt;Stadt Helmstedt;Landkreis Helmstedt;Niedersachsen;031540028028;Stadt
Unsleben;Gemeinde Unsleben;Landkreis Rhön-Grabfeld;Bayern;096735638175;Gemeinde
Burgwallbacher Forst;Gemeindefreies Gebiet Burgwallbacher Forst;Landkreis Rhön-Grabfeld;Bayern;096739452452;Gemeindefreies Gebiet
Castell;Gemeinde Castell;Landkreis Kitzingen;Bayern;096755614116;Gemeinde
Rüdenhausen;Gemeinde Rüdenhausen;Landkreis Kitzingen;Bayern;096755614162;Gemeinde
Aura a.d.Saale;Gemeinde Aura a.d.Saale;Landkreis Bad Kissingen;Bayern;096725608111;Gemeinde
Gnotzheim;Gemeinde Gnotzheim;Landkreis Weißenburg-Gunzenhausen;Bayern;095775536133;Gemeinde
Sulzthal;Gemeinde Sulzthal;Landkreis Bad Kissingen;Bayern;096725608155;Gemeinde
Wedemark;Gemeinde Wedemark;Landkreis Region Hannover;Niedersachsen;032410019019;Gemeinde
Lemförde;Gemeinde Lemförde;Landkreis Diepholz;Niedersachsen;032515401023;Gemeinde
Eydelstedt;Gemeinde Eydelstedt;Landkreis Diepholz;Niedersachsen;032515402017;Gemeinde
Winden;Gemeinde Winden;Landkreis Germersheim;Rheinland-Pfalz;073345004034;Gemeinde
Diekholzen;Gemeinde Diekholzen;Landkreis Hildesheim;Niedersachsen;032540011011;Gemeinde
Brevörde;Gemeinde Brevörde;Landkreis Holzminden;Niedersachsen;032555408005;Gemeinde
Drakenburg;Gemeinde Drakenburg;Landkreis Nienburg (Weser);Niedersachsen;032565402005;Gemeinde
Erftstadt;Stadt Erftstadt;Kreis Rhein-Erft-Kreis;Nordrhein-Westfalen;053620020020;Stadt
Rinteln;Stadt Rinteln;Landkreis Schaumburg;Niedersachsen;032570031031;Stadt
Apelern;Gemeinde Apelern;Landkreis Schaumburg;Niedersachsen;032575406002;Gemeinde
Griesstätt;Gemeinde Griesstätt;Landkreis Rosenheim;Bayern;091870134134;Gemeinde
Stadthagen;Stadt Stadthagen;Landkreis Schaumburg;Niedersachsen;032570035035;Stadt
Schechen;Gemeinde Schechen;Landkreis Rosenheim;Bayern;091870142142;Gemeinde
Vogtareuth;Gemeinde Vogtareuth;Landkreis Rosenheim;Bayern;091870181181;Gemeinde
Stephanskirchen;Gemeinde Stephanskirchen;Landkreis Rosenheim;Bayern;091870177177;Gemeinde
Gribow;Gemeinde Gribow;Landkreis Vorpommern-Greifswald;Mecklenburg-Vorpommern;130755563040;Gemeinde
Michelau i.Steigerwald;Gemeinde Michelau i.Steigerwald;Landkreis Schweinfurt;Bayern;096785642157;Gemeinde
Partensteiner Forst;Gemeindefreies Gebiet Partensteiner Forst;Landkreis Main-Spessart;Bayern;096779461461;Gemeindefreies Gebiet
Giebelstadt;Gemeinde Giebelstadt;Landkreis Würzburg;Bayern;096795648138;Gemeinde
Langen (Hessen);Stadt Langen (Hessen);Landkreis Offenbach;Hessen;064380006006;Stadt
Binswangen;Gemeinde Binswangen;Landkreis Dillingen a.d.Donau;Bayern;097735718116;Gemeinde
Nahrendorf;Gemeinde Nahrendorf;Landkreis Lüneburg;Niedersachsen;033555403025;Gemeinde
Scharnebeck;Gemeinde Scharnebeck;Landkreis Lüneburg;Niedersachsen;033555407033;Gemeinde
Opfenbach;Gemeinde Opfenbach;Landkreis Lindau (Bodensee);Bayern;097760122122;Gemeinde
Ahlerstedt;Gemeinde Ahlerstedt;Landkreis Stade;Niedersachsen;033595403002;Gemeinde
Stoetze;Gemeinde Stoetze;Landkreis Uelzen;Niedersachsen;033605404022;Gemeinde
Mauer;Gemeinde Mauer;Landkreis Rhein-Neckar-Kreis;Baden-Württemberg;082265002048;Gemeinde
Gerdau;Gemeinde Gerdau;Landkreis Uelzen;Niedersachsen;033605405009;Gemeinde
Hausen (Wied);Gemeinde Hausen (Wied);Landkreis Neuwied;Rheinland-Pfalz;071385009007;Gemeinde
Weste;Gemeinde Weste;Landkreis Uelzen;Niedersachsen;033605407026;Gemeinde
Kupferzell;Gemeinde Kupferzell;Landkreis Hohenlohekreis;Baden-Württemberg;081265001047;Gemeinde
Öhringen;Stadt Öhringen;Landkreis Hohenlohekreis;Baden-Württemberg;081265005066;Stadt
Heilbronn;Stadt Heilbronn;Stadtkreis Heilbronn;Baden-Württemberg;081210000000;Stadt
Brackenheim;Stadt Brackenheim;Landkreis Heilbronn;Baden-Württemberg;081255003013;Stadt
Feuerscheid;Gemeinde Feuerscheid;Landkreis Eifelkreis Bitburg-Prüm;Rheinland-Pfalz;072325006222;Gemeinde
Sülm;Gemeinde Sülm;Landkreis Eifelkreis Bitburg-Prüm;Rheinland-Pfalz;072325008125;Gemeinde
Elsterheide;Gemeinde Elsterheide;Landkreis Bautzen;Sachsen;146250120120;Gemeinde
Mellingen;Gemeinde Mellingen;Landkreis Weimarer Land;Thüringen;160715008056;Gemeinde
Kamenz;Stadt Kamenz;Landkreis Bautzen;Sachsen;146250250250;Stadt
Großnaundorf;Gemeinde Großnaundorf;Landkreis Bautzen;Sachsen;146255231180;Gemeinde
Neschwitz;Gemeinde Neschwitz;Landkreis Bautzen;Sachsen;146255223360;Gemeinde
Herrnhut;Stadt Herrnhut;Landkreis Görlitz;Sachsen;146260180180;Stadt
Oybin;Gemeinde Oybin;Landkreis Görlitz;Sachsen;146265227430;Gemeinde
Untermünkheim;Gemeinde Untermünkheim;Landkreis Schwäbisch Hall;Baden-Württemberg;081275001086;Gemeinde
Leipzig;Stadt Leipzig;Kreisfreie Stadt Leipzig;Sachsen;147130000000;Stadt
Borna;Stadt Borna;Landkreis Leipzig;Sachsen;147290050050;Stadt
Kroppenstedt;Stadt Kroppenstedt;Landkreis Börde;Sachsen-Anhalt;150835054355;Stadt
Thallwitz;Gemeinde Thallwitz;Landkreis Leipzig;Sachsen;147290380380;Gemeinde
Hassel;Gemeinde Hassel;Landkreis Stendal;Sachsen-Anhalt;150905051220;Gemeinde
Wiedemar;Gemeinde Wiedemar;Landkreis Nordsachsen;Sachsen;147300340340;Gemeinde
Bad Wildungen;Stadt Bad Wildungen;Landkreis Waldeck-Frankenberg;Hessen;066350003003;Stadt
Müllheim im Markgräflerland;Stadt Müllheim im Markgräflerland;Landkreis Breisgau-Hochschwarzwald;Baden-Württemberg;083155012074;Stadt
Goldbeck;Gemeinde Goldbeck;Landkreis Stendal;Sachsen-Anhalt;150905051180;Gemeinde
Vellberg;Stadt Vellberg;Landkreis Schwäbisch Hall;Baden-Württemberg;081275005089;Stadt
Pfaffenweiler;Gemeinde Pfaffenweiler;Landkreis Breisgau-Hochschwarzwald;Baden-Württemberg;083155014089;Gemeinde
St. Peter;Gemeinde St. Peter;Landkreis Breisgau-Hochschwarzwald;Baden-Württemberg;083155013095;Gemeinde
Herbrechtingen;Stadt Herbrechtingen;Landkreis Heidenheim;Baden-Württemberg;081350020020;Stadt
Mauern;Gemeinde Mauern;Landkreis Freising;Bayern;091785129142;Gemeinde
Schluchsee;Gemeinde Schluchsee;Landkreis Breisgau-Hochschwarzwald;Baden-Württemberg;083155015102;Gemeinde
Kirchheim am Ries;Gemeinde Kirchheim am Ries;Landkreis Ostalbkreis;Baden-Württemberg;081365002037;Gemeinde
Osterburken;Stadt Osterburken;Landkreis Neckar-Odenwald-Kreis;Baden-Württemberg;082255007075;Stadt
Seckach;Gemeinde Seckach;Landkreis Neckar-Odenwald-Kreis;Baden-Württemberg;082255009091;Gemeinde
Dielheim;Gemeinde Dielheim;Landkreis Rhein-Neckar-Kreis;Baden-Württemberg;082265010010;Gemeinde
Illingen;Gemeinde Illingen;Landkreis Enzkreis;Baden-Württemberg;082360028028;Gemeinde
Neuenburg am Rhein;Stadt Neuenburg am Rhein;Landkreis Breisgau-Hochschwarzwald;Baden-Württemberg;083150076076;Stadt
Eutingen im Gäu;Gemeinde Eutingen im Gäu;Landkreis Freudenstadt;Baden-Württemberg;082375003027;Gemeinde
Durlangen;Gemeinde Durlangen;Landkreis Ostalbkreis;Baden-Württemberg;081365008015;Gemeinde
Unterschneidheim;Gemeinde Unterschneidheim;Landkreis Ostalbkreis;Baden-Württemberg;081365009075;Gemeinde
Rheinstetten;Stadt Rheinstetten;Landkreis Karlsruhe;Baden-Württemberg;082150108108;Stadt
Waal;Gemeinde Waal;Landkreis Ostallgäu;Bayern;097775748177;Gemeinde
Bodman-Ludwigshafen;Gemeinde Bodman-Ludwigshafen;Landkreis Konstanz;Baden-Württemberg;083355006098;Gemeinde
Bonndorf im Schwarzwald;Stadt Bonndorf im Schwarzwald;Landkreis Waldshut;Baden-Württemberg;083375001022;Stadt
St. Blasien;Stadt St. Blasien;Landkreis Waldshut;Baden-Württemberg;083375006097;Stadt
Siedenbrünzow;Gemeinde Siedenbrünzow;Landkreis Mecklenburgische Seenplatte;Mecklenburg-Vorpommern;130715151136;Gemeinde
Gutsbezirk Münsingen;Gemeindefreies Gebiet Gutsbezirk Münsingen;Landkreis Reutlingen;Baden-Württemberg;084159971971;Gemeindefreies Gebiet
Wöbbelin;Gemeinde Wöbbelin;Landkreis Ludwigslust-Parchim;Mecklenburg-Vorpommern;130765659156;Gemeinde
Nossentiner Hütte;Gemeinde Nossentiner Hütte;Landkreis Mecklenburgische Seenplatte;Mecklenburg-Vorpommern;130715154113;Gemeinde
Malchow;Stadt Malchow;Landkreis Mecklenburgische Seenplatte;Mecklenburg-Vorpommern;130715154093;Stadt
Wildberg;Gemeinde Wildberg;Landkreis Mecklenburgische Seenplatte;Mecklenburg-Vorpommern;130715163160;Gemeinde
Userin;Gemeinde Userin;Landkreis Mecklenburgische Seenplatte;Mecklenburg-Vorpommern;130715156147;Gemeinde
Gutenborn;Gemeinde Gutenborn;Landkreis Burgenlandkreis;Sachsen-Anhalt;150845052207;Gemeinde
Hechingen;Stadt Hechingen;Landkreis Zollernalbkreis;Baden-Württemberg;084175004031;Stadt
Schelklingen;Stadt Schelklingen;Landkreis Alb-Donau-Kreis;Baden-Württemberg;084250108108;Stadt
Westerstetten;Gemeinde Westerstetten;Landkreis Alb-Donau-Kreis;Baden-Württemberg;084255004135;Gemeinde
Monheim;Stadt Monheim;Landkreis Donau-Ries;Bayern;097795724186;Stadt
Laupheim;Stadt Laupheim;Landkreis Biberach;Baden-Württemberg;084265005070;Stadt
Gutenzell-Hürbel;Gemeinde Gutenzell-Hürbel;Landkreis Biberach;Baden-Württemberg;084265006135;Gemeinde
Bordelum;Gemeinde Bordelum;Kreis Nordfriesland;Schleswig-Holstein;010545494014;Gemeinde
Wobbenbüll;Gemeinde Wobbenbüll;Kreis Nordfriesland;Schleswig-Holstein;010545492162;Gemeinde
Anger;Gemeinde Anger;Landkreis Berchtesgadener Land;Bayern;091720112112;Gemeinde
Unterneukirchen;Gemeinde Unterneukirchen;Landkreis Altötting;Bayern;091715106135;Gemeinde
Wolfratshauser Forst;Gemeindefreies Gebiet Wolfratshauser Forst;Landkreis Bad Tölz-Wolfratshausen;Bayern;091739452452;Gemeindefreies Gebiet
Rosenheim;Stadt Rosenheim;Kreisfreie Stadt Rosenheim;Bayern;091630000000;Stadt
Teising;Gemeinde Teising;Landkreis Altötting;Bayern;091710131131;Gemeinde
Dietmannsried;Gemeinde Dietmannsried;Landkreis Oberallgäu;Bayern;097800119119;Gemeinde
Cloppenburg;Stadt Cloppenburg;Landkreis Cloppenburg;Niedersachsen;034530004004;Stadt
Garrel;Gemeinde Garrel;Landkreis Cloppenburg;Niedersachsen;034530008008;Gemeinde
Salgen;Gemeinde Salgen;Landkreis Unterallgäu;Bayern;097785759190;Gemeinde
Kronburg;Gemeinde Kronburg;Landkreis Unterallgäu;Bayern;097785767161;Gemeinde
Oberndorf a.Lech;Gemeinde Oberndorf a.Lech;Landkreis Donau-Ries;Bayern;097790196196;Gemeinde
Fischen i.Allgäu;Gemeinde Fischen i.Allgäu;Landkreis Oberallgäu;Bayern;097805742121;Gemeinde
Quierschied;Gemeinde Quierschied;Landkreis Regionalverband Saarbrücken;Saarland;100410516516;Gemeinde
Erolzheim;Gemeinde Erolzheim;Landkreis Biberach;Baden-Württemberg;084265004044;Gemeinde
Obergeckler;Gemeinde Obergeckler;Landkreis Eifelkreis Bitburg-Prüm;Rheinland-Pfalz;072325005503;Gemeinde
Hitzhusen;Gemeinde Hitzhusen;Kreis Segeberg;Schleswig-Holstein;010605005040;Gemeinde
Weddelbrook;Gemeinde Weddelbrook;Kreis Segeberg;Schleswig-Holstein;010605005095;Gemeinde
Bauler;Gemeinde Bauler;Landkreis Eifelkreis Bitburg-Prüm;Rheinland-Pfalz;072325005008;Gemeinde
Rockeskyll;Gemeinde Rockeskyll;Landkreis Vulkaneifel;Rheinland-Pfalz;072335006058;Gemeinde
Herforst;Gemeinde Herforst;Landkreis Eifelkreis Bitburg-Prüm;Rheinland-Pfalz;072325007050;Gemeinde
Harspelt;Gemeinde Harspelt;Landkreis Eifelkreis Bitburg-Prüm;Rheinland-Pfalz;072325001234;Gemeinde
Herzfeld;Gemeinde Herzfeld;Landkreis Eifelkreis Bitburg-Prüm;Rheinland-Pfalz;072325001240;Gemeinde
Fehmarn;Stadt Fehmarn;Kreis Ostholstein;Schleswig-Holstein;010550046046;Stadt
Niederzier;Gemeinde Niederzier;Kreis Düren;Nordrhein-Westfalen;053580048048;Gemeinde
Mönkeberg;Gemeinde Mönkeberg;Kreis Plön;Schleswig-Holstein;010575782051;Gemeinde
Wittingen;Stadt Wittingen;Landkreis Gifhorn;Niedersachsen;031510040040;Stadt
Nittel;Gemeinde Nittel;Landkreis Trier-Saarburg;Rheinland-Pfalz;072355003095;Gemeinde
Onsdorf;Gemeinde Onsdorf;Landkreis Trier-Saarburg;Rheinland-Pfalz;072355003101;Gemeinde
Vahlberg;Gemeinde Vahlberg;Landkreis Wolfenbüttel;Niedersachsen;031585407032;Gemeinde
Offenbach-Hundheim;Gemeinde Offenbach-Hundheim;Landkreis Kusel;Rheinland-Pfalz;073365008075;Gemeinde
Niederotterbach;Gemeinde Niederotterbach;Landkreis Südliche Weinstraße;Rheinland-Pfalz;073375002056;Gemeinde
Hövede;Gemeinde Hövede;Kreis Dithmarschen;Schleswig-Holstein;010515169052;Gemeinde
Kirchentellinsfurt;Gemeinde Kirchentellinsfurt;Landkreis Tübingen;Baden-Württemberg;084160022022;Gemeinde
Garmisch-Partenkirchen;Gemeinde Garmisch-Partenkirchen;Landkreis Garmisch-Partenkirchen;Bayern;091800117117;Gemeinde
Erlabrunn;Gemeinde Erlabrunn;Landkreis Würzburg;Bayern;096795652128;Gemeinde
Bergen auf Rügen;Stadt Bergen auf Rügen;Landkreis Vorpommern-Rügen;Mecklenburg-Vorpommern;130735353010;Stadt
Mönchgut;Gemeinde Mönchgut;Landkreis Vorpommern-Rügen;Mecklenburg-Vorpommern;130735357107;Gemeinde
Ebstorf;Gemeinde Ebstorf;Landkreis Uelzen;Niedersachsen;033605407006;Gemeinde
Blunk;Gemeinde Blunk;Kreis Segeberg;Schleswig-Holstein;010605086010;Gemeinde
Wallsbüll;Gemeinde Wallsbüll;Kreis Schleswig-Flensburg;Schleswig-Holstein;010595952173;Gemeinde
Wittenborn;Gemeinde Wittenborn;Kreis Segeberg;Schleswig-Holstein;010605053101;Gemeinde
Loit;Gemeinde Loit;Kreis Schleswig-Flensburg;Schleswig-Holstein;010595974055;Gemeinde
Steinfeld;Gemeinde Steinfeld;Kreis Schleswig-Flensburg;Schleswig-Holstein;010595974080;Gemeinde
Oberrod;Gemeinde Oberrod;Landkreis Westerwaldkreis;Rheinland-Pfalz;071435006282;Gemeinde
Auufer;Gemeinde Auufer;Kreis Steinburg;Schleswig-Holstein;010615104005;Gemeinde
Bubenheim;Gemeinde Bubenheim;Landkreis Donnersbergkreis;Rheinland-Pfalz;073335003012;Gemeinde
Beverstedt;Gemeinde Beverstedt;Landkreis Cuxhaven;Niedersachsen;033520059059;Gemeinde
Porta Westfalica;Stadt Porta Westfalica;Kreis Minden-Lübbecke;Nordrhein-Westfalen;057700032032;Stadt
Iserlohn;Stadt Iserlohn;Kreis Märkischer Kreis;Nordrhein-Westfalen;059620024024;Stadt
Berchtesgaden;Gemeinde Berchtesgaden;Landkreis Berchtesgadener Land;Bayern;091720116116;Gemeinde
Haar;Gemeinde Haar;Landkreis München;Bayern;091840123123;Gemeinde
Ingolstadt;Stadt Ingolstadt;Kreisfreie Stadt Ingolstadt;Bayern;091610000000;Stadt
Grabenstätt;Gemeinde Grabenstätt;Landkreis Traunstein;Bayern;091890119119;Gemeinde
Heiligenstadt i.OFr.;Gemeinde Heiligenstadt i.OFr.;Landkreis Bamberg;Bayern;094710142142;Gemeinde
Zeitlofs;Gemeinde Zeitlofs;Landkreis Bad Kissingen;Bayern;096720166166;Gemeinde
Perleberg;Stadt Perleberg;Landkreis Prignitz;Brandenburg;120700296296;Stadt
Wustrow;Gemeinde Wustrow;Landkreis Mecklenburgische Seenplatte;Mecklenburg-Vorpommern;130715155167;Gemeinde
Gardelegen;Stadt Gardelegen;Landkreis Altmarkkreis Salzwedel;Sachsen-Anhalt;150810135135;Stadt
Forstwald;Gemeindefreies Gebiet Forstwald;Landkreis Miltenberg;Bayern;096769452452;Gemeindefreies Gebiet
Vilshofen an der Donau;Stadt Vilshofen an der Donau;Landkreis Passau;Bayern;092750154154;Stadt
Bodolz;Gemeinde Bodolz;Landkreis Lindau (Bodensee);Bayern;097760111111;Gemeinde
Oranienburg;Stadt Oranienburg;Landkreis Oberhavel;Brandenburg;120650256256;Stadt
Hohenfelde;Gemeinde Hohenfelde;Kreis Stormarn;Schleswig-Holstein;010625270033;Gemeinde
Horst;Gemeinde Horst;Kreis Herzogtum Lauenburg;Schleswig-Holstein;010535358057;Gemeinde
Niederweiler;Gemeinde Niederweiler;Landkreis Eifelkreis Bitburg-Prüm;Rheinland-Pfalz;072325008092;Gemeinde
Pohle;Gemeinde Pohle;Landkreis Schaumburg;Niedersachsen;032575406029;Gemeinde
Heiligenstedten;Gemeinde Heiligenstedten;Kreis Steinburg;Schleswig-Holstein;010615138034;Gemeinde
Hohenaspe;Gemeinde Hohenaspe;Kreis Steinburg;Schleswig-Holstein;010615138040;Gemeinde
Fitzbek;Gemeinde Fitzbek;Kreis Steinburg;Schleswig-Holstein;010615189028;Gemeinde
Brücken;Gemeinde Brücken;Landkreis Birkenfeld;Rheinland-Pfalz;071345002015;Gemeinde
Hausen;Gemeinde Hausen;Landkreis Birkenfeld;Rheinland-Pfalz;071345005035;Gemeinde
Niederhambach;Gemeinde Niederhambach;Landkreis Birkenfeld;Rheinland-Pfalz;071345002058;Gemeinde
Gerach;Gemeinde Gerach;Landkreis Birkenfeld;Rheinland-Pfalz;071345005028;Gemeinde
Solkwitz;Gemeinde Solkwitz;Landkreis Saale-Orla-Kreis;Thüringen;160755005105;Gemeinde
Steinebach/Sieg;Gemeinde Steinebach/Sieg;Landkreis Altenkirchen (Westerwald);Rheinland-Pfalz;071325009107;Gemeinde
Abentheuer;Gemeinde Abentheuer;Landkreis Birkenfeld;Rheinland-Pfalz;071345002001;Gemeinde
Dorsheim;Gemeinde Dorsheim;Landkreis Bad Kreuznach;Rheinland-Pfalz;071335011026;Gemeinde
Ditscheid;Gemeinde Ditscheid;Landkreis Mayen-Koblenz;Rheinland-Pfalz;071375003019;Gemeinde
Luxem;Gemeinde Luxem;Landkreis Mayen-Koblenz;Rheinland-Pfalz;071375003066;Gemeinde
Virneburg;Gemeinde Virneburg;Landkreis Mayen-Koblenz;Rheinland-Pfalz;071375003105;Gemeinde
Kaiser-Wilhelm-Koog;Gemeinde Kaiser-Wilhelm-Koog;Kreis Dithmarschen;Schleswig-Holstein;010515166057;Gemeinde
Hochdonn;Gemeinde Hochdonn;Kreis Dithmarschen;Schleswig-Holstein;010515163051;Gemeinde
Braderup;Gemeinde Braderup;Kreis Nordfriesland;Schleswig-Holstein;010545489017;Gemeinde
Hochstadt (Pfalz);Gemeinde Hochstadt (Pfalz);Landkreis Südliche Weinstraße;Rheinland-Pfalz;073375007041;Gemeinde
Dudenhofen;Gemeinde Dudenhofen;Landkreis Rhein-Pfalz-Kreis;Rheinland-Pfalz;073385007007;Gemeinde
Langendorf;Gemeinde Langendorf;Landkreis Lüchow-Dannenberg;Niedersachsen;033545406014;Gemeinde
Niefern-Öschelbronn;Gemeinde Niefern-Öschelbronn;Landkreis Enzkreis;Baden-Württemberg;082360046046;Gemeinde
Reilingen;Gemeinde Reilingen;Landkreis Rhein-Neckar-Kreis;Baden-Württemberg;082265004068;Gemeinde
Wimsheim;Gemeinde Wimsheim;Landkreis Enzkreis;Baden-Württemberg;082365001067;Gemeinde
Mühlenbach;Gemeinde Mühlenbach;Landkreis Ortenaukreis;Baden-Württemberg;083175004078;Gemeinde
Reichenbach-Steegen;Gemeinde Reichenbach-Steegen;Landkreis Kaiserslautern;Rheinland-Pfalz;073355009501;Gemeinde
Schwarzen;Gemeinde Schwarzen;Landkreis Rhein-Hunsrück-Kreis;Rheinland-Pfalz;071405004141;Gemeinde
Holzhausen an der Haide;Gemeinde Holzhausen an der Haide;Landkreis Rhein-Lahn-Kreis;Rheinland-Pfalz;071415007060;Gemeinde
Oberweiler im Tal;Gemeinde Oberweiler im Tal;Landkreis Kusel;Rheinland-Pfalz;073365008072;Gemeinde
Mehrstetten;Gemeinde Mehrstetten;Landkreis Reutlingen;Baden-Württemberg;084155003048;Gemeinde
Horschbach;Gemeinde Horschbach;Landkreis Kusel;Rheinland-Pfalz;073365010046;Gemeinde
Flacht;Gemeinde Flacht;Landkreis Rhein-Lahn-Kreis;Rheinland-Pfalz;071415011043;Gemeinde
Roth;Gemeinde Roth;Landkreis Rhein-Lahn-Kreis;Rheinland-Pfalz;071415011118;Gemeinde
Großalmerode;Stadt Großalmerode;Landkreis Werra-Meißner-Kreis;Hessen;066360004004;Stadt
Teschenmoschel;Gemeinde Teschenmoschel;Landkreis Donnersbergkreis;Rheinland-Pfalz;073335007077;Gemeinde
Kobern-Gondorf;Gemeinde Kobern-Gondorf;Landkreis Mayen-Koblenz;Rheinland-Pfalz;071375009212;Gemeinde
Steinhagen;Gemeinde Steinhagen;Landkreis Rostock;Mecklenburg-Vorpommern;130725252101;Gemeinde
Friedrichsgabekoog;Gemeinde Friedrichsgabekoog;Kreis Dithmarschen;Schleswig-Holstein;010515178033;Gemeinde
Prohn;Gemeinde Prohn;Landkreis Vorpommern-Rügen;Mecklenburg-Vorpommern;130735351068;Gemeinde
Westerdeichstrich;Gemeinde Westerdeichstrich;Kreis Dithmarschen;Schleswig-Holstein;010515178132;Gemeinde
Frankenwinheim;Gemeinde Frankenwinheim;Landkreis Schweinfurt;Bayern;096785642130;Gemeinde
Obing;Gemeinde Obing;Landkreis Traunstein;Bayern;091895170133;Gemeinde
Schleching;Gemeinde Schleching;Landkreis Traunstein;Bayern;091890141141;Gemeinde
Baabe;Gemeinde Baabe;Landkreis Vorpommern-Rügen;Mecklenburg-Vorpommern;130735357006;Gemeinde
Prem;Gemeinde Prem;Landkreis Weilheim-Schongau;Bayern;091905180143;Gemeinde
Mauth;Gemeinde Mauth;Landkreis Freyung-Grafenau;Bayern;092720134134;Gemeinde
Geisenhausen;Gemeinde Geisenhausen;Landkreis Landshut;Bayern;092740134134;Gemeinde
Hohenthann;Gemeinde Hohenthann;Landkreis Landshut;Bayern;092740141141;Gemeinde
Krummin;Gemeinde Krummin;Landkreis Vorpommern-Greifswald;Mecklenburg-Vorpommern;130755551072;Gemeinde
Vogelsang-Warsin;Gemeinde Vogelsang-Warsin;Landkreis Vorpommern-Greifswald;Mecklenburg-Vorpommern;130755552139;Gemeinde
Effeltrich;Gemeinde Effeltrich;Landkreis Forchheim;Bayern;094745425122;Gemeinde
Tiefenbach;Gemeinde Tiefenbach;Landkreis Landshut;Bayern;092740182182;Gemeinde
Ramin;Gemeinde Ramin;Landkreis Vorpommern-Greifswald;Mecklenburg-Vorpommern;130755556113;Gemeinde
Fahrenwalde;Gemeinde Fahrenwalde;Landkreis Vorpommern-Greifswald;Mecklenburg-Vorpommern;130755560032;Gemeinde
Düchelsdorf;Gemeinde Düchelsdorf;Kreis Herzogtum Lauenburg;Schleswig-Holstein;010535308024;Gemeinde
Niedernberg;Gemeinde Niedernberg;Landkreis Miltenberg;Bayern;096760144144;Gemeinde
Etzelwang;Gemeinde Etzelwang;Landkreis Amberg-Sulzbach;Bayern;093715303140;Gemeinde
Birgland;Gemeinde Birgland;Landkreis Amberg-Sulzbach;Bayern;093715304116;Gemeinde
Parkstetten;Gemeinde Parkstetten;Landkreis Straubing-Bogen;Bayern;092780170170;Gemeinde
Furth im Wald;Stadt Furth im Wald;Landkreis Cham;Bayern;093720126126;Stadt
Schorndorf;Gemeinde Schorndorf;Landkreis Cham;Bayern;093720158158;Gemeinde
Tiefenbach;Gemeinde Tiefenbach;Landkreis Cham;Bayern;093725308163;Gemeinde
Grimmelshausen;Gemeinde Grimmelshausen;Landkreis Hildburghausen;Thüringen;160695002016;Gemeinde
Mühlhausen;Gemeinde Mühlhausen;Landkreis Neumarkt i.d.OPf.;Bayern;093730146146;Gemeinde
Urspringen;Gemeinde Urspringen;Landkreis Main-Spessart;Bayern;096775621193;Gemeinde
Schierling;Gemeinde Schierling;Landkreis Regensburg;Bayern;093750196196;Gemeinde
Kleinostheim;Gemeinde Kleinostheim;Landkreis Aschaffenburg;Bayern;096710136136;Gemeinde
Mertingen;Gemeinde Mertingen;Landkreis Donau-Ries;Bayern;097790181181;Gemeinde
Wolferlohe;Gemeindefreies Gebiet Wolferlohe;Landkreis Schwandorf;Bayern;093769455455;Gemeindefreies Gebiet
Westerhorn;Gemeinde Westerhorn;Kreis Pinneberg;Schleswig-Holstein;010565636051;Gemeinde
Tramm;Gemeinde Tramm;Landkreis Ludwigslust-Parchim;Mecklenburg-Vorpommern;130765668140;Gemeinde
Schwarzenberg/Erzgeb.;Stadt Schwarzenberg/Erzgeb.;Landkreis Erzgebirgskreis;Sachsen;145210550550;Stadt
Thum;Stadt Thum;Landkreis Erzgebirgskreis;Sachsen;145210640640;Stadt
Heidersdorf;Gemeinde Heidersdorf;Landkreis Erzgebirgskreis;Sachsen;145215132280;Gemeinde
Ecklingerode;Gemeinde Ecklingerode;Landkreis Eichsfeld;Thüringen;160615001026;Gemeinde
Teldau;Gemeinde Teldau;Landkreis Ludwigslust-Parchim;Mecklenburg-Vorpommern;130765652136;Gemeinde
Gresse;Gemeinde Gresse;Landkreis Ludwigslust-Parchim;Mecklenburg-Vorpommern;130765652054;Gemeinde
Ruhner Berge;Gemeinde Ruhner Berge;Landkreis Ludwigslust-Parchim;Mecklenburg-Vorpommern;130765655168;Gemeinde
Obere Warnow;Gemeinde Obere Warnow;Landkreis Ludwigslust-Parchim;Mecklenburg-Vorpommern;130765662164;Gemeinde
Hilgertshausen-Tandern;Gemeinde Hilgertshausen-Tandern;Landkreis Dachau;Bayern;091740147147;Gemeinde
Zedlitz;Gemeinde Zedlitz;Landkreis Greiz;Thüringen;160765006086;Gemeinde
Winterbach;Gemeinde Winterbach;Landkreis Bad Kreuznach;Rheinland-Pfalz;071335006115;Gemeinde
Hesel;Gemeinde Hesel;Landkreis Leer;Niedersachsen;034575402010;Gemeinde
Bruschied;Gemeinde Bruschied;Landkreis Bad Kreuznach;Rheinland-Pfalz;071335009201;Gemeinde
Bärweiler;Gemeinde Bärweiler;Landkreis Bad Kreuznach;Rheinland-Pfalz;071335010009;Gemeinde
Datzeroth;Gemeinde Datzeroth;Landkreis Neuwied;Rheinland-Pfalz;071385009010;Gemeinde
Ehlscheid;Gemeinde Ehlscheid;Landkreis Neuwied;Rheinland-Pfalz;071385009015;Gemeinde
Kurtscheid;Gemeinde Kurtscheid;Landkreis Neuwied;Rheinland-Pfalz;071385009036;Gemeinde
Vrees;Gemeinde Vrees;Landkreis Emsland;Niedersachsen;034545409055;Gemeinde
Spiekeroog;Gemeinde Spiekeroog;Landkreis Wittmund;Niedersachsen;034620014014;Gemeinde
Alsbach;Gemeinde Alsbach;Landkreis Westerwaldkreis;Rheinland-Pfalz;071435005001;Gemeinde
Kasseburg;Gemeinde Kasseburg;Kreis Herzogtum Lauenburg;Schleswig-Holstein;010535373060;Gemeinde
Jüchen;Stadt Jüchen;Kreis Rhein-Kreis Neuss;Nordrhein-Westfalen;051620012012;Stadt
Oberhaid;Gemeinde Oberhaid;Landkreis Westerwaldkreis;Rheinland-Pfalz;071435005059;Gemeinde
Wirscheid;Gemeinde Wirscheid;Landkreis Westerwaldkreis;Rheinland-Pfalz;071435005082;Gemeinde
Bretthausen;Gemeinde Bretthausen;Landkreis Westerwaldkreis;Rheinland-Pfalz;071435006214;Gemeinde
Nettetal;Stadt Nettetal;Kreis Viersen;Nordrhein-Westfalen;051660016016;Stadt
Hünxe;Gemeinde Hünxe;Kreis Wesel;Nordrhein-Westfalen;051700016016;Gemeinde
Kamp-Lintfort;Stadt Kamp-Lintfort;Kreis Wesel;Nordrhein-Westfalen;051700020020;Stadt
Treuen;Stadt Treuen;Landkreis Vogtlandkreis;Sachsen;145235134430;Stadt
Weida;Stadt Weida;Landkreis Greiz;Thüringen;160765053079;Stadt
Rheinbach;Stadt Rheinbach;Kreis Rhein-Sieg-Kreis;Nordrhein-Westfalen;053820048048;Stadt
Steinachsrangen;Gemeindefreies Gebiet Steinachsrangen;Landkreis Bamberg;Bayern;094719460460;Gemeindefreies Gebiet
Roetgen;Gemeinde Roetgen;Kreis Städteregion Aachen;Nordrhein-Westfalen;053340024024;Gemeinde
Herschbach (Oberwesterwald);Gemeinde Herschbach (Oberwesterwald);Landkreis Westerwaldkreis;Rheinland-Pfalz;071435008239;Gemeinde
Hahn am See;Gemeinde Hahn am See;Landkreis Westerwaldkreis;Rheinland-Pfalz;071435008232;Gemeinde
Würselen;Stadt Würselen;Kreis Städteregion Aachen;Nordrhein-Westfalen;053340036036;Stadt
Havixbeck;Gemeinde Havixbeck;Kreis Coesfeld;Nordrhein-Westfalen;055580020020;Gemeinde
Girkenroth;Gemeinde Girkenroth;Landkreis Westerwaldkreis;Rheinland-Pfalz;071435009226;Gemeinde
Beelen;Gemeinde Beelen;Kreis Warendorf;Nordrhein-Westfalen;055700012012;Gemeinde
Enger;Stadt Enger;Kreis Herford;Nordrhein-Westfalen;057580008008;Stadt
Oberwiesen;Gemeinde Oberwiesen;Landkreis Donnersbergkreis;Rheinland-Pfalz;073335004056;Gemeinde
Lemgo;Stadt Lemgo;Kreis Lippe;Nordrhein-Westfalen;057660044044;Stadt
Trappstadt;Gemeinde Trappstadt;Landkreis Rhön-Grabfeld;Bayern;096735634174;Gemeinde
Edersleben;Gemeinde Edersleben;Landkreis Mansfeld-Südharz;Sachsen-Anhalt;150875051125;Gemeinde
Braunsbedra;Stadt Braunsbedra;Landkreis Saalekreis;Sachsen-Anhalt;150880065065;Stadt
Nemsdorf-Göhrendorf;Gemeinde Nemsdorf-Göhrendorf;Landkreis Saalekreis;Sachsen-Anhalt;150885051250;Gemeinde
Boxberg;Gemeinde Boxberg;Landkreis Vulkaneifel;Rheinland-Pfalz;072335004010;Gemeinde
Biblis;Gemeinde Biblis;Landkreis Bergstraße;Hessen;064310003003;Gemeinde
Sitters;Gemeinde Sitters;Landkreis Donnersbergkreis;Rheinland-Pfalz;073335007072;Gemeinde
Dieburg;Stadt Dieburg;Landkreis Darmstadt-Dieburg;Hessen;064320004004;Stadt
Nauheim;Gemeinde Nauheim;Landkreis Groß-Gerau;Hessen;064330009009;Gemeinde
Reinheim;Stadt Reinheim;Landkreis Darmstadt-Dieburg;Hessen;064320019019;Stadt
Rüsselsheim am Main;Stadt Rüsselsheim am Main;Landkreis Groß-Gerau;Hessen;064330012012;Stadt
Usingen;Stadt Usingen;Landkreis Hochtaunuskreis;Hessen;064340011011;Stadt
Attendorn;Stadt Attendorn;Kreis Olpe;Nordrhein-Westfalen;059660004004;Stadt
Lennestadt;Stadt Lennestadt;Kreis Olpe;Nordrhein-Westfalen;059660020020;Stadt
Imsbach;Gemeinde Imsbach;Landkreis Donnersbergkreis;Rheinland-Pfalz;073335006033;Gemeinde
Hatzenport;Gemeinde Hatzenport;Landkreis Mayen-Koblenz;Rheinland-Pfalz;071375009208;Gemeinde
Reitzenhain;Gemeinde Reitzenhain;Landkreis Rhein-Lahn-Kreis;Rheinland-Pfalz;071415009115;Gemeinde
Warstein;Stadt Warstein;Kreis Soest;Nordrhein-Westfalen;059740044044;Stadt
Dörrmoschel;Gemeinde Dörrmoschel;Landkreis Donnersbergkreis;Rheinland-Pfalz;073335007016;Gemeinde
Imsweiler;Gemeinde Imsweiler;Landkreis Donnersbergkreis;Rheinland-Pfalz;073335007034;Gemeinde
Fröndenberg/Ruhr;Stadt Fröndenberg/Ruhr;Kreis Unna;Nordrhein-Westfalen;059780012012;Stadt
Niederhausen an der Appel;Gemeinde Niederhausen an der Appel;Landkreis Donnersbergkreis;Rheinland-Pfalz;073335007050;Gemeinde
Altena;Stadt Altena;Kreis Märkischer Kreis;Nordrhein-Westfalen;059620004004;Stadt
Niedernhausen;Gemeinde Niedernhausen;Landkreis Rheingau-Taunus-Kreis;Hessen;064390011011;Gemeinde
Waldems;Gemeinde Waldems;Landkreis Rheingau-Taunus-Kreis;Hessen;064390016016;Gemeinde
Hochheim am Main;Stadt Hochheim am Main;Landkreis Main-Taunus-Kreis;Hessen;064360006006;Stadt
Dillenburg;Stadt Dillenburg;Landkreis Lahn-Dill-Kreis;Hessen;065320006006;Stadt
Waldsolms;Gemeinde Waldsolms;Landkreis Lahn-Dill-Kreis;Hessen;065320022022;Gemeinde
Mengerskirchen;Gemeinde Mengerskirchen;Landkreis Limburg-Weilburg;Hessen;065330011011;Gemeinde
Bad Salzschlirf;Gemeinde Bad Salzschlirf;Landkreis Fulda;Hessen;066310001001;Gemeinde
Hilders;Gemeinde Hilders;Landkreis Fulda;Hessen;066310012012;Gemeinde
Fulda;Stadt Fulda;Landkreis Fulda;Hessen;066310009009;Stadt
Sersheim;Gemeinde Sersheim;Landkreis Ludwigsburg;Baden-Württemberg;081185008068;Gemeinde
Sinzig;Stadt Sinzig;Landkreis Ahrweiler;Rheinland-Pfalz;071310077077;Stadt
Marktgraitz;Gemeinde Marktgraitz;Landkreis Lichtenfels;Bayern;094785441143;Gemeinde
Freising;Stadt Freising;Landkreis Freising;Bayern;091780124124;Stadt
Pölchow;Gemeinde Pölchow;Landkreis Rostock;Mecklenburg-Vorpommern;130725263080;Gemeinde
Burgwindheim;Gemeinde Burgwindheim;Landkreis Bamberg;Bayern;094715407122;Gemeinde
Wadgassen;Gemeinde Wadgassen;Landkreis Saarlouis;Saarland;100440120120;Gemeinde
Ottweiler;Stadt Ottweiler;Landkreis Neunkirchen;Saarland;100430115115;Stadt
Lebach;Stadt Lebach;Landkreis Saarlouis;Saarland;100440112112;Stadt
Dillingen/Saar;Stadt Dillingen/Saar;Landkreis Saarlouis;Saarland;100440111111;Stadt
Oberau;Gemeinde Oberau;Landkreis Garmisch-Partenkirchen;Bayern;091800126126;Gemeinde
Leimbach;Gemeinde Leimbach;Landkreis Wartburgkreis;Thüringen;160635051051;Gemeinde
Körner;Gemeinde Körner;Landkreis Unstrut-Hainich-Kreis;Thüringen;160645055037;Gemeinde
Hohenfelde;Gemeinde Hohenfelde;Landkreis Rostock;Mecklenburg-Vorpommern;130725251047;Gemeinde
Ollendorf;Gemeinde Ollendorf;Landkreis Sömmerda;Thüringen;160685012039;Gemeinde
Römhild;Stadt Römhild;Landkreis Hildburghausen;Thüringen;160690062062;Stadt
Halsenbach;Gemeinde Halsenbach;Landkreis Rhein-Hunsrück-Kreis;Rheinland-Pfalz;071405009045;Gemeinde
Lahnstein;Stadt Lahnstein;Landkreis Rhein-Lahn-Kreis;Rheinland-Pfalz;071410075075;Stadt
Diez;Stadt Diez;Landkreis Rhein-Lahn-Kreis;Rheinland-Pfalz;071415003029;Stadt
Magdala;Stadt Magdala;Landkreis Weimarer Land;Thüringen;160715008053;Stadt
Brekendorf;Gemeinde Brekendorf;Kreis Rendsburg-Eckernförde;Schleswig-Holstein;010585890030;Gemeinde
Saalfeld/Saale;Stadt Saalfeld/Saale;Landkreis Saalfeld-Rudolstadt;Thüringen;160730077077;Stadt
Silbitz;Gemeinde Silbitz;Landkreis Saale-Holzland-Kreis;Thüringen;160745005092;Gemeinde
Eßbach;Gemeinde Eßbach;Landkreis Saale-Orla-Kreis;Thüringen;160755013023;Gemeinde
Graitschen b.Bürgel;Gemeinde Graitschen b.Bürgel;Landkreis Saale-Holzland-Kreis;Thüringen;160745051028;Gemeinde
Schwarzbach;Gemeinde Schwarzbach;Landkreis Oberspreewald-Lausitz;Brandenburg;120665607292;Gemeinde
Sonnenberg;Gemeinde Sonnenberg;Landkreis Oberhavel;Brandenburg;120655502301;Gemeinde
Bayrischzell;Gemeinde Bayrischzell;Landkreis Miesbach;Bayern;091820112112;Gemeinde
Borod;Gemeinde Borod;Landkreis Westerwaldkreis;Rheinland-Pfalz;071435002212;Gemeinde
Lebus;Stadt Lebus;Landkreis Märkisch-Oderland;Brandenburg;120645406268;Stadt
Buckow (Märkische Schweiz);Stadt Buckow (Märkische Schweiz);Landkreis Märkisch-Oderland;Brandenburg;120645408084;Stadt
Zeschdorf;Gemeinde Zeschdorf;Landkreis Märkisch-Oderland;Brandenburg;120645406539;Gemeinde
Hennigsdorf;Stadt Hennigsdorf;Landkreis Oberhavel;Brandenburg;120650136136;Stadt
Weißendorf;Gemeinde Weißendorf;Landkreis Greiz;Thüringen;160765054081;Gemeinde
Aschheim;Gemeinde Aschheim;Landkreis München;Bayern;091840112112;Gemeinde
Bickendorf;Gemeinde Bickendorf;Landkreis Eifelkreis Bitburg-Prüm;Rheinland-Pfalz;072325008014;Gemeinde
Regnitzlosau;Gemeinde Regnitzlosau;Landkreis Hof;Bayern;094750161161;Gemeinde
Bad Aibling;Stadt Bad Aibling;Landkreis Rosenheim;Bayern;091870117117;Stadt
Scheyern;Gemeinde Scheyern;Landkreis Pfaffenhofen a.d.Ilm;Bayern;091860151151;Gemeinde
Seddiner See;Gemeinde Seddiner See;Landkreis Potsdam-Mittelmark;Brandenburg;120690596596;Gemeinde
Gräben;Gemeinde Gräben;Landkreis Potsdam-Mittelmark;Brandenburg;120695918232;Gemeinde
Lanz;Gemeinde Lanz;Landkreis Prignitz;Brandenburg;120705005236;Gemeinde
Stapelfeld;Gemeinde Stapelfeld;Kreis Stormarn;Schleswig-Holstein;010625262071;Gemeinde
Rednitzhembach;Gemeinde Rednitzhembach;Landkreis Roth;Bayern;095760137137;Gemeinde
Rangsdorf;Gemeinde Rangsdorf;Landkreis Teltow-Fläming;Brandenburg;120720340340;Gemeinde
Carmzow-Wallmow;Gemeinde Carmzow-Wallmow;Landkreis Uckermark;Brandenburg;120735303093;Gemeinde
Hohenselchow-Groß Pinnow;Gemeinde Hohenselchow-Groß Pinnow;Landkreis Uckermark;Brandenburg;120735304309;Gemeinde
Maßweiler;Gemeinde Maßweiler;Landkreis Südwestpfalz;Rheinland-Pfalz;073405009217;Gemeinde
Esslingen am Neckar;Stadt Esslingen am Neckar;Landkreis Esslingen;Baden-Württemberg;081160019019;Stadt
Hochdorf;Gemeinde Hochdorf;Landkreis Esslingen;Baden-Württemberg;081165007027;Gemeinde
Lauterstein;Stadt Lauterstein;Landkreis Göppingen;Baden-Württemberg;081175006061;Stadt
Dintesheim;Gemeinde Dintesheim;Landkreis Alzey-Worms;Rheinland-Pfalz;073315001014;Gemeinde
Marbach am Neckar;Stadt Marbach am Neckar;Landkreis Ludwigsburg;Baden-Württemberg;081185005049;Stadt
Gemmrigheim;Gemeinde Gemmrigheim;Landkreis Ludwigsburg;Baden-Württemberg;081185001018;Gemeinde
Niederkirchen bei Deidesheim;Gemeinde Niederkirchen bei Deidesheim;Landkreis Bad Dürkheim;Rheinland-Pfalz;073325001039;Gemeinde
Elmstein;Gemeinde Elmstein;Landkreis Bad Dürkheim;Rheinland-Pfalz;073325005014;Gemeinde
Wallscheid;Gemeinde Wallscheid;Landkreis Bernkastel-Wittlich;Rheinland-Pfalz;072315008127;Gemeinde
Schopp;Gemeinde Schopp;Landkreis Kaiserslautern;Rheinland-Pfalz;073355011204;Gemeinde
Fischbach bei Dahn;Gemeinde Fischbach bei Dahn;Landkreis Südwestpfalz;Rheinland-Pfalz;073405001011;Gemeinde
Oberpierscheid;Gemeinde Oberpierscheid;Landkreis Eifelkreis Bitburg-Prüm;Rheinland-Pfalz;072325001285;Gemeinde
Lasel;Gemeinde Lasel;Landkreis Eifelkreis Bitburg-Prüm;Rheinland-Pfalz;072325006256;Gemeinde
Fleringen;Gemeinde Fleringen;Landkreis Eifelkreis Bitburg-Prüm;Rheinland-Pfalz;072325006223;Gemeinde
Heisdorf;Gemeinde Heisdorf;Landkreis Eifelkreis Bitburg-Prüm;Rheinland-Pfalz;072325006238;Gemeinde
Rascheid;Gemeinde Rascheid;Landkreis Trier-Saarburg;Rheinland-Pfalz;072355001112;Gemeinde
Ilvesheim;Gemeinde Ilvesheim;Landkreis Rhein-Neckar-Kreis;Baden-Württemberg;082260036036;Gemeinde
Baienfurt;Gemeinde Baienfurt;Landkreis Ravensburg;Baden-Württemberg;084365005011;Gemeinde
Saarburg;Stadt Saarburg;Landkreis Trier-Saarburg;Rheinland-Pfalz;072355008118;Stadt
Welschbillig;Gemeinde Welschbillig;Landkreis Trier-Saarburg;Rheinland-Pfalz;072355007501;Gemeinde
Kell am See;Gemeinde Kell am See;Landkreis Trier-Saarburg;Rheinland-Pfalz;072355008058;Gemeinde
Friedrichstadt;Stadt Friedrichstadt;Kreis Nordfriesland;Schleswig-Holstein;010540033033;Stadt
Timmendorfer Strand;Gemeinde Timmendorfer Strand;Kreis Ostholstein;Schleswig-Holstein;010550042042;Gemeinde
Kabelhorst;Gemeinde Kabelhorst;Kreis Ostholstein;Schleswig-Holstein;010555546023;Gemeinde
Sierksdorf;Gemeinde Sierksdorf;Kreis Ostholstein;Schleswig-Holstein;010555591039;Gemeinde
Lehmen;Gemeinde Lehmen;Landkreis Mayen-Koblenz;Rheinland-Pfalz;071375009504;Gemeinde
Uetersen;Stadt Uetersen;Kreis Pinneberg;Schleswig-Holstein;010560049049;Stadt
Fiefbergen;Gemeinde Fiefbergen;Kreis Plön;Schleswig-Holstein;010575755020;Gemeinde
Köhn;Gemeinde Köhn;Kreis Plön;Schleswig-Holstein;010575755039;Gemeinde
Osdorf;Gemeinde Osdorf;Kreis Rendsburg-Eckernförde;Schleswig-Holstein;010585824121;Gemeinde
Beldorf;Gemeinde Beldorf;Kreis Rendsburg-Eckernförde;Schleswig-Holstein;010585895013;Gemeinde
Jörl;Gemeinde Jörl;Kreis Schleswig-Flensburg;Schleswig-Holstein;010595912132;Gemeinde
Segnitz;Gemeinde Segnitz;Landkreis Kitzingen;Bayern;096755618166;Gemeinde
Rabenkirchen-Faulück;Gemeinde Rabenkirchen-Faulück;Kreis Schleswig-Flensburg;Schleswig-Holstein;010595920068;Gemeinde
Mündersbach;Gemeinde Mündersbach;Landkreis Westerwaldkreis;Rheinland-Pfalz;071435002268;Gemeinde
Groß Rönnau;Gemeinde Groß Rönnau;Kreis Segeberg;Schleswig-Holstein;010605086030;Gemeinde
Rodenäs;Gemeinde Rodenäs;Kreis Nordfriesland;Schleswig-Holstein;010545489110;Gemeinde
Orlenbach;Gemeinde Orlenbach;Landkreis Eifelkreis Bitburg-Prüm;Rheinland-Pfalz;072325006290;Gemeinde
Titz;Gemeinde Titz;Kreis Düren;Nordrhein-Westfalen;053580056056;Gemeinde
Hattstedtermarsch;Gemeinde Hattstedtermarsch;Kreis Nordfriesland;Schleswig-Holstein;010545492043;Gemeinde
Bokensdorf;Gemeinde Bokensdorf;Landkreis Gifhorn;Niedersachsen;031515401004;Gemeinde
Steinhorst;Gemeinde Steinhorst;Landkreis Gifhorn;Niedersachsen;031515403029;Gemeinde
Wagenhoff;Gemeinde Wagenhoff;Landkreis Gifhorn;Niedersachsen;031515407035;Gemeinde
Rötgesbüttel;Gemeinde Rötgesbüttel;Landkreis Gifhorn;Niedersachsen;031515406023;Gemeinde
Hollenbek;Gemeinde Hollenbek;Kreis Herzogtum Lauenburg;Schleswig-Holstein;010535358054;Gemeinde
Vettweiß;Gemeinde Vettweiß;Kreis Düren;Nordrhein-Westfalen;053580060060;Gemeinde
Rollshausen;Gemeinde Rollshausen;Landkreis Göttingen;Niedersachsen;031595402028;Gemeinde
Feilsdorf;Gemeinde Feilsdorf;Landkreis Eifelkreis Bitburg-Prüm;Rheinland-Pfalz;072325008036;Gemeinde
Neu Duvenstedt;Gemeinde Neu Duvenstedt;Kreis Rendsburg-Eckernförde;Schleswig-Holstein;010585890111;Gemeinde
Höchheim;Gemeinde Höchheim;Landkreis Rhön-Grabfeld;Bayern;096735634134;Gemeinde
Sulzdorf a.d.Lederhecke;Gemeinde Sulzdorf a.d.Lederhecke;Landkreis Rhön-Grabfeld;Bayern;096735634172;Gemeinde
Hausen;Gemeinde Hausen;Landkreis Rhön-Grabfeld;Bayern;096735637129;Gemeinde
Bobingen;Stadt Bobingen;Landkreis Augsburg;Bayern;097720125125;Stadt
Motten;Gemeinde Motten;Landkreis Bad Kissingen;Bayern;096720134134;Gemeinde
Albertshofen;Gemeinde Albertshofen;Landkreis Kitzingen;Bayern;096755617112;Gemeinde
Sandbostel;Gemeinde Sandbostel;Landkreis Rotenburg (Wümme);Niedersachsen;033575404040;Gemeinde
Wagenfeld;Gemeinde Wagenfeld;Landkreis Diepholz;Niedersachsen;032510044044;Gemeinde
Delligsen;Gemeinde Delligsen;Landkreis Holzminden;Niedersachsen;032550008008;Gemeinde
Giesen;Gemeinde Giesen;Landkreis Hildesheim;Niedersachsen;032540017017;Gemeinde
Holtgast;Gemeinde Holtgast;Landkreis Wittmund;Niedersachsen;034625401006;Gemeinde
Rehburg-Loccum;Stadt Rehburg-Loccum;Landkreis Nienburg (Weser);Niedersachsen;032560025025;Stadt
Merxhausen;Gemeindefreies Gebiet Merxhausen;Landkreis Holzminden;Niedersachsen;032559506506;Gemeindefreies Gebiet
Buborn;Gemeinde Buborn;Landkreis Kusel;Rheinland-Pfalz;073365008012;Gemeinde
Marklohe;Gemeinde Marklohe;Landkreis Nienburg (Weser);Niedersachsen;032565411021;Gemeinde
Hohnhorst;Gemeinde Hohnhorst;Landkreis Schaumburg;Niedersachsen;032575403016;Gemeinde
Bad Eilsen;Gemeinde Bad Eilsen;Landkreis Schaumburg;Niedersachsen;032575401005;Gemeinde
Samerberg;Gemeinde Samerberg;Landkreis Rosenheim;Bayern;091870172172;Gemeinde
Celle;Stadt Celle;Landkreis Celle;Niedersachsen;033510006006;Stadt
Rott a.Inn;Gemeinde Rott a.Inn;Landkreis Rosenheim;Bayern;091875165170;Gemeinde
Weßling;Gemeinde Weßling;Landkreis Starnberg;Bayern;091880144144;Gemeinde
Kaufbeuren;Stadt Kaufbeuren;Kreisfreie Stadt Kaufbeuren;Bayern;097620000000;Stadt
Hafenlohr;Gemeinde Hafenlohr;Landkreis Main-Spessart;Bayern;096775621135;Gemeinde
Gaukönigshofen;Gemeinde Gaukönigshofen;Landkreis Würzburg;Bayern;096790134134;Gemeinde
Cuxhaven;Stadt Cuxhaven;Landkreis Cuxhaven;Niedersachsen;033520011011;Stadt
Mittelstenahe;Gemeinde Mittelstenahe;Landkreis Cuxhaven;Niedersachsen;033525404036;Gemeinde
Inchenhofen;Gemeinde Inchenhofen;Landkreis Aichach-Friedberg;Bayern;097710141141;Gemeinde
Obertshausen;Stadt Obertshausen;Landkreis Offenbach;Hessen;064380010010;Stadt
Bellenberg;Gemeinde Bellenberg;Landkreis Neu-Ulm;Bayern;097750115115;Gemeinde
Lindenberg i.Allgäu;Stadt Lindenberg i.Allgäu;Landkreis Lindau (Bodensee);Bayern;097760117117;Stadt
Stade;Stadt Stade;Landkreis Stade;Niedersachsen;033590038038;Stadt
Fredenbeck;Gemeinde Fredenbeck;Landkreis Stade;Niedersachsen;033595402017;Gemeinde
Forchtenberg;Stadt Forchtenberg;Landkreis Hohenlohekreis;Baden-Württemberg;081265004028;Stadt
Rattiszell;Gemeinde Rattiszell;Landkreis Straubing-Bogen;Bayern;092785246179;Gemeinde
Schwanewede;Gemeinde Schwanewede;Landkreis Osterholz;Niedersachsen;033560009009;Gemeinde
Bremervörde;Stadt Bremervörde;Landkreis Rotenburg (Wümme);Niedersachsen;033570008008;Stadt
Sankt Thomas;Gemeinde Sankt Thomas;Landkreis Eifelkreis Bitburg-Prüm;Rheinland-Pfalz;072325008113;Gemeinde
Ebersdorf;Gemeinde Ebersdorf;Landkreis Rotenburg (Wümme);Niedersachsen;033575403012;Gemeinde
Reeßum;Gemeinde Reeßum;Landkreis Rotenburg (Wümme);Niedersachsen;033575406037;Gemeinde
Flein;Gemeinde Flein;Landkreis Heilbronn;Baden-Württemberg;081255005030;Gemeinde
Beckdorf;Gemeinde Beckdorf;Landkreis Stade;Niedersachsen;033595401006;Gemeinde
Bischofswerda;Stadt Bischofswerda;Landkreis Bautzen;Sachsen;146255207040;Stadt
Kottmar;Gemeinde Kottmar;Landkreis Görlitz;Sachsen;146260245245;Gemeinde
Seifhennersdorf;Stadt Seifhennersdorf;Landkreis Görlitz;Sachsen;146260530530;Stadt
Großschweidnitz;Gemeinde Großschweidnitz;Landkreis Görlitz;Sachsen;146265220150;Gemeinde
Königshain;Gemeinde Königshain;Landkreis Görlitz;Sachsen;146265232240;Gemeinde
Trebendorf;Gemeinde Trebendorf;Landkreis Görlitz;Sachsen;146265237560;Gemeinde
Aach;Stadt Aach;Landkreis Konstanz;Baden-Württemberg;083355001001;Stadt
Stauchitz;Gemeinde Stauchitz;Landkreis Meißen;Sachsen;146270260260;Gemeinde
Glashütte;Stadt Glashütte;Landkreis Sächsische Schweiz-Osterzgebirge;Sachsen;146280130130;Stadt
Lohmen;Gemeinde Lohmen;Landkreis Sächsische Schweiz-Osterzgebirge;Sachsen;146285221240;Gemeinde
Liebstadt;Stadt Liebstadt;Landkreis Sächsische Schweiz-Osterzgebirge;Sachsen;146285202230;Stadt
Struppen;Gemeinde Struppen;Landkreis Sächsische Schweiz-Osterzgebirge;Sachsen;146285219390;Gemeinde
Gohrisch;Gemeinde Gohrisch;Landkreis Sächsische Schweiz-Osterzgebirge;Sachsen;146285219140;Gemeinde
Fritzlar;Stadt Fritzlar;Landkreis Schwalm-Eder-Kreis;Hessen;066340005005;Stadt
Warsow;Gemeinde Warsow;Landkreis Ludwigslust-Parchim;Mecklenburg-Vorpommern;130765665147;Gemeinde
Neukirchen;Stadt Neukirchen;Landkreis Schwalm-Eder-Kreis;Hessen;066340017017;Stadt
Ottrau;Gemeinde Ottrau;Landkreis Schwalm-Eder-Kreis;Hessen;066340020020;Gemeinde
Sulzburg;Stadt Sulzburg;Landkreis Breisgau-Hochschwarzwald;Baden-Württemberg;083155012111;Stadt
Königheim;Gemeinde Königheim;Landkreis Main-Tauber-Kreis;Baden-Württemberg;081285004061;Gemeinde
Tauberbischofsheim;Stadt Tauberbischofsheim;Landkreis Main-Tauber-Kreis;Baden-Württemberg;081285004115;Stadt
Wesertal;Gemeinde Wesertal;Landkreis Kassel;Hessen;066330030030;Gemeinde
Erfweiler;Gemeinde Erfweiler;Landkreis Südwestpfalz;Rheinland-Pfalz;073405001009;Gemeinde
Obrigheim;Gemeinde Obrigheim;Landkreis Neckar-Odenwald-Kreis;Baden-Württemberg;082255005074;Gemeinde
Vachendorf;Gemeinde Vachendorf;Landkreis Traunstein;Bayern;091895166161;Gemeinde
Mönsheim;Gemeinde Mönsheim;Landkreis Enzkreis;Baden-Württemberg;082365001039;Gemeinde
Dornhan;Stadt Dornhan;Landkreis Rottweil;Baden-Württemberg;083250012012;Stadt
Schopfloch;Gemeinde Schopfloch;Landkreis Freudenstadt;Baden-Württemberg;082375001061;Gemeinde
Achern;Stadt Achern;Landkreis Ortenaukreis;Baden-Württemberg;083175001001;Stadt
Ettenheim;Stadt Ettenheim;Landkreis Ortenaukreis;Baden-Württemberg;083175002026;Stadt
Göggingen;Gemeinde Göggingen;Landkreis Ostalbkreis;Baden-Württemberg;081365005024;Gemeinde
Staufen im Breisgau;Stadt Staufen im Breisgau;Landkreis Breisgau-Hochschwarzwald;Baden-Württemberg;083155016108;Stadt
Tannhausen;Gemeinde Tannhausen;Landkreis Ostalbkreis;Baden-Württemberg;081365009071;Gemeinde
Fincken;Gemeinde Fincken;Landkreis Mecklenburgische Seenplatte;Mecklenburg-Vorpommern;130715159034;Gemeinde
Oberderdingen;Stadt Oberderdingen;Landkreis Karlsruhe;Baden-Württemberg;082155005059;Stadt
Kuckssee;Gemeinde Kuckssee;Landkreis Mecklenburgische Seenplatte;Mecklenburg-Vorpommern;130715158173;Gemeinde
Hergensweiler;Gemeinde Hergensweiler;Landkreis Lindau (Bodensee);Bayern;097765735115;Gemeinde
Oberreute;Gemeinde Oberreute;Landkreis Lindau (Bodensee);Bayern;097765738121;Gemeinde
Grabowhöfe;Gemeinde Grabowhöfe;Landkreis Mecklenburgische Seenplatte;Mecklenburg-Vorpommern;130715160047;Gemeinde
Tautendorf;Gemeinde Tautendorf;Landkreis Saale-Holzland-Kreis;Thüringen;160745007097;Gemeinde
Buchloe;Stadt Buchloe;Landkreis Ostallgäu;Bayern;097775748121;Stadt
Röckwitz;Gemeinde Röckwitz;Landkreis Mecklenburgische Seenplatte;Mecklenburg-Vorpommern;130715163125;Gemeinde
Grafenhausen;Gemeinde Grafenhausen;Landkreis Waldshut;Baden-Württemberg;083375004039;Gemeinde
Wannweil;Gemeinde Wannweil;Landkreis Reutlingen;Baden-Württemberg;084150080080;Gemeinde
Neukalen;Stadt Neukalen;Landkreis Mecklenburgische Seenplatte;Mecklenburg-Vorpommern;130715153109;Stadt
Blankensee;Gemeinde Blankensee;Landkreis Mecklenburgische Seenplatte;Mecklenburg-Vorpommern;130715156011;Gemeinde
Groß Wittensee;Gemeinde Groß Wittensee;Kreis Rendsburg-Eckernförde;Schleswig-Holstein;010585890066;Gemeinde
Neddemin;Gemeinde Neddemin;Landkreis Mecklenburgische Seenplatte;Mecklenburg-Vorpommern;130715157104;Gemeinde
Wolferstadt;Gemeinde Wolferstadt;Landkreis Donau-Ries;Bayern;097795723231;Gemeinde
Mössingen;Stadt Mössingen;Landkreis Tübingen;Baden-Württemberg;084165002025;Stadt
Straßberg;Gemeinde Straßberg;Landkreis Zollernalbkreis;Baden-Württemberg;084175007063;Gemeinde
Heroldstatt;Gemeinde Heroldstatt;Landkreis Alb-Donau-Kreis;Baden-Württemberg;084255007139;Gemeinde
Westerheim;Gemeinde Westerheim;Landkreis Alb-Donau-Kreis;Baden-Württemberg;084255007134;Gemeinde
Asselfingen;Gemeinde Asselfingen;Landkreis Alb-Donau-Kreis;Baden-Württemberg;084255008011;Gemeinde
Niederwinkling;Gemeinde Niederwinkling;Landkreis Straubing-Bogen;Bayern;092785252159;Gemeinde
Holzheim;Gemeinde Holzheim;Landkreis Donau-Ries;Bayern;097795725163;Gemeinde
Burgrieden;Gemeinde Burgrieden;Landkreis Biberach;Baden-Württemberg;084265005028;Gemeinde
Dürmentingen;Gemeinde Dürmentingen;Landkreis Biberach;Baden-Württemberg;084265007035;Gemeinde
Laucha an der Unstrut;Stadt Laucha an der Unstrut;Landkreis Burgenlandkreis;Sachsen-Anhalt;150845053285;Stadt
Drelsdorf;Gemeinde Drelsdorf;Kreis Nordfriesland;Schleswig-Holstein;010545494024;Gemeinde
Beuron;Gemeinde Beuron;Landkreis Sigmaringen;Baden-Württemberg;084375006005;Gemeinde
Sigmaringendorf;Gemeinde Sigmaringendorf;Landkreis Sigmaringen;Baden-Württemberg;084375006105;Gemeinde
Zerrenthin;Gemeinde Zerrenthin;Landkreis Vorpommern-Greifswald;Mecklenburg-Vorpommern;130755560149;Gemeinde
Edewecht;Gemeinde Edewecht;Landkreis Ammerland;Niedersachsen;034510004004;Gemeinde
Hochstätten;Gemeinde Hochstätten;Landkreis Bad Kreuznach;Rheinland-Pfalz;071335001045;Gemeinde
Pleß;Gemeinde Pleß;Landkreis Unterallgäu;Bayern;097785761188;Gemeinde
Fremdingen;Gemeinde Fremdingen;Landkreis Donau-Ries;Bayern;097790147147;Gemeinde
Rieden am Forggensee;Gemeinde Rieden am Forggensee;Landkreis Ostallgäu;Bayern;097775770163;Gemeinde
Rettenbach a.Auerberg;Gemeinde Rettenbach a.Auerberg;Landkreis Ostallgäu;Bayern;097775772183;Gemeinde
Tussenhausen;Gemeinde Tussenhausen;Landkreis Unterallgäu;Bayern;097780204204;Gemeinde
Todendorf;Gemeinde Todendorf;Kreis Stormarn;Schleswig-Holstein;010625218078;Gemeinde
Minden;Gemeinde Minden;Landkreis Eifelkreis Bitburg-Prüm;Rheinland-Pfalz;072325005082;Gemeinde
Muxerath;Gemeinde Muxerath;Landkreis Eifelkreis Bitburg-Prüm;Rheinland-Pfalz;072325005084;Gemeinde
Prümzurlay;Gemeinde Prümzurlay;Landkreis Eifelkreis Bitburg-Prüm;Rheinland-Pfalz;072325005108;Gemeinde
Sevenig bei Neuerburg;Gemeinde Sevenig bei Neuerburg;Landkreis Eifelkreis Bitburg-Prüm;Rheinland-Pfalz;072325005121;Gemeinde
Scheitenkorb;Gemeinde Scheitenkorb;Landkreis Eifelkreis Bitburg-Prüm;Rheinland-Pfalz;072325005116;Gemeinde
Ausacker;Gemeinde Ausacker;Kreis Schleswig-Flensburg;Schleswig-Holstein;010595919103;Gemeinde
Flöthe;Gemeinde Flöthe;Landkreis Wolfenbüttel;Niedersachsen;031585403014;Gemeinde
Nister;Gemeinde Nister;Landkreis Westerwaldkreis;Rheinland-Pfalz;071435002276;Gemeinde
Dernau;Gemeinde Dernau;Landkreis Ahrweiler;Rheinland-Pfalz;071315002017;Gemeinde
Gebroth;Gemeinde Gebroth;Landkreis Bad Kreuznach;Rheinland-Pfalz;071335006033;Gemeinde
Weißenborn;Gemeinde Weißenborn;Landkreis Werra-Meißner-Kreis;Hessen;066360015015;Gemeinde
Alfstedt;Gemeinde Alfstedt;Landkreis Rotenburg (Wümme);Niedersachsen;033575403002;Gemeinde
Wirft;Gemeinde Wirft;Landkreis Ahrweiler;Rheinland-Pfalz;071315001086;Gemeinde
Lütz;Gemeinde Lütz;Landkreis Cochem-Zell;Rheinland-Pfalz;071355001056;Gemeinde
Dingolshausen;Gemeinde Dingolshausen;Landkreis Schweinfurt;Bayern;096785642122;Gemeinde
Morscheid;Gemeinde Morscheid;Landkreis Trier-Saarburg;Rheinland-Pfalz;072355004090;Gemeinde
Grünendeich;Gemeinde Grünendeich;Landkreis Stade;Niedersachsen;033595406020;Gemeinde
Impflingen;Gemeinde Impflingen;Landkreis Südliche Weinstraße;Rheinland-Pfalz;073375005043;Gemeinde
Fell;Gemeinde Fell;Landkreis Trier-Saarburg;Rheinland-Pfalz;072355006022;Gemeinde
Guderhandviertel;Gemeinde Guderhandviertel;Landkreis Stade;Niedersachsen;033595406021;Gemeinde
Seitenroda;Gemeinde Seitenroda;Landkreis Saale-Holzland-Kreis;Thüringen;160745011089;Gemeinde
Daisendorf;Gemeinde Daisendorf;Landkreis Bodenseekreis;Baden-Württemberg;084355004010;Gemeinde
Marlow;Stadt Marlow;Landkreis Vorpommern-Rügen;Mecklenburg-Vorpommern;130730055055;Stadt
Groß Mohrdorf;Gemeinde Groß Mohrdorf;Landkreis Vorpommern-Rügen;Mecklenburg-Vorpommern;130735351037;Gemeinde
Lichtenborn;Gemeinde Lichtenborn;Landkreis Eifelkreis Bitburg-Prüm;Rheinland-Pfalz;072325001260;Gemeinde
Wachstedt;Gemeinde Wachstedt;Landkreis Eichsfeld;Thüringen;160615013101;Gemeinde
Gillenbeuren;Gemeinde Gillenbeuren;Landkreis Cochem-Zell;Rheinland-Pfalz;071355003035;Gemeinde
Uslar;Stadt Uslar;Landkreis Northeim;Niedersachsen;031550012012;Stadt
Osterode am Harz;Stadt Osterode am Harz;Landkreis Göttingen;Niedersachsen;031590026026;Stadt
Breckerfeld;Stadt Breckerfeld;Kreis Ennepe-Ruhr-Kreis;Nordrhein-Westfalen;059540004004;Stadt
Bad Berleburg;Stadt Bad Berleburg;Kreis Siegen-Wittgenstein;Nordrhein-Westfalen;059700004004;Stadt
Lippetal;Gemeinde Lippetal;Kreis Soest;Nordrhein-Westfalen;059740024024;Gemeinde
Neuhof;Gemeinde Neuhof;Landkreis Fulda;Hessen;066310018018;Gemeinde
Wörth am Rhein;Stadt Wörth am Rhein;Landkreis Germersheim;Rheinland-Pfalz;073340501501;Stadt
Freiburg im Breisgau;Stadt Freiburg im Breisgau;Stadtkreis Freiburg im Breisgau;Baden-Württemberg;083110000000;Stadt
Großfahner;Gemeinde Großfahner;Landkreis Gotha;Thüringen;160675012033;Gemeinde
Gerolsbach;Gemeinde Gerolsbach;Landkreis Pfaffenhofen a.d.Ilm;Bayern;091860125125;Gemeinde
Weiden i.d.OPf.;Stadt Weiden i.d.OPf.;Kreisfreie Stadt Weiden i.d.OPf.;Bayern;093630000000;Stadt
Schnaittenbach;Stadt Schnaittenbach;Landkreis Amberg-Sulzbach;Bayern;093710150150;Stadt
Lippersdorf-Erdmannsdorf;Gemeinde Lippersdorf-Erdmannsdorf;Landkreis Saale-Holzland-Kreis;Thüringen;160745007053;Gemeinde
Kronach;Stadt Kronach;Landkreis Kronach;Bayern;094760145145;Stadt
Ebensfeld;Gemeinde Ebensfeld;Landkreis Lichtenfels;Bayern;094780120120;Gemeinde
Ansbach;Stadt Ansbach;Kreisfreie Stadt Ansbach;Bayern;095610000000;Stadt
Eckental;Gemeinde Eckental;Landkreis Erlangen-Höchstadt;Bayern;095720121121;Gemeinde
Woltersdorf;Gemeinde Woltersdorf;Landkreis Oder-Spree;Brandenburg;120670544544;Gemeinde
Beeskow;Stadt Beeskow;Landkreis Oder-Spree;Brandenburg;120670036036;Stadt
Guhrow;Gemeinde Guhrow;Landkreis Spree-Neiße;Brandenburg;120715101164;Gemeinde
Goldberg;Stadt Goldberg;Landkreis Ludwigslust-Parchim;Mecklenburg-Vorpommern;130765656048;Stadt
Pockau-Lengefeld;Stadt Pockau-Lengefeld;Landkreis Erzgebirgskreis;Sachsen;145210495495;Stadt
Malschwitz;Gemeinde Malschwitz;Landkreis Bautzen;Sachsen;146250340340;Gemeinde
Probstzella;Gemeinde Probstzella;Landkreis Saalfeld-Rudolstadt;Thüringen;160735005067;Gemeinde
Gerbershausen;Gemeinde Gerbershausen;Landkreis Eichsfeld;Thüringen;160615008036;Gemeinde
Tirschenreuth;Stadt Tirschenreuth;Landkreis Tirschenreuth;Bayern;093770154154;Stadt
Altusried;Gemeinde Altusried;Landkreis Oberallgäu;Bayern;097800112112;Gemeinde
Schenkendöbern;Gemeinde Schenkendöbern;Landkreis Spree-Neiße;Brandenburg;120710337337;Gemeinde
Rodder;Gemeinde Rodder;Landkreis Ahrweiler;Rheinland-Pfalz;071315001072;Gemeinde
Halberstadt;Stadt Halberstadt;Landkreis Harz;Sachsen-Anhalt;150850135135;Stadt
Bleicherode;Stadt Bleicherode;Landkreis Nordhausen;Thüringen;160625054066;Stadt
Unterstadion;Gemeinde Unterstadion;Landkreis Alb-Donau-Kreis;Baden-Württemberg;084255010124;Gemeinde
Vogelsberg;Gemeinde Vogelsberg;Landkreis Sömmerda;Thüringen;160685012056;Gemeinde
Witterda;Gemeinde Witterda;Landkreis Sömmerda;Thüringen;160685050061;Gemeinde
Wahlrod;Gemeinde Wahlrod;Landkreis Westerwaldkreis;Rheinland-Pfalz;071435002301;Gemeinde
Rohrbach;Gemeinde Rohrbach;Landkreis Saalfeld-Rudolstadt;Thüringen;160735012074;Gemeinde
Mittelreidenbach;Gemeinde Mittelreidenbach;Landkreis Birkenfeld;Rheinland-Pfalz;071345005055;Gemeinde
Bobeck;Gemeinde Bobeck;Landkreis Saale-Holzland-Kreis;Thüringen;160745053005;Gemeinde
Hütten;Gemeinde Hütten;Kreis Rendsburg-Eckernförde;Schleswig-Holstein;010585890083;Gemeinde
Pracht;Gemeinde Pracht;Landkreis Altenkirchen (Westerwald);Rheinland-Pfalz;071325006091;Gemeinde
Bitzen;Gemeinde Bitzen;Landkreis Altenkirchen (Westerwald);Rheinland-Pfalz;071325006010;Gemeinde
Bruchertseifen;Gemeinde Bruchertseifen;Landkreis Altenkirchen (Westerwald);Rheinland-Pfalz;071325006014;Gemeinde
Kasbach-Ohlenberg;Gemeinde Kasbach-Ohlenberg;Landkreis Neuwied;Rheinland-Pfalz;071385004501;Gemeinde
Nimritz;Gemeinde Nimritz;Landkreis Saale-Orla-Kreis;Thüringen;160755005074;Gemeinde
Birnbach;Gemeinde Birnbach;Landkreis Altenkirchen (Westerwald);Rheinland-Pfalz;071325010009;Gemeinde
Harschbach;Gemeinde Harschbach;Landkreis Neuwied;Rheinland-Pfalz;071385005027;Gemeinde
Eulenberg;Gemeinde Eulenberg;Landkreis Altenkirchen (Westerwald);Rheinland-Pfalz;071325010029;Gemeinde
Kohlberg;Gemeinde Kohlberg;Landkreis Esslingen;Baden-Württemberg;081165004036;Gemeinde
Lind;Gemeinde Lind;Landkreis Mayen-Koblenz;Rheinland-Pfalz;071375003063;Gemeinde
Schauerberg;Gemeinde Schauerberg;Landkreis Südwestpfalz;Rheinland-Pfalz;073405009042;Gemeinde
Neuhofen;Gemeinde Neuhofen;Landkreis Rhein-Pfalz-Kreis;Rheinland-Pfalz;073385008020;Gemeinde
Käshofen;Gemeinde Käshofen;Landkreis Südwestpfalz;Rheinland-Pfalz;073405008212;Gemeinde
Bobenheim am Berg;Gemeinde Bobenheim am Berg;Landkreis Bad Dürkheim;Rheinland-Pfalz;073325002005;Gemeinde
Stoltenberg;Gemeinde Stoltenberg;Kreis Plön;Schleswig-Holstein;010575755081;Gemeinde
Passade;Gemeinde Passade;Kreis Plön;Schleswig-Holstein;010575755056;Gemeinde
Vendersheim;Gemeinde Vendersheim;Landkreis Alzey-Worms;Rheinland-Pfalz;073315006065;Gemeinde
Mörstadt;Gemeinde Mörstadt;Landkreis Alzey-Worms;Rheinland-Pfalz;073315003047;Gemeinde
Ensheim;Gemeinde Ensheim;Landkreis Alzey-Worms;Rheinland-Pfalz;073315006019;Gemeinde
Dohren;Gemeinde Dohren;Landkreis Harburg;Niedersachsen;033535406006;Gemeinde
Raa-Besenbek;Gemeinde Raa-Besenbek;Kreis Pinneberg;Schleswig-Holstein;010565616042;Gemeinde
Malliß;Gemeinde Malliß;Landkreis Ludwigslust-Parchim;Mecklenburg-Vorpommern;130765654094;Gemeinde
Rodenbek;Gemeinde Rodenbek;Kreis Rendsburg-Eckernförde;Schleswig-Holstein;010585896138;Gemeinde
Kropp;Gemeinde Kropp;Kreis Schleswig-Flensburg;Schleswig-Holstein;010595996053;Gemeinde
Dannewerk;Gemeinde Dannewerk;Kreis Schleswig-Flensburg;Schleswig-Holstein;010595915019;Gemeinde
Woppenroth;Gemeinde Woppenroth;Landkreis Rhein-Hunsrück-Kreis;Rheinland-Pfalz;071405004164;Gemeinde
Womrath;Gemeinde Womrath;Landkreis Rhein-Hunsrück-Kreis;Rheinland-Pfalz;071405004163;Gemeinde
Neuerkirch;Gemeinde Neuerkirch;Landkreis Rhein-Hunsrück-Kreis;Rheinland-Pfalz;071405008101;Gemeinde
Oberstaufenbach;Gemeinde Oberstaufenbach;Landkreis Kusel;Rheinland-Pfalz;073365010071;Gemeinde
Ruthweiler;Gemeinde Ruthweiler;Landkreis Kusel;Rheinland-Pfalz;073365010088;Gemeinde
Miehlen;Gemeinde Miehlen;Landkreis Rhein-Lahn-Kreis;Rheinland-Pfalz;071415007085;Gemeinde
Rammelsbach;Gemeinde Rammelsbach;Landkreis Kusel;Rheinland-Pfalz;073365010079;Gemeinde
Miellen;Gemeinde Miellen;Landkreis Rhein-Lahn-Kreis;Rheinland-Pfalz;071415010086;Gemeinde
Brücken (Pfalz);Gemeinde Brücken (Pfalz);Landkreis Kusel;Rheinland-Pfalz;073365009011;Gemeinde
Mudershausen;Gemeinde Mudershausen;Landkreis Rhein-Lahn-Kreis;Rheinland-Pfalz;071415011089;Gemeinde
Kusel;Stadt Kusel;Landkreis Kusel;Rheinland-Pfalz;073365010055;Stadt
Klingelbach;Gemeinde Klingelbach;Landkreis Rhein-Lahn-Kreis;Rheinland-Pfalz;071415011073;Gemeinde
Minheim;Gemeinde Minheim;Landkreis Bernkastel-Wittlich;Rheinland-Pfalz;072315001086;Gemeinde
Olbersdorf;Gemeinde Olbersdorf;Landkreis Görlitz;Sachsen;146265227400;Gemeinde
Wintrich;Gemeinde Wintrich;Landkreis Bernkastel-Wittlich;Rheinland-Pfalz;072315001133;Gemeinde
Kalenborn;Gemeinde Kalenborn;Landkreis Ahrweiler;Rheinland-Pfalz;071315002036;Gemeinde
Bendorf;Stadt Bendorf;Landkreis Mayen-Koblenz;Rheinland-Pfalz;071370203203;Stadt
Blankenrath;Gemeinde Blankenrath;Landkreis Cochem-Zell;Rheinland-Pfalz;071355005010;Gemeinde
Dieblich;Gemeinde Dieblich;Landkreis Mayen-Koblenz;Rheinland-Pfalz;071375009207;Gemeinde
Marktbergel;Gemeinde Marktbergel;Landkreis Neustadt a.d.Aisch-Bad Windsheim;Bayern;095755524143;Gemeinde
Graal-Müritz;Gemeinde Graal-Müritz;Landkreis Rostock;Mecklenburg-Vorpommern;130720036036;Gemeinde
Poppendorf;Gemeinde Poppendorf;Landkreis Rostock;Mecklenburg-Vorpommern;130725253081;Gemeinde
Roggentin;Gemeinde Roggentin;Landkreis Rostock;Mecklenburg-Vorpommern;130725253087;Gemeinde
Tröbnitz;Gemeinde Tröbnitz;Landkreis Saale-Holzland-Kreis;Thüringen;160745007103;Gemeinde
Hartenstein;Gemeinde Hartenstein;Landkreis Nürnberger Land;Bayern;095745527129;Gemeinde
Laage;Stadt Laage;Landkreis Rostock;Mecklenburg-Vorpommern;130725257062;Stadt
Hellschen-Heringsand-Unterschaar;Gemeinde Hellschen-Heringsand-Unterschaar;Kreis Dithmarschen;Schleswig-Holstein;010515178045;Gemeinde
Übersee;Gemeinde Übersee;Landkreis Traunstein;Bayern;091890159159;Gemeinde
Nußdorf;Gemeinde Nußdorf;Landkreis Traunstein;Bayern;091890130130;Gemeinde
Sellin;Gemeinde Sellin;Landkreis Vorpommern-Rügen;Mecklenburg-Vorpommern;130735357084;Gemeinde
Schmatzin;Gemeinde Schmatzin;Landkreis Vorpommern-Greifswald;Mecklenburg-Vorpommern;130755563125;Gemeinde
Habach;Gemeinde Habach;Landkreis Weilheim-Schongau;Bayern;091905176126;Gemeinde
Seeshaupt;Gemeinde Seeshaupt;Landkreis Weilheim-Schongau;Bayern;091905179152;Gemeinde
Hengersberg;Gemeinde Hengersberg;Landkreis Deggendorf;Bayern;092710125125;Gemeinde
Seehof;Gemeinde Seehof;Landkreis Nordwestmecklenburg;Mecklenburg-Vorpommern;130745455075;Gemeinde
Grattersdorf;Gemeinde Grattersdorf;Landkreis Deggendorf;Bayern;092715202123;Gemeinde
Groß Molzahn;Gemeinde Groß Molzahn;Landkreis Nordwestmecklenburg;Mecklenburg-Vorpommern;130745458028;Gemeinde
Weng;Gemeinde Weng;Landkreis Landshut;Bayern;092745222188;Gemeinde
Dechow;Gemeinde Dechow;Landkreis Nordwestmecklenburg;Mecklenburg-Vorpommern;130745458018;Gemeinde
Schöfweg;Gemeinde Schöfweg;Landkreis Freyung-Grafenau;Bayern;092725211145;Gemeinde
Zenting;Gemeinde Zenting;Landkreis Freyung-Grafenau;Bayern;092725213152;Gemeinde
Fürstenstein;Gemeinde Fürstenstein;Landkreis Passau;Bayern;092750121121;Gemeinde
Loitz;Stadt Loitz;Landkreis Vorpommern-Greifswald;Mecklenburg-Vorpommern;130755558082;Stadt
Berkenthin;Gemeinde Berkenthin;Kreis Herzogtum Lauenburg;Schleswig-Holstein;010535308009;Gemeinde
Ensdorf;Gemeinde Ensdorf;Landkreis Amberg-Sulzbach;Bayern;093710120120;Gemeinde
Basedow;Gemeinde Basedow;Kreis Herzogtum Lauenburg;Schleswig-Holstein;010535343006;Gemeinde
Schnakenbek;Gemeinde Schnakenbek;Kreis Herzogtum Lauenburg;Schleswig-Holstein;010535343111;Gemeinde
Weiding;Gemeinde Weiding;Landkreis Cham;Bayern;093725312174;Gemeinde
Ostenfeld (Rendsburg);Gemeinde Ostenfeld (Rendsburg);Kreis Rendsburg-Eckernförde;Schleswig-Holstein;010585888122;Gemeinde
Mitterteich;Stadt Mitterteich;Landkreis Tirschenreuth;Bayern;093775347141;Stadt
Krummennaab;Gemeinde Krummennaab;Landkreis Tirschenreuth;Bayern;093775350132;Gemeinde
Krombach;Gemeinde Krombach;Landkreis Aschaffenburg;Bayern;096715604138;Gemeinde
Crinitzberg;Gemeinde Crinitzberg;Landkreis Zwickau;Sachsen;145245111040;Gemeinde
Torgelow;Stadt Torgelow;Landkreis Vorpommern-Greifswald;Mecklenburg-Vorpommern;130755559131;Stadt
Dargen;Gemeinde Dargen;Landkreis Vorpommern-Greifswald;Mecklenburg-Vorpommern;130755562026;Gemeinde
Flöha;Stadt Flöha;Landkreis Mittelsachsen;Sachsen;145220140140;Stadt
Möllenbeck;Gemeinde Möllenbeck;Landkreis Ludwigslust-Parchim;Mecklenburg-Vorpommern;130765657098;Gemeinde
Göhlen;Gemeinde Göhlen;Landkreis Ludwigslust-Parchim;Mecklenburg-Vorpommern;130765659046;Gemeinde
Blievenstorf;Gemeinde Blievenstorf;Landkreis Ludwigslust-Parchim;Mecklenburg-Vorpommern;130765660012;Gemeinde
Kobrow;Gemeinde Kobrow;Landkreis Ludwigslust-Parchim;Mecklenburg-Vorpommern;130765664072;Gemeinde
Sternberg;Stadt Sternberg;Landkreis Ludwigslust-Parchim;Mecklenburg-Vorpommern;130765664128;Stadt
Grafing b.München;Stadt Grafing b.München;Landkreis Ebersberg;Bayern;091750122122;Stadt
Vaterstetten;Gemeinde Vaterstetten;Landkreis Ebersberg;Bayern;091750132132;Gemeinde
Böhmfeld;Gemeinde Böhmfeld;Landkreis Eichstätt;Bayern;091765116116;Gemeinde
Denkendorf;Gemeinde Denkendorf;Landkreis Eichstätt;Bayern;091760120120;Gemeinde
Mulda/Sa.;Gemeinde Mulda/Sa.;Landkreis Mittelsachsen;Sachsen;145220390390;Gemeinde
Neuhausen/Erzgeb.;Gemeinde Neuhausen/Erzgeb.;Landkreis Mittelsachsen;Sachsen;145220400400;Gemeinde
Lenggries;Gemeinde Lenggries;Landkreis Bad Tölz-Wolfratshausen;Bayern;091730135135;Gemeinde
Dachau;Stadt Dachau;Landkreis Dachau;Bayern;091740115115;Stadt
Samern;Gemeinde Samern;Landkreis Grafschaft Bentheim;Niedersachsen;034565403020;Gemeinde
Brinkum;Gemeinde Brinkum;Landkreis Leer;Niedersachsen;034575402003;Gemeinde
Belm;Gemeinde Belm;Landkreis Osnabrück;Niedersachsen;034590008008;Gemeinde
Jade;Gemeinde Jade;Landkreis Wesermarsch;Niedersachsen;034610005005;Gemeinde
Georgsmarienhütte;Stadt Georgsmarienhütte;Landkreis Osnabrück;Niedersachsen;034590019019;Stadt
Damme;Stadt Damme;Landkreis Vechta;Niedersachsen;034600002002;Stadt
Elsfleth;Stadt Elsfleth;Landkreis Wesermarsch;Niedersachsen;034610004004;Stadt
Hüffelsheim;Gemeinde Hüffelsheim;Landkreis Bad Kreuznach;Rheinland-Pfalz;071335006048;Gemeinde
Esterwegen;Gemeinde Esterwegen;Landkreis Emsland;Niedersachsen;034545406011;Gemeinde
Neustadt/Westerwald;Gemeinde Neustadt/Westerwald;Landkreis Westerwaldkreis;Rheinland-Pfalz;071435006272;Gemeinde
Schermbeck;Gemeinde Schermbeck;Kreis Wesel;Nordrhein-Westfalen;051700036036;Gemeinde
Wittbek;Gemeinde Wittbek;Kreis Nordfriesland;Schleswig-Holstein;010545492159;Gemeinde
Neukirchen/Pleiße;Gemeinde Neukirchen/Pleiße;Landkreis Zwickau;Sachsen;145240210210;Gemeinde
Stolberg (Rhld.);Stadt Stolberg (Rhld.);Kreis Städteregion Aachen;Nordrhein-Westfalen;053340032032;Stadt
Niederahr;Gemeinde Niederahr;Landkreis Westerwaldkreis;Rheinland-Pfalz;071435008273;Gemeinde
Billerbeck;Stadt Billerbeck;Kreis Coesfeld;Nordrhein-Westfalen;055580008008;Stadt
Schöneberg;Gemeinde Schöneberg;Landkreis Bad Kreuznach;Rheinland-Pfalz;071335011091;Gemeinde
Seibersbach;Gemeinde Seibersbach;Landkreis Bad Kreuznach;Rheinland-Pfalz;071335011095;Gemeinde
Otterstadt;Gemeinde Otterstadt;Landkreis Rhein-Pfalz-Kreis;Rheinland-Pfalz;073385008021;Gemeinde
Recke;Gemeinde Recke;Kreis Steinfurt;Nordrhein-Westfalen;055660072072;Gemeinde
Boltenhagen;Gemeinde Boltenhagen;Landkreis Nordwestmecklenburg;Mecklenburg-Vorpommern;130745454010;Gemeinde
Marnheim;Gemeinde Marnheim;Landkreis Donnersbergkreis;Rheinland-Pfalz;073335004045;Gemeinde
Hövelhof;Gemeinde Hövelhof;Kreis Paderborn;Nordrhein-Westfalen;057740024024;Gemeinde
Morschheim;Gemeinde Morschheim;Landkreis Donnersbergkreis;Rheinland-Pfalz;073335004047;Gemeinde
Börde-Hakel;Gemeinde Börde-Hakel;Landkreis Salzlandkreis;Sachsen-Anhalt;150895051043;Gemeinde
Kabelsketal;Gemeinde Kabelsketal;Landkreis Saalekreis;Sachsen-Anhalt;150880150150;Gemeinde
Hausen;Gemeinde Hausen;Landkreis Forchheim;Bayern;094740134134;Gemeinde
Bad Steben;Gemeinde Bad Steben;Landkreis Hof;Bayern;094750112112;Gemeinde
Seeland;Stadt Seeland;Landkreis Salzlandkreis;Sachsen-Anhalt;150890307307;Stadt
Wittenburg;Stadt Wittenburg;Landkreis Ludwigslust-Parchim;Mecklenburg-Vorpommern;130765666152;Stadt
Berlingerode;Gemeinde Berlingerode;Landkreis Eichsfeld;Thüringen;160615001003;Gemeinde
Utzerath;Gemeinde Utzerath;Landkreis Vulkaneifel;Rheinland-Pfalz;072335001077;Gemeinde
Schutz;Gemeinde Schutz;Landkreis Vulkaneifel;Rheinland-Pfalz;072335001065;Gemeinde
Witten;Stadt Witten;Kreis Ennepe-Ruhr-Kreis;Nordrhein-Westfalen;059540036036;Stadt
Oberelz;Gemeinde Oberelz;Landkreis Vulkaneifel;Rheinland-Pfalz;072335004230;Gemeinde
Kierspe;Stadt Kierspe;Kreis Märkischer Kreis;Nordrhein-Westfalen;059620028028;Stadt
Sankt Alban;Gemeinde Sankt Alban;Landkreis Donnersbergkreis;Rheinland-Pfalz;073335007066;Gemeinde
Neckarsteinach;Stadt Neckarsteinach;Landkreis Bergstraße;Hessen;064310018018;Stadt
Birgel;Gemeinde Birgel;Landkreis Vulkaneifel;Rheinland-Pfalz;072335006007;Gemeinde
Olpe;Stadt Olpe;Kreis Olpe;Nordrhein-Westfalen;059660024024;Stadt
Wilnsdorf;Gemeinde Wilnsdorf;Kreis Siegen-Wittgenstein;Nordrhein-Westfalen;059700044044;Gemeinde
Kelberg;Gemeinde Kelberg;Landkreis Vulkaneifel;Rheinland-Pfalz;072335004218;Gemeinde
Bodenheim;Gemeinde Bodenheim;Landkreis Mainz-Bingen;Rheinland-Pfalz;073395002006;Gemeinde
Neuberg;Gemeinde Neuberg;Landkreis Main-Kinzig-Kreis;Hessen;064350020020;Gemeinde
Engelstadt;Gemeinde Engelstadt;Landkreis Mainz-Bingen;Rheinland-Pfalz;073395003016;Gemeinde
Mittenaar;Gemeinde Mittenaar;Landkreis Lahn-Dill-Kreis;Hessen;065320017017;Gemeinde
Cölbe;Gemeinde Cölbe;Landkreis Marburg-Biedenkopf;Hessen;065340006006;Gemeinde
Bad Camberg;Stadt Bad Camberg;Landkreis Limburg-Weilburg;Hessen;065330003003;Stadt
Limburg a.d.Lahn;Stadt Limburg a.d.Lahn;Landkreis Limburg-Weilburg;Hessen;065330009009;Stadt
Mommenheim;Gemeinde Mommenheim;Landkreis Mainz-Bingen;Rheinland-Pfalz;073395007037;Gemeinde
Sailaufer Forst;Gemeindefreies Gebiet Sailaufer Forst;Landkreis Aschaffenburg;Bayern;096719458458;Gemeindefreies Gebiet
Großenlüder;Gemeinde Großenlüder;Landkreis Fulda;Hessen;066310011011;Gemeinde
Hünfeld;Stadt Hünfeld;Landkreis Fulda;Hessen;066310015015;Stadt
Haunetal;Gemeinde Haunetal;Landkreis Hersfeld-Rotenburg;Hessen;066320008008;Gemeinde
Hohenroda;Gemeinde Hohenroda;Landkreis Hersfeld-Rotenburg;Hessen;066320010010;Gemeinde
Grebenstein;Stadt Grebenstein;Landkreis Kassel;Hessen;066330010010;Stadt
Schauenburg;Gemeinde Schauenburg;Landkreis Kassel;Hessen;066330023023;Gemeinde
Groß Roge;Gemeinde Groß Roge;Landkreis Rostock;Mecklenburg-Vorpommern;130725258038;Gemeinde
Pastetten;Gemeinde Pastetten;Landkreis Erding;Bayern;091775120135;Gemeinde
Merkendorf;Stadt Merkendorf;Landkreis Ansbach;Bayern;095710177177;Stadt
Neusitz;Gemeinde Neusitz;Landkreis Ansbach;Bayern;095715501181;Gemeinde
Kriebitzsch;Gemeinde Kriebitzsch;Landkreis Altenburger Land;Thüringen;160775005022;Gemeinde
Dentlein a.Forst;Gemeinde Dentlein a.Forst;Landkreis Ansbach;Bayern;095715507132;Gemeinde
Herzogenaurach;Stadt Herzogenaurach;Landkreis Erlangen-Höchstadt;Bayern;095720132132;Stadt
Uttenreuth;Gemeinde Uttenreuth;Landkreis Erlangen-Höchstadt;Bayern;095725514158;Gemeinde
Aurachtal;Gemeinde Aurachtal;Landkreis Erlangen-Höchstadt;Bayern;095725512114;Gemeinde
Hausen b.Würzburg;Gemeinde Hausen b.Würzburg;Landkreis Würzburg;Bayern;096790143143;Gemeinde
Groß Wüstenfelde;Gemeinde Groß Wüstenfelde;Landkreis Rostock;Mecklenburg-Vorpommern;130725258041;Gemeinde
Bad Wiessee;Gemeinde Bad Wiessee;Landkreis Miesbach;Bayern;091820111111;Gemeinde
Kühsen;Gemeinde Kühsen;Kreis Herzogtum Lauenburg;Schleswig-Holstein;010535391077;Gemeinde
Steinhorst;Gemeinde Steinhorst;Kreis Herzogtum Lauenburg;Schleswig-Holstein;010535391122;Gemeinde
Barchfeld-Immelborn;Gemeinde Barchfeld-Immelborn;Landkreis Wartburgkreis;Thüringen;160630004004;Gemeinde
Britz;Gemeinde Britz;Landkreis Barnim;Brandenburg;120605011036;Gemeinde
Liepe;Gemeinde Liepe;Landkreis Barnim;Brandenburg;120605011128;Gemeinde
Oderberg;Stadt Oderberg;Landkreis Barnim;Brandenburg;120605011176;Stadt
Auengrund;Gemeinde Auengrund;Landkreis Hildburghausen;Thüringen;160695051058;Gemeinde
Boppard;Stadt Boppard;Landkreis Rhein-Hunsrück-Kreis;Rheinland-Pfalz;071400501501;Stadt
Alkersleben;Gemeinde Alkersleben;Landkreis Ilm-Kreis;Thüringen;160705009001;Gemeinde
Schönberg;Gemeinde Schönberg;Landkreis Bernkastel-Wittlich;Rheinland-Pfalz;072315006115;Gemeinde
Nieblum;Gemeinde Nieblum;Kreis Nordfriesland;Schleswig-Holstein;010545488087;Gemeinde
Pößneck;Stadt Pößneck;Landkreis Saale-Orla-Kreis;Thüringen;160750085085;Stadt
Drahnsdorf;Gemeinde Drahnsdorf;Landkreis Dahme-Spreewald;Brandenburg;120615114097;Gemeinde
Reddelich;Gemeinde Reddelich;Landkreis Rostock;Mecklenburg-Vorpommern;130725251083;Gemeinde
Reitwein;Gemeinde Reitwein;Landkreis Märkisch-Oderland;Brandenburg;120645406420;Gemeinde
Gusow-Platkow;Gemeinde Gusow-Platkow;Landkreis Märkisch-Oderland;Brandenburg;120645412190;Gemeinde
Niederfell;Gemeinde Niederfell;Landkreis Mayen-Koblenz;Rheinland-Pfalz;071375009217;Gemeinde
Lohkirchen;Gemeinde Lohkirchen;Landkreis Mühldorf a.Inn;Bayern;091835150125;Gemeinde
Sauerlach;Gemeinde Sauerlach;Landkreis München;Bayern;091840141141;Gemeinde
Stubbendorf;Gemeinde Stubbendorf;Landkreis Rostock;Mecklenburg-Vorpommern;130725262102;Gemeinde
Hemdingen;Gemeinde Hemdingen;Kreis Pinneberg;Schleswig-Holstein;010565660026;Gemeinde
Breddin;Gemeinde Breddin;Landkreis Ostprignitz-Ruppin;Brandenburg;120685805052;Gemeinde
Golzow;Gemeinde Golzow;Landkreis Potsdam-Mittelmark;Brandenburg;120695904216;Gemeinde
Rühstädt;Gemeinde Rühstädt;Landkreis Prignitz;Brandenburg;120705001348;Gemeinde
Ottendorf;Gemeinde Ottendorf;Landkreis Saale-Holzland-Kreis;Thüringen;160745007066;Gemeinde
Schönfeld;Gemeinde Schönfeld;Landkreis Uckermark;Brandenburg;120735303520;Gemeinde
Lychen;Stadt Lychen;Landkreis Uckermark;Brandenburg;120730384384;Stadt
Adorf/Vogtl.;Stadt Adorf/Vogtl.;Landkreis Vogtlandkreis;Sachsen;145230010010;Stadt
Neuffen;Stadt Neuffen;Landkreis Esslingen;Baden-Württemberg;081165004046;Stadt
Dettingen unter Teck;Gemeinde Dettingen unter Teck;Landkreis Esslingen;Baden-Württemberg;081165001016;Gemeinde
Lichtenwald;Gemeinde Lichtenwald;Landkreis Esslingen;Baden-Württemberg;081165007037;Gemeinde
Wäschenbeuren;Gemeinde Wäschenbeuren;Landkreis Göppingen;Baden-Württemberg;081175005053;Gemeinde
Gerlingen;Stadt Gerlingen;Landkreis Ludwigsburg;Baden-Württemberg;081180019019;Stadt
Sachsenheim;Stadt Sachsenheim;Landkreis Ludwigsburg;Baden-Württemberg;081180076076;Stadt
Baindt;Gemeinde Baindt;Landkreis Ravensburg;Baden-Württemberg;084365005012;Gemeinde
Heiningen;Gemeinde Heiningen;Landkreis Göppingen;Baden-Württemberg;081175011030;Gemeinde
Hochspeyer;Gemeinde Hochspeyer;Landkreis Kaiserslautern;Rheinland-Pfalz;073355002015;Gemeinde
Mehlingen;Gemeinde Mehlingen;Landkreis Kaiserslautern;Rheinland-Pfalz;073355002026;Gemeinde
Bengel;Gemeinde Bengel;Landkreis Bernkastel-Wittlich;Rheinland-Pfalz;072315009005;Gemeinde
Kinheim;Gemeinde Kinheim;Landkreis Bernkastel-Wittlich;Rheinland-Pfalz;072315009068;Gemeinde
Traben-Trarbach;Stadt Traben-Trarbach;Landkreis Bernkastel-Wittlich;Rheinland-Pfalz;072315009124;Stadt
Gilzem;Gemeinde Gilzem;Landkreis Eifelkreis Bitburg-Prüm;Rheinland-Pfalz;072325005225;Gemeinde
Gusterath;Gemeinde Gusterath;Landkreis Trier-Saarburg;Rheinland-Pfalz;072355004037;Gemeinde
Gutweiler;Gemeinde Gutweiler;Landkreis Trier-Saarburg;Rheinland-Pfalz;072355004038;Gemeinde
Strukdorf;Gemeinde Strukdorf;Kreis Segeberg;Schleswig-Holstein;010605086081;Gemeinde
Itzehoe;Stadt Itzehoe;Kreis Steinburg;Schleswig-Holstein;010610046046;Stadt
Altenmoor;Gemeinde Altenmoor;Kreis Steinburg;Schleswig-Holstein;010615134004;Gemeinde
Volsemenhusen;Gemeinde Volsemenhusen;Kreis Dithmarschen;Schleswig-Holstein;010515166119;Gemeinde
Buchholz;Gemeinde Buchholz;Kreis Dithmarschen;Schleswig-Holstein;010515163012;Gemeinde
Kirchbarkau;Gemeinde Kirchbarkau;Kreis Plön;Schleswig-Holstein;010575747033;Gemeinde
Winningen;Gemeinde Winningen;Landkreis Mayen-Koblenz;Rheinland-Pfalz;071375009230;Gemeinde
Beierstedt;Gemeinde Beierstedt;Landkreis Helmstedt;Niedersachsen;031545402002;Gemeinde
Mucheln;Gemeinde Mucheln;Kreis Plön;Schleswig-Holstein;010575775052;Gemeinde
Heinkenborstel;Gemeinde Heinkenborstel;Kreis Rendsburg-Eckernförde;Schleswig-Holstein;010585895074;Gemeinde
Martinsheim;Gemeinde Martinsheim;Landkreis Kitzingen;Bayern;096755618150;Gemeinde
Oersberg;Gemeinde Oersberg;Kreis Schleswig-Flensburg;Schleswig-Holstein;010595920067;Gemeinde
Uelsby;Gemeinde Uelsby;Kreis Schleswig-Flensburg;Schleswig-Holstein;010595987093;Gemeinde
Neustadt am Rübenberge;Stadt Neustadt am Rübenberge;Landkreis Region Hannover;Niedersachsen;032410012012;Stadt
Dudeldorf;Gemeinde Dudeldorf;Landkreis Eifelkreis Bitburg-Prüm;Rheinland-Pfalz;072325008027;Gemeinde
Schwülper;Gemeinde Schwülper;Landkreis Gifhorn;Niedersachsen;031515406027;Gemeinde
Rüdershausen;Gemeinde Rüdershausen;Landkreis Göttingen;Niedersachsen;031595402030;Gemeinde
Rhumspringe;Gemeinde Rhumspringe;Landkreis Göttingen;Niedersachsen;031595402027;Gemeinde
Hörden am Harz;Gemeinde Hörden am Harz;Landkreis Göttingen;Niedersachsen;031595403020;Gemeinde
Halsdorf;Gemeinde Halsdorf;Landkreis Eifelkreis Bitburg-Prüm;Rheinland-Pfalz;072325008045;Gemeinde
Garbsen;Stadt Garbsen;Landkreis Region Hannover;Niedersachsen;032410005005;Stadt
Saal a.d.Saale;Gemeinde Saal a.d.Saale;Landkreis Rhön-Grabfeld;Bayern;096735640160;Gemeinde
Kitzingen;Stadt Kitzingen;Landkreis Kitzingen;Bayern;096750141141;Stadt
Aschaffenburg;Stadt Aschaffenburg;Kreisfreie Stadt Aschaffenburg;Bayern;096610000000;Stadt
Riedenberg;Gemeinde Riedenberg;Landkreis Bad Kissingen;Bayern;096725606145;Gemeinde
Ettenstatt;Gemeinde Ettenstatt;Landkreis Weißenburg-Gunzenhausen;Bayern;095775534127;Gemeinde
Vollmersweiler;Gemeinde Vollmersweiler;Landkreis Germersheim;Rheinland-Pfalz;073345004031;Gemeinde
Negenborn;Gemeinde Negenborn;Landkreis Holzminden;Niedersachsen;032555401030;Gemeinde
Barver;Gemeinde Barver;Landkreis Diepholz;Niedersachsen;032515405006;Gemeinde
Affinghausen;Gemeinde Affinghausen;Landkreis Diepholz;Niedersachsen;032515406001;Gemeinde
Bad Salzdetfurth;Stadt Bad Salzdetfurth;Landkreis Hildesheim;Niedersachsen;032540005005;Stadt
Bodenwerder;Stadt Bodenwerder;Landkreis Holzminden;Niedersachsen;032555408003;Stadt
Golmbach;Gemeinde Golmbach;Landkreis Holzminden;Niedersachsen;032555401015;Gemeinde
Vahlbruch;Gemeinde Vahlbruch;Landkreis Holzminden;Niedersachsen;032555408035;Gemeinde
Ahnsen;Gemeinde Ahnsen;Landkreis Schaumburg;Niedersachsen;032575401001;Gemeinde
Hülsede;Gemeinde Hülsede;Landkreis Schaumburg;Niedersachsen;032575406017;Gemeinde
Halfing;Gemeinde Halfing;Landkreis Rosenheim;Bayern;091875162139;Gemeinde
Börsborn;Gemeinde Börsborn;Landkreis Kusel;Rheinland-Pfalz;073365009008;Gemeinde
Schonstett;Gemeinde Schonstett;Landkreis Rosenheim;Bayern;091875162173;Gemeinde
Tutzing;Gemeinde Tutzing;Landkreis Starnberg;Bayern;091880141141;Gemeinde
Werneck;Gemeinde Werneck;Landkreis Schweinfurt;Bayern;096780193193;Gemeinde
Buchholz in der Nordheide;Stadt Buchholz in der Nordheide;Landkreis Harburg;Niedersachsen;033530005005;Stadt
Rosengarten;Gemeinde Rosengarten;Landkreis Harburg;Niedersachsen;033530029029;Gemeinde
Haurain;Gemeindefreies Gebiet Haurain;Landkreis Main-Spessart;Bayern;096779457457;Gemeindefreies Gebiet
Münchweiler am Klingbach;Gemeinde Münchweiler am Klingbach;Landkreis Südliche Weinstraße;Rheinland-Pfalz;073375001054;Gemeinde
Eyendorf;Gemeinde Eyendorf;Landkreis Harburg;Niedersachsen;033535405010;Gemeinde
Waltenhausen;Gemeinde Waltenhausen;Landkreis Günzburg;Bayern;097745731192;Gemeinde
Gundremmingen;Gemeinde Gundremmingen;Landkreis Günzburg;Bayern;097745727136;Gemeinde
Salzbergen;Gemeinde Salzbergen;Landkreis Emsland;Niedersachsen;034540045045;Gemeinde
Eimke;Gemeinde Eimke;Landkreis Uelzen;Niedersachsen;033605405007;Gemeinde
Soltendieck;Gemeinde Soltendieck;Landkreis Uelzen;Niedersachsen;033605408020;Gemeinde
Langwedel;Gemeinde Langwedel;Landkreis Verden;Niedersachsen;033610006006;Gemeinde
Althütte;Gemeinde Althütte;Landkreis Rems-Murr-Kreis;Baden-Württemberg;081195001004;Gemeinde
Urbach;Gemeinde Urbach;Landkreis Rems-Murr-Kreis;Baden-Württemberg;081195002076;Gemeinde
Bad Münstereifel;Stadt Bad Münstereifel;Kreis Euskirchen;Nordrhein-Westfalen;053660004004;Stadt
Hademstorf;Gemeinde Hademstorf;Landkreis Heidekreis;Niedersachsen;033585401012;Gemeinde
Stockem;Gemeinde Stockem;Landkreis Eifelkreis Bitburg-Prüm;Rheinland-Pfalz;072325008124;Gemeinde
Radeberg;Stadt Radeberg;Landkreis Bautzen;Sachsen;146250480480;Stadt
Rammenau;Gemeinde Rammenau;Landkreis Bautzen;Sachsen;146255207510;Gemeinde
Kreba-Neudorf;Gemeinde Kreba-Neudorf;Landkreis Görlitz;Sachsen;146265233260;Gemeinde
Großenhain;Stadt Großenhain;Landkreis Meißen;Sachsen;146270060060;Stadt
Lommatzsch;Stadt Lommatzsch;Landkreis Meißen;Sachsen;146270130130;Stadt
Wülknitz;Gemeinde Wülknitz;Landkreis Meißen;Sachsen;146275234340;Gemeinde
Altenberg;Stadt Altenberg;Landkreis Sächsische Schweiz-Osterzgebirge;Sachsen;146285201010;Stadt
Dennheritz;Gemeinde Dennheritz;Landkreis Zwickau;Sachsen;145245104050;Gemeinde
St. Egidien;Gemeinde St. Egidien;Landkreis Zwickau;Sachsen;145245128280;Gemeinde
Hohenberg-Krusemark;Gemeinde Hohenberg-Krusemark;Landkreis Stendal;Sachsen-Anhalt;150905051245;Gemeinde
Obersontheim;Gemeinde Obersontheim;Landkreis Schwäbisch Hall;Baden-Württemberg;081275007063;Gemeinde
Machern;Gemeinde Machern;Landkreis Leipzig;Sachsen;147290250250;Gemeinde
Neckarzimmern;Gemeinde Neckarzimmern;Landkreis Neckar-Odenwald-Kreis;Baden-Württemberg;082255005067;Gemeinde
Breiholz;Gemeinde Breiholz;Kreis Rendsburg-Eckernförde;Schleswig-Holstein;010585847029;Gemeinde
Rosenberg;Gemeinde Rosenberg;Landkreis Neckar-Odenwald-Kreis;Baden-Württemberg;082255007082;Gemeinde
Edingen-Neckarhausen;Gemeinde Edingen-Neckarhausen;Landkreis Rhein-Neckar-Kreis;Baden-Württemberg;082260105105;Gemeinde
Oberkirch;Stadt Oberkirch;Landkreis Ortenaukreis;Baden-Württemberg;083175009089;Stadt
Dobel;Gemeinde Dobel;Landkreis Calw;Baden-Württemberg;082355003018;Gemeinde
Seelbach;Gemeinde Seelbach;Landkreis Ortenaukreis;Baden-Württemberg;083175011127;Gemeinde
Bad Herrenalb;Stadt Bad Herrenalb;Landkreis Calw;Baden-Württemberg;082355003033;Stadt
Bad Teinach-Zavelstein;Stadt Bad Teinach-Zavelstein;Landkreis Calw;Baden-Württemberg;082355005084;Stadt
Empfingen;Gemeinde Empfingen;Landkreis Freudenstadt;Baden-Württemberg;082375003024;Gemeinde
Aichhalden;Gemeinde Aichhalden;Landkreis Rottweil;Baden-Württemberg;083255005001;Gemeinde
Endingen am Kaiserstuhl;Stadt Endingen am Kaiserstuhl;Landkreis Emmendingen;Baden-Württemberg;083165005012;Stadt
Kippenheim;Gemeinde Kippenheim;Landkreis Ortenaukreis;Baden-Württemberg;083175007059;Gemeinde
Buchholz;Gemeinde Buchholz;Landkreis Mecklenburgische Seenplatte;Mecklenburg-Vorpommern;130715159020;Gemeinde
Löwenstedt;Gemeinde Löwenstedt;Kreis Nordfriesland;Schleswig-Holstein;010545453079;Gemeinde
Klink;Gemeinde Klink;Landkreis Mecklenburgische Seenplatte;Mecklenburg-Vorpommern;130715160077;Gemeinde
Torgelow am See;Gemeinde Torgelow am See;Landkreis Mecklenburgische Seenplatte;Mecklenburg-Vorpommern;130715160144;Gemeinde
Seitingen-Oberflacht;Gemeinde Seitingen-Oberflacht;Landkreis Tuttlingen;Baden-Württemberg;083275006055;Gemeinde
Schönenberg;Gemeinde Schönenberg;Landkreis Lörrach;Baden-Württemberg;083365006080;Gemeinde
Dürnau;Gemeinde Dürnau;Landkreis Biberach;Baden-Württemberg;084265001036;Gemeinde
Faulenrost;Gemeinde Faulenrost;Landkreis Mecklenburgische Seenplatte;Mecklenburg-Vorpommern;130715153032;Gemeinde
Hayingen;Stadt Hayingen;Landkreis Reutlingen;Baden-Württemberg;084155006034;Stadt
Hohenzieritz;Gemeinde Hohenzieritz;Landkreis Mecklenburgische Seenplatte;Mecklenburg-Vorpommern;130715156066;Gemeinde
Ankershagen;Gemeinde Ankershagen;Landkreis Mecklenburgische Seenplatte;Mecklenburg-Vorpommern;130715158005;Gemeinde
Hausen am Tann;Gemeinde Hausen am Tann;Landkreis Zollernalbkreis;Baden-Württemberg;084175006029;Gemeinde
Schnürpflingen;Gemeinde Schnürpflingen;Landkreis Alb-Donau-Kreis;Baden-Württemberg;084255006110;Gemeinde
Allmendingen;Gemeinde Allmendingen;Landkreis Alb-Donau-Kreis;Baden-Württemberg;084255001002;Gemeinde
Frickingen;Gemeinde Frickingen;Landkreis Bodenseekreis;Baden-Württemberg;084355005015;Gemeinde
Weingarten;Stadt Weingarten;Landkreis Ravensburg;Baden-Württemberg;084365005082;Stadt
Wegeleben;Stadt Wegeleben;Landkreis Harz;Sachsen-Anhalt;150855051365;Stadt
Kastl;Gemeinde Kastl;Landkreis Altötting;Bayern;091715106121;Gemeinde
Leibertingen;Gemeinde Leibertingen;Landkreis Sigmaringen;Baden-Württemberg;084375003072;Gemeinde
Gammertingen;Stadt Gammertingen;Landkreis Sigmaringen;Baden-Württemberg;084375001031;Stadt
Burgkirchen a.d.Alz;Gemeinde Burgkirchen a.d.Alz;Landkreis Altötting;Bayern;091710113113;Gemeinde
Marienhafe;Gemeinde Marienhafe;Landkreis Aurich;Niedersachsen;034525401017;Gemeinde
Biebelsheim;Gemeinde Biebelsheim;Landkreis Bad Kreuznach;Rheinland-Pfalz;071335001012;Gemeinde
Schürdt;Gemeinde Schürdt;Landkreis Altenkirchen (Westerwald);Rheinland-Pfalz;071325010100;Gemeinde
Walterschen;Gemeinde Walterschen;Landkreis Altenkirchen (Westerwald);Rheinland-Pfalz;071325010112;Gemeinde
Braunweiler;Gemeinde Braunweiler;Landkreis Bad Kreuznach;Rheinland-Pfalz;071335006015;Gemeinde
Bockenau;Gemeinde Bockenau;Landkreis Bad Kreuznach;Rheinland-Pfalz;071335006013;Gemeinde
Altenkirchen (Westerwald);Stadt Altenkirchen (Westerwald);Landkreis Altenkirchen (Westerwald);Rheinland-Pfalz;071325010501;Stadt
Kempter Wald;Gemeindefreies Gebiet Kempter Wald;Landkreis Oberallgäu;Bayern;097809451451;Gemeindefreies Gebiet
Ribnitz-Damgarten;Stadt Ribnitz-Damgarten;Landkreis Vorpommern-Rügen;Mecklenburg-Vorpommern;130735361075;Stadt
Babenhausen;Gemeinde Babenhausen;Landkreis Unterallgäu;Bayern;097785758115;Gemeinde
Traventhal;Gemeinde Traventhal;Kreis Segeberg;Schleswig-Holstein;010605086091;Gemeinde
Wohlde;Gemeinde Wohlde;Kreis Schleswig-Flensburg;Schleswig-Holstein;010595996096;Gemeinde
Seth;Gemeinde Seth;Kreis Segeberg;Schleswig-Holstein;010605034076;Gemeinde
Queidersbach;Gemeinde Queidersbach;Landkreis Kaiserslautern;Rheinland-Pfalz;073355011037;Gemeinde
Philippsheim;Gemeinde Philippsheim;Landkreis Eifelkreis Bitburg-Prüm;Rheinland-Pfalz;072325007104;Gemeinde
Übereisenbach;Gemeinde Übereisenbach;Landkreis Eifelkreis Bitburg-Prüm;Rheinland-Pfalz;072325005127;Gemeinde
Dettum;Gemeinde Dettum;Landkreis Wolfenbüttel;Niedersachsen;031585406009;Gemeinde
Dassel;Stadt Dassel;Landkreis Northeim;Niedersachsen;031550003003;Stadt
Hann.Münden;Stadt Hann.Münden;Landkreis Göttingen;Niedersachsen;031590017017;Stadt
Oberhosenbach;Gemeinde Oberhosenbach;Landkreis Birkenfeld;Rheinland-Pfalz;071345005064;Gemeinde
Lautzenhausen;Gemeinde Lautzenhausen;Landkreis Rhein-Hunsrück-Kreis;Rheinland-Pfalz;071405004082;Gemeinde
Birkheim;Gemeinde Birkheim;Landkreis Rhein-Hunsrück-Kreis;Rheinland-Pfalz;071405009016;Gemeinde
Quiddelbach;Gemeinde Quiddelbach;Landkreis Ahrweiler;Rheinland-Pfalz;071315001066;Gemeinde
Osburg;Gemeinde Osburg;Landkreis Trier-Saarburg;Rheinland-Pfalz;072355004103;Gemeinde
Voigtsdahlum;Gemeindefreies Gebiet Voigtsdahlum;Landkreis Wolfenbüttel;Niedersachsen;031589503503;Gemeindefreies Gebiet
Jungingen;Gemeinde Jungingen;Landkreis Zollernalbkreis;Baden-Württemberg;084175004036;Gemeinde
Linden;Gemeinde Linden;Kreis Dithmarschen;Schleswig-Holstein;010515169068;Gemeinde
Gmund a.Tegernsee;Gemeinde Gmund a.Tegernsee;Landkreis Miesbach;Bayern;091820116116;Gemeinde
Weesby;Gemeinde Weesby;Kreis Schleswig-Flensburg;Schleswig-Holstein;010595952177;Gemeinde
Brilon;Stadt Brilon;Kreis Hochsauerlandkreis;Nordrhein-Westfalen;059580012012;Stadt
Wadersloh;Gemeinde Wadersloh;Kreis Warendorf;Nordrhein-Westfalen;055700048048;Gemeinde
Witzenhausen;Stadt Witzenhausen;Landkreis Werra-Meißner-Kreis;Hessen;066360016016;Stadt
Mayen;Stadt Mayen;Landkreis Mayen-Koblenz;Rheinland-Pfalz;071370068068;Stadt
Bad Dürkheim;Stadt Bad Dürkheim;Landkreis Bad Dürkheim;Rheinland-Pfalz;073320002002;Stadt
Bad Wildbad;Stadt Bad Wildbad;Landkreis Calw;Baden-Württemberg;082355008079;Stadt
Bad Tölz;Stadt Bad Tölz;Landkreis Bad Tölz-Wolfratshausen;Bayern;091730112112;Stadt
Oberheldrungen;Gemeinde Oberheldrungen;Landkreis Kyffhäuserkreis;Thüringen;160655056052;Gemeinde
Seefeld;Gemeinde Seefeld;Landkreis Starnberg;Bayern;091880132132;Gemeinde
Tömmelsdorf;Gemeinde Tömmelsdorf;Landkreis Saale-Orla-Kreis;Thüringen;160755011114;Gemeinde
Waren (Müritz);Stadt Waren (Müritz);Landkreis Mecklenburgische Seenplatte;Mecklenburg-Vorpommern;130710156156;Stadt
Behren-Lübchin;Gemeinde Behren-Lübchin;Landkreis Rostock;Mecklenburg-Vorpommern;130725254010;Gemeinde
Zittau;Stadt Zittau;Landkreis Görlitz;Sachsen;146260610610;Stadt
Naumburg (Saale);Stadt Naumburg (Saale);Landkreis Burgenlandkreis;Sachsen-Anhalt;150840355355;Stadt
Treffurt;Stadt Treffurt;Landkreis Wartburgkreis;Thüringen;160630076076;Stadt
Ettinghausen;Gemeinde Ettinghausen;Landkreis Westerwaldkreis;Rheinland-Pfalz;071435008220;Gemeinde
Warendorf;Stadt Warendorf;Kreis Warendorf;Nordrhein-Westfalen;055700052052;Stadt
Eilscheid;Gemeinde Eilscheid;Landkreis Eifelkreis Bitburg-Prüm;Rheinland-Pfalz;072325001217;Gemeinde
Leutkirch im Allgäu;Stadt Leutkirch im Allgäu;Landkreis Ravensburg;Baden-Württemberg;084365004055;Stadt
Pintesfeld;Gemeinde Pintesfeld;Landkreis Eifelkreis Bitburg-Prüm;Rheinland-Pfalz;072325001291;Gemeinde
Altenkirchen;Gemeinde Altenkirchen;Landkreis Kusel;Rheinland-Pfalz;073365009004;Gemeinde
Föhren;Gemeinde Föhren;Landkreis Trier-Saarburg;Rheinland-Pfalz;072355006026;Gemeinde
Krempel;Gemeinde Krempel;Kreis Dithmarschen;Schleswig-Holstein;010515169061;Gemeinde
Hurlach;Gemeinde Hurlach;Landkreis Landsberg am Lech;Bayern;091815139126;Gemeinde
Tiefenbach;Gemeinde Tiefenbach;Landkreis Rhein-Hunsrück-Kreis;Rheinland-Pfalz;071405008150;Gemeinde
Schiffdorf;Gemeinde Schiffdorf;Landkreis Cuxhaven;Niedersachsen;033520050050;Gemeinde
Wangerland;Gemeinde Wangerland;Landkreis Friesland;Niedersachsen;034550020020;Gemeinde
Hahn;Gemeinde Hahn;Landkreis Rhein-Hunsrück-Kreis;Rheinland-Pfalz;071405004044;Gemeinde
Ammersee;Gemeindefreies Gebiet Ammersee;Landkreis Landsberg am Lech;Bayern;091819451451;Gemeindefreies Gebiet
Waakirchen;Gemeinde Waakirchen;Landkreis Miesbach;Bayern;091820134134;Gemeinde
Bad Feilnbach;Gemeinde Bad Feilnbach;Landkreis Rosenheim;Bayern;091870129129;Gemeinde
Frasdorf;Gemeinde Frasdorf;Landkreis Rosenheim;Bayern;091870132132;Gemeinde
Traunstein;Stadt Traunstein;Landkreis Traunstein;Bayern;091890155155;Stadt
Röhrnbach;Gemeinde Röhrnbach;Landkreis Freyung-Grafenau;Bayern;092720141141;Gemeinde
Pemfling;Gemeinde Pemfling;Landkreis Cham;Bayern;093720146146;Gemeinde
Ebermannstadt;Stadt Ebermannstadt;Landkreis Forchheim;Bayern;094745420121;Stadt
Fichtelberg;Gemeindefreies Gebiet Fichtelberg;Landkreis Bayreuth;Bayern;094729453453;Gemeindefreies Gebiet
Treuchtlingen;Stadt Treuchtlingen;Landkreis Weißenburg-Gunzenhausen;Bayern;095770173173;Stadt
Groß Köris;Gemeinde Groß Köris;Landkreis Dahme-Spreewald;Brandenburg;120615108192;Gemeinde
Luckau;Stadt Luckau;Landkreis Dahme-Spreewald;Brandenburg;120610320320;Stadt
Hohenbollentin;Gemeinde Hohenbollentin;Landkreis Mecklenburgische Seenplatte;Mecklenburg-Vorpommern;130715151064;Gemeinde
Woldegk;Stadt Woldegk;Landkreis Mecklenburgische Seenplatte;Mecklenburg-Vorpommern;130715164164;Stadt
Sundhagen;Gemeinde Sundhagen;Landkreis Vorpommern-Rügen;Mecklenburg-Vorpommern;130735356090;Gemeinde
Sassnitz;Stadt Sassnitz;Landkreis Vorpommern-Rügen;Mecklenburg-Vorpommern;130730080080;Stadt
Elsteraue;Gemeinde Elsteraue;Landkreis Burgenlandkreis;Sachsen-Anhalt;150840130130;Gemeinde
Bernburg (Saale);Stadt Bernburg (Saale);Landkreis Salzlandkreis;Sachsen-Anhalt;150890030030;Stadt
Kaltennordheim;Stadt Kaltennordheim;Landkreis Schmalkalden-Meiningen;Thüringen;160665005095;Stadt
Rustenfelde;Gemeinde Rustenfelde;Landkreis Eichsfeld;Thüringen;160615008082;Gemeinde
Thonhausen;Gemeinde Thonhausen;Landkreis Altenburger Land;Thüringen;160775009047;Gemeinde
Mellrichstadter Forst;Gemeindefreies Gebiet Mellrichstadter Forst;Landkreis Rhön-Grabfeld;Bayern;096739455455;Gemeindefreies Gebiet
Schwerin;Gemeinde Schwerin;Landkreis Dahme-Spreewald;Brandenburg;120615108448;Gemeinde
Heiligengrabe;Gemeinde Heiligengrabe;Landkreis Ostprignitz-Ruppin;Brandenburg;120680181181;Gemeinde
Krakow am See;Stadt Krakow am See;Landkreis Rostock;Mecklenburg-Vorpommern;130725256056;Stadt
Sierscheid;Gemeinde Sierscheid;Landkreis Ahrweiler;Rheinland-Pfalz;071315001076;Gemeinde
Möckern;Stadt Möckern;Landkreis Jerichower Land;Sachsen-Anhalt;150860140140;Stadt
Sundhausen;Gemeinde Sundhausen;Landkreis Unstrut-Hainich-Kreis;Thüringen;160645001061;Gemeinde
Meddewade;Gemeinde Meddewade;Kreis Stormarn;Schleswig-Holstein;010625207046;Gemeinde
Untermarchtal;Gemeinde Untermarchtal;Landkreis Alb-Donau-Kreis;Baden-Württemberg;084255010123;Gemeinde
Wilsum;Gemeinde Wilsum;Landkreis Grafschaft Bentheim;Niedersachsen;034565404026;Gemeinde
Hausen am Bussen;Gemeinde Hausen am Bussen;Landkreis Alb-Donau-Kreis;Baden-Württemberg;084255010055;Gemeinde
Lohbarbek;Gemeinde Lohbarbek;Kreis Steinburg;Schleswig-Holstein;010615138065;Gemeinde
Cursdorf;Gemeinde Cursdorf;Landkreis Saalfeld-Rudolstadt;Thüringen;160735012013;Gemeinde
Sien;Gemeinde Sien;Landkreis Birkenfeld;Rheinland-Pfalz;071345005082;Gemeinde
Nisterberg;Gemeinde Nisterberg;Landkreis Altenkirchen (Westerwald);Rheinland-Pfalz;071325003079;Gemeinde
Tautenhain;Gemeinde Tautenhain;Landkreis Saale-Holzland-Kreis;Thüringen;160745053098;Gemeinde
Herdorf;Stadt Herdorf;Landkreis Altenkirchen (Westerwald);Rheinland-Pfalz;071325003050;Stadt
Niederdreisbach;Gemeinde Niederdreisbach;Landkreis Altenkirchen (Westerwald);Rheinland-Pfalz;071325003075;Gemeinde
Wickenrodt;Gemeinde Wickenrodt;Landkreis Birkenfeld;Rheinland-Pfalz;071345005093;Gemeinde
Hirz-Maulsbach;Gemeinde Hirz-Maulsbach;Landkreis Altenkirchen (Westerwald);Rheinland-Pfalz;071325010053;Gemeinde
Kirchwald;Gemeinde Kirchwald;Landkreis Mayen-Koblenz;Rheinland-Pfalz;071375003049;Gemeinde
Hesweiler;Gemeinde Hesweiler;Landkreis Cochem-Zell;Rheinland-Pfalz;071355005041;Gemeinde
Roschbach;Gemeinde Roschbach;Landkreis Südliche Weinstraße;Rheinland-Pfalz;073375003069;Gemeinde
Ingersheim;Gemeinde Ingersheim;Landkreis Ludwigsburg;Baden-Württemberg;081185002077;Gemeinde
Bobenheim-Roxheim;Gemeinde Bobenheim-Roxheim;Landkreis Rhein-Pfalz-Kreis;Rheinland-Pfalz;073380004004;Gemeinde
Woltersdorf;Gemeinde Woltersdorf;Landkreis Lüchow-Dannenberg;Niedersachsen;033545407025;Gemeinde
Zernien;Gemeinde Zernien;Landkreis Lüchow-Dannenberg;Niedersachsen;033545406027;Gemeinde
Schönborn;Gemeinde Schönborn;Landkreis Elbe-Elster;Brandenburg;120625202453;Gemeinde
Fahrenbach;Gemeinde Fahrenbach;Landkreis Neckar-Odenwald-Kreis;Baden-Württemberg;082255004024;Gemeinde
Offstein;Gemeinde Offstein;Landkreis Alzey-Worms;Rheinland-Pfalz;073315003054;Gemeinde
Undeloh;Gemeinde Undeloh;Landkreis Harburg;Niedersachsen;033535402036;Gemeinde
Balduinstein;Gemeinde Balduinstein;Landkreis Rhein-Lahn-Kreis;Rheinland-Pfalz;071415003503;Gemeinde
Keidelheim;Gemeinde Keidelheim;Landkreis Rhein-Hunsrück-Kreis;Rheinland-Pfalz;071405008065;Gemeinde
Budenbach;Gemeinde Budenbach;Landkreis Rhein-Hunsrück-Kreis;Rheinland-Pfalz;071405008023;Gemeinde
Mörschbach;Gemeinde Mörschbach;Landkreis Rhein-Hunsrück-Kreis;Rheinland-Pfalz;071405008096;Gemeinde
Schweighausen;Gemeinde Schweighausen;Landkreis Rhein-Lahn-Kreis;Rheinland-Pfalz;071415010127;Gemeinde
Spaichingen;Stadt Spaichingen;Landkreis Tuttlingen;Baden-Württemberg;083275004046;Stadt
Dußlingen;Gemeinde Dußlingen;Landkreis Tübingen;Baden-Württemberg;084165001011;Gemeinde
Ginsweiler;Gemeinde Ginsweiler;Landkreis Kusel;Rheinland-Pfalz;073365008029;Gemeinde
Langweiler;Gemeinde Langweiler;Landkreis Kusel;Rheinland-Pfalz;073365008057;Gemeinde
Herschweiler-Pettersheim;Gemeinde Herschweiler-Pettersheim;Landkreis Kusel;Rheinland-Pfalz;073365009041;Gemeinde
Niederneisen;Gemeinde Niederneisen;Landkreis Rhein-Lahn-Kreis;Rheinland-Pfalz;071415011095;Gemeinde
Netzbach;Gemeinde Netzbach;Landkreis Rhein-Lahn-Kreis;Rheinland-Pfalz;071415011093;Gemeinde
Breit;Gemeinde Breit;Landkreis Bernkastel-Wittlich;Rheinland-Pfalz;072315006202;Gemeinde
Auggen;Gemeinde Auggen;Landkreis Breisgau-Hochschwarzwald;Baden-Württemberg;083155012004;Gemeinde
Stebach;Gemeinde Stebach;Landkreis Neuwied;Rheinland-Pfalz;071385003069;Gemeinde
Eichenbach;Gemeinde Eichenbach;Landkreis Ahrweiler;Rheinland-Pfalz;071315001021;Gemeinde
Reinsfeld;Gemeinde Reinsfeld;Landkreis Trier-Saarburg;Rheinland-Pfalz;072355001114;Gemeinde
Büchel;Gemeinde Büchel;Landkreis Cochem-Zell;Rheinland-Pfalz;071355003018;Gemeinde
Reidenhausen;Gemeinde Reidenhausen;Landkreis Cochem-Zell;Rheinland-Pfalz;071355005074;Gemeinde
Welling;Gemeinde Welling;Landkreis Mayen-Koblenz;Rheinland-Pfalz;071375002112;Gemeinde
Mertloch;Gemeinde Mertloch;Landkreis Mayen-Koblenz;Rheinland-Pfalz;071375002070;Gemeinde
Uehlfeld;Gemeinde Uehlfeld;Landkreis Neustadt a.d.Aisch-Bad Windsheim;Bayern;095755522167;Gemeinde
Schwanstetten;Gemeinde Schwanstetten;Landkreis Roth;Bayern;095760132132;Gemeinde
Bützow;Stadt Bützow;Landkreis Rostock;Mecklenburg-Vorpommern;130725252020;Stadt
Winkelhaid;Gemeinde Winkelhaid;Landkreis Nürnberger Land;Bayern;095740164164;Gemeinde
Wesselburenerkoog;Gemeinde Wesselburenerkoog;Kreis Dithmarschen;Schleswig-Holstein;010515178129;Gemeinde
Buschvitz;Gemeinde Buschvitz;Landkreis Vorpommern-Rügen;Mecklenburg-Vorpommern;130735353014;Gemeinde
Trostberg;Stadt Trostberg;Landkreis Traunstein;Bayern;091890157157;Stadt
Mühlen Eichsen;Gemeinde Mühlen Eichsen;Landkreis Nordwestmecklenburg;Mecklenburg-Vorpommern;130745452054;Gemeinde
Hohenpeißenberg;Gemeinde Hohenpeißenberg;Landkreis Weilheim-Schongau;Bayern;091900130130;Gemeinde
Aholming;Gemeinde Aholming;Landkreis Deggendorf;Bayern;092710111111;Gemeinde
Perlin;Gemeinde Perlin;Landkreis Nordwestmecklenburg;Mecklenburg-Vorpommern;130745455061;Gemeinde
Schönberg;Stadt Schönberg;Landkreis Nordwestmecklenburg;Mecklenburg-Vorpommern;130745459074;Stadt
Frauenberger und Duschlberger Wald;Gemeindefreies Gebiet Frauenberger und Duschlberger Wald;Landkreis Freyung-Grafenau;Bayern;092729452452;Gemeindefreies Gebiet
Tutow;Gemeinde Tutow;Landkreis Vorpommern-Greifswald;Mecklenburg-Vorpommern;130755554134;Gemeinde
Altfraunhofen;Gemeinde Altfraunhofen;Landkreis Landshut;Bayern;092745226114;Gemeinde
Görmin;Gemeinde Görmin;Landkreis Vorpommern-Greifswald;Mecklenburg-Vorpommern;130755558036;Gemeinde
Bälau;Gemeinde Bälau;Kreis Herzogtum Lauenburg;Schleswig-Holstein;010535313005;Gemeinde
Rondeshagen;Gemeinde Rondeshagen;Kreis Herzogtum Lauenburg;Schleswig-Holstein;010535308103;Gemeinde
Schulendorf;Gemeinde Schulendorf;Kreis Herzogtum Lauenburg;Schleswig-Holstein;010535318115;Gemeinde
Bogen;Stadt Bogen;Landkreis Straubing-Bogen;Bayern;092780118118;Stadt
Blaibach;Gemeinde Blaibach;Landkreis Cham;Bayern;093720115115;Gemeinde
Worth;Gemeinde Worth;Kreis Herzogtum Lauenburg;Schleswig-Holstein;010535323135;Gemeinde
Lanze;Gemeinde Lanze;Kreis Herzogtum Lauenburg;Schleswig-Holstein;010535343082;Gemeinde
Mallersdorf-Pfaffenberg;Gemeinde Mallersdorf-Pfaffenberg;Landkreis Straubing-Bogen;Bayern;092780148148;Gemeinde
Groß Disnack;Gemeinde Groß Disnack;Kreis Herzogtum Lauenburg;Schleswig-Holstein;010535358040;Gemeinde
Weiding;Gemeinde Weiding;Landkreis Schwandorf;Bayern;093765344176;Gemeinde
Kirchendemenreuth;Gemeinde Kirchendemenreuth;Landkreis Neustadt a.d.Waldnaab;Bayern;093745323128;Gemeinde
Rettenbach;Gemeinde Rettenbach;Landkreis Cham;Bayern;093725318150;Gemeinde
Weiherhammer;Gemeinde Weiherhammer;Landkreis Neustadt a.d.Waldnaab;Bayern;093745325166;Gemeinde
Eschenbach i.d.OPf.;Stadt Eschenbach i.d.OPf.;Landkreis Neustadt a.d.Waldnaab;Bayern;093745327117;Stadt
Ehrenfriedersdorf;Stadt Ehrenfriedersdorf;Landkreis Erzgebirgskreis;Sachsen;145210160160;Stadt
Schneeberg;Stadt Schneeberg;Landkreis Erzgebirgskreis;Sachsen;145210530530;Stadt
Hohndorf;Gemeinde Hohndorf;Landkreis Erzgebirgskreis;Sachsen;145210290290;Gemeinde
Stollberg/Erzgeb.;Stadt Stollberg/Erzgeb.;Landkreis Erzgebirgskreis;Sachsen;145215133590;Stadt
Brahlstorf;Gemeinde Brahlstorf;Landkreis Ludwigslust-Parchim;Mecklenburg-Vorpommern;130765652016;Gemeinde
Ückeritz;Gemeinde Ückeritz;Landkreis Vorpommern-Greifswald;Mecklenburg-Vorpommern;130755562135;Gemeinde
Warlow;Gemeinde Warlow;Landkreis Ludwigslust-Parchim;Mecklenburg-Vorpommern;130765659146;Gemeinde
Neustadt-Glewe;Stadt Neustadt-Glewe;Landkreis Ludwigslust-Parchim;Mecklenburg-Vorpommern;130765660105;Stadt
Stolpe;Gemeinde Stolpe;Landkreis Ludwigslust-Parchim;Mecklenburg-Vorpommern;130765662129;Gemeinde
Weichs;Gemeinde Weichs;Landkreis Dachau;Bayern;091740151151;Gemeinde
Poing;Gemeinde Poing;Landkreis Ebersberg;Bayern;091750135135;Gemeinde
Gneven;Gemeinde Gneven;Landkreis Ludwigslust-Parchim;Mecklenburg-Vorpommern;130765668044;Gemeinde
Korbußen;Gemeinde Korbußen;Landkreis Greiz;Thüringen;160765008036;Gemeinde
Halsbrücke;Gemeinde Halsbrücke;Landkreis Mittelsachsen;Sachsen;145220240240;Gemeinde
Paitzdorf;Gemeinde Paitzdorf;Landkreis Greiz;Thüringen;160765004055;Gemeinde
Bethenhausen;Gemeinde Bethenhausen;Landkreis Greiz;Thüringen;160765008006;Gemeinde
Münchenbernsdorf;Stadt Münchenbernsdorf;Landkreis Greiz;Thüringen;160765006049;Stadt
Geretsried;Stadt Geretsried;Landkreis Bad Tölz-Wolfratshausen;Bayern;091730126126;Stadt
Wangerooge;Gemeinde Wangerooge;Landkreis Friesland;Niedersachsen;034550021021;Gemeinde
Nordhorn;Stadt Nordhorn;Landkreis Grafschaft Bentheim;Niedersachsen;034560015015;Stadt
Bockhorn;Gemeinde Bockhorn;Landkreis Friesland;Niedersachsen;034550025025;Gemeinde
Ringe;Gemeinde Ringe;Landkreis Grafschaft Bentheim;Niedersachsen;034565401019;Gemeinde
Bunde;Gemeinde Bunde;Landkreis Leer;Niedersachsen;034570024024;Gemeinde
Ovelgönne;Gemeinde Ovelgönne;Landkreis Wesermarsch;Niedersachsen;034610008008;Gemeinde
Hümmerich;Gemeinde Hümmerich;Landkreis Neuwied;Rheinland-Pfalz;071385009030;Gemeinde
Friedeburg;Gemeinde Friedeburg;Landkreis Wittmund;Niedersachsen;034620005005;Gemeinde
Surwold;Gemeinde Surwold;Landkreis Emsland;Niedersachsen;034545406051;Gemeinde
Sommerloch;Gemeinde Sommerloch;Landkreis Bad Kreuznach;Rheinland-Pfalz;071335006098;Gemeinde
Werlte;Stadt Werlte;Landkreis Emsland;Niedersachsen;034545409057;Stadt
Neuharlingersiel;Gemeinde Neuharlingersiel;Landkreis Wittmund;Niedersachsen;034625401010;Gemeinde
Kleve;Stadt Kleve;Kreis Kleve;Nordrhein-Westfalen;051540036036;Stadt
Rommerskirchen;Gemeinde Rommerskirchen;Kreis Rhein-Kreis Neuss;Nordrhein-Westfalen;051620028028;Gemeinde
Korschenbroich;Stadt Korschenbroich;Kreis Rhein-Kreis Neuss;Nordrhein-Westfalen;051620020020;Stadt
Tirpersdorf;Gemeinde Tirpersdorf;Landkreis Vogtlandkreis;Sachsen;145235402420;Gemeinde
Neuensalz;Gemeinde Neuensalz;Landkreis Vogtlandkreis;Sachsen;145235134270;Gemeinde
Steinen;Gemeinde Steinen;Landkreis Westerwaldkreis;Rheinland-Pfalz;071435007075;Gemeinde
Ruppichteroth;Gemeinde Ruppichteroth;Kreis Rhein-Sieg-Kreis;Nordrhein-Westfalen;053820052052;Gemeinde
Hof;Stadt Hof;Kreisfreie Stadt Hof;Bayern;094640000000;Stadt
Bocholt;Stadt Bocholt;Kreis Borken;Nordrhein-Westfalen;055540008008;Stadt
Buttenheim;Gemeinde Buttenheim;Landkreis Bamberg;Bayern;094710123123;Gemeinde
Mechernich;Stadt Mechernich;Kreis Euskirchen;Nordrhein-Westfalen;053660028028;Stadt
Pommersfelden;Gemeinde Pommersfelden;Landkreis Bamberg;Bayern;094710172172;Gemeinde
Odenthal;Gemeinde Odenthal;Kreis Rheinisch-Bergischer Kreis;Nordrhein-Westfalen;053780020020;Gemeinde
Maxsain;Gemeinde Maxsain;Landkreis Westerwaldkreis;Rheinland-Pfalz;071435007046;Gemeinde
Stahlhofen am Wiesensee;Gemeinde Stahlhofen am Wiesensee;Landkreis Westerwaldkreis;Rheinland-Pfalz;071435009293;Gemeinde
Waltrop;Stadt Waltrop;Kreis Recklinghausen;Nordrhein-Westfalen;055620036036;Stadt
Dernbach (Westerwald);Gemeinde Dernbach (Westerwald);Landkreis Westerwaldkreis;Rheinland-Pfalz;071435010010;Gemeinde
Sendenhorst;Stadt Sendenhorst;Kreis Warendorf;Nordrhein-Westfalen;055700040040;Stadt
Prüm;Stadt Prüm;Landkreis Eifelkreis Bitburg-Prüm;Rheinland-Pfalz;072325006296;Stadt
Heistenbach;Gemeinde Heistenbach;Landkreis Rhein-Lahn-Kreis;Rheinland-Pfalz;071415003053;Gemeinde
Mehren;Gemeinde Mehren;Landkreis Vulkaneifel;Rheinland-Pfalz;072335001042;Gemeinde
Pegnitz;Stadt Pegnitz;Landkreis Bayreuth;Bayern;094720175175;Stadt
Borgentreich;Stadt Borgentreich;Kreis Höxter;Nordrhein-Westfalen;057620012012;Stadt
Kleinbockedra;Gemeinde Kleinbockedra;Landkreis Saale-Holzland-Kreis;Thüringen;160745007046;Gemeinde
Steinheim;Stadt Steinheim;Kreis Höxter;Nordrhein-Westfalen;057620032032;Stadt
Willebadessen;Stadt Willebadessen;Kreis Höxter;Nordrhein-Westfalen;057620040040;Stadt
Gonbach;Gemeinde Gonbach;Landkreis Donnersbergkreis;Rheinland-Pfalz;073335006027;Gemeinde
Plettenberg;Stadt Plettenberg;Kreis Märkischer Kreis;Nordrhein-Westfalen;059620052052;Stadt
Seelen;Gemeinde Seelen;Landkreis Donnersbergkreis;Rheinland-Pfalz;073335007203;Gemeinde
Bönen;Gemeinde Bönen;Kreis Unna;Nordrhein-Westfalen;059780008008;Gemeinde
Winterberg;Stadt Winterberg;Kreis Hochsauerlandkreis;Nordrhein-Westfalen;059580048048;Stadt
Buseck;Gemeinde Buseck;Landkreis Gießen;Hessen;065310003003;Gemeinde
Eschborn;Stadt Eschborn;Landkreis Main-Taunus-Kreis;Hessen;064360003003;Stadt
Ingelheim am Rhein;Stadt Ingelheim am Rhein;Landkreis Mainz-Bingen;Rheinland-Pfalz;073390030030;Stadt
Herborn;Stadt Herborn;Landkreis Lahn-Dill-Kreis;Hessen;065320012012;Stadt
Hadamar;Stadt Hadamar;Landkreis Limburg-Weilburg;Hessen;065330007007;Stadt
Gladenbach;Stadt Gladenbach;Landkreis Marburg-Biedenkopf;Hessen;065340010010;Stadt
Münchhausen;Gemeinde Münchhausen;Landkreis Marburg-Biedenkopf;Hessen;065340015015;Gemeinde
Lauterbach (Hessen);Stadt Lauterbach (Hessen);Landkreis Vogelsbergkreis;Hessen;065350011011;Stadt
Arzberg;Stadt Arzberg;Landkreis Wunsiedel i.Fichtelgebirge;Bayern;094790112112;Stadt
Stadtsteinach;Stadt Stadtsteinach;Landkreis Kulmbach;Bayern;094775435156;Stadt
Dorn-Dürkheim;Gemeinde Dorn-Dürkheim;Landkreis Mainz-Bingen;Rheinland-Pfalz;073395007201;Gemeinde
Poppenhausen (Wasserkuppe);Gemeinde Poppenhausen (Wasserkuppe);Landkreis Fulda;Hessen;066310021021;Gemeinde
Oberriexingen;Stadt Oberriexingen;Landkreis Ludwigsburg;Baden-Württemberg;081185008059;Stadt
Thiersheim;Gemeinde Thiersheim;Landkreis Wunsiedel i.Fichtelgebirge;Bayern;094795442158;Gemeinde
Schöllkrippener Forst;Gemeindefreies Gebiet Schöllkrippener Forst;Landkreis Aschaffenburg;Bayern;096719459459;Gemeindefreies Gebiet
Langfurth;Gemeinde Langfurth;Landkreis Ansbach;Bayern;095710170170;Gemeinde
Mönchsroth;Gemeinde Mönchsroth;Landkreis Ansbach;Bayern;095715508179;Gemeinde
Weidenbach;Gemeinde Weidenbach;Landkreis Ansbach;Bayern;095715506216;Gemeinde
Heßdorf;Gemeinde Heßdorf;Landkreis Erlangen-Höchstadt;Bayern;095725539133;Gemeinde
Cadolzburg;Gemeinde Cadolzburg;Landkreis Fürth;Bayern;095730114114;Gemeinde
Wadern;Stadt Wadern;Landkreis Merzig-Wadern;Saarland;100420116116;Stadt
Hattenhofen;Gemeinde Hattenhofen;Landkreis Fürstenfeldbruck;Bayern;091795131128;Gemeinde
Grainau;Gemeinde Grainau;Landkreis Garmisch-Partenkirchen;Bayern;091800118118;Gemeinde
Tholey;Gemeinde Tholey;Landkreis St. Wendel;Saarland;100460118118;Gemeinde
Panketal;Gemeinde Panketal;Landkreis Barnim;Brandenburg;120600181181;Gemeinde
Empfertshausen;Gemeinde Empfertshausen;Landkreis Wartburgkreis;Thüringen;160635059023;Gemeinde
Bösleben-Wüllersleben;Gemeinde Bösleben-Wüllersleben;Landkreis Ilm-Kreis;Thüringen;160705009006;Gemeinde
Ahlstädt;Gemeinde Ahlstädt;Landkreis Hildburghausen;Thüringen;160695002001;Gemeinde
Brünn/Thür.;Gemeinde Brünn/Thür.;Landkreis Hildburghausen;Thüringen;160695051006;Gemeinde
Sankt Goar;Stadt Sankt Goar;Landkreis Rhein-Hunsrück-Kreis;Rheinland-Pfalz;071405009133;Stadt
Lahr;Gemeinde Lahr;Landkreis Rhein-Hunsrück-Kreis;Rheinland-Pfalz;071405003502;Gemeinde
Birlenbach;Gemeinde Birlenbach;Landkreis Rhein-Lahn-Kreis;Rheinland-Pfalz;071415003014;Gemeinde
Lieser;Gemeinde Lieser;Landkreis Bernkastel-Wittlich;Rheinland-Pfalz;072315001075;Gemeinde
Deuselbach;Gemeinde Deuselbach;Landkreis Bernkastel-Wittlich;Rheinland-Pfalz;072315006018;Gemeinde
Immert;Gemeinde Immert;Landkreis Bernkastel-Wittlich;Rheinland-Pfalz;072315006064;Gemeinde
Bad Berka;Stadt Bad Berka;Landkreis Weimarer Land;Thüringen;160710003003;Stadt
Unterwellenborn;Gemeinde Unterwellenborn;Landkreis Saalfeld-Rudolstadt;Thüringen;160730111111;Gemeinde
Stadtroda;Stadt Stadtroda;Landkreis Saale-Holzland-Kreis;Thüringen;160745050094;Stadt
Paska;Gemeinde Paska;Landkreis Saale-Orla-Kreis;Thüringen;160755013079;Gemeinde
Schönefeld;Gemeinde Schönefeld;Landkreis Dahme-Spreewald;Brandenburg;120610433433;Gemeinde
Bersteland;Gemeinde Bersteland;Landkreis Dahme-Spreewald;Brandenburg;120615114017;Gemeinde
Striegistal;Gemeinde Striegistal;Landkreis Mittelsachsen;Sachsen;145220540540;Gemeinde
Kittlitz;Gemeinde Kittlitz;Kreis Herzogtum Lauenburg;Schleswig-Holstein;010535358062;Gemeinde
Diensdorf-Radlow;Gemeinde Diensdorf-Radlow;Landkreis Oder-Spree;Brandenburg;120675707112;Gemeinde
Langewahl;Gemeinde Langewahl;Landkreis Oder-Spree;Brandenburg;120675707288;Gemeinde
Mühldorf a.Inn;Stadt Mühldorf a.Inn;Landkreis Mühldorf a.Inn;Bayern;091830128128;Stadt
Langenmosen;Gemeinde Langenmosen;Landkreis Neuburg-Schrobenhausen;Bayern;091855155143;Gemeinde
Walsleben;Gemeinde Walsleben;Landkreis Ostprignitz-Ruppin;Brandenburg;120685807452;Gemeinde
Weißenborn/Erzgeb.;Gemeinde Weißenborn/Erzgeb.;Landkreis Mittelsachsen;Sachsen;145225113590;Gemeinde
Werder (Havel);Stadt Werder (Havel);Landkreis Potsdam-Mittelmark;Brandenburg;120690656656;Stadt
Breese;Gemeinde Breese;Landkreis Prignitz;Brandenburg;120705001052;Gemeinde
Bresegard bei Picher;Gemeinde Bresegard bei Picher;Landkreis Ludwigslust-Parchim;Mecklenburg-Vorpommern;130765658019;Gemeinde
Teichland;Gemeinde Teichland;Landkreis Spree-Neiße;Brandenburg;120715107386;Gemeinde
Am Mellensee;Gemeinde Am Mellensee;Landkreis Teltow-Fläming;Brandenburg;120720002002;Gemeinde
Marienfließ;Gemeinde Marienfließ;Landkreis Prignitz;Brandenburg;120705006266;Gemeinde
Tschernitz;Gemeinde Tschernitz;Landkreis Spree-Neiße;Brandenburg;120715102392;Gemeinde
Herrenberg;Stadt Herrenberg;Landkreis Böblingen;Baden-Württemberg;081155003021;Stadt
Bad Überkingen;Gemeinde Bad Überkingen;Landkreis Göppingen;Baden-Württemberg;081175004007;Gemeinde
Gruibingen;Gemeinde Gruibingen;Landkreis Göppingen;Baden-Württemberg;081175007028;Gemeinde
Obrigheim (Pfalz);Gemeinde Obrigheim (Pfalz);Landkreis Bad Dürkheim;Rheinland-Pfalz;073325007041;Gemeinde
Lindenberg;Gemeinde Lindenberg;Landkreis Bad Dürkheim;Rheinland-Pfalz;073325005034;Gemeinde
Minfeld;Gemeinde Minfeld;Landkreis Germersheim;Rheinland-Pfalz;073345004020;Gemeinde
Hosten;Gemeinde Hosten;Landkreis Eifelkreis Bitburg-Prüm;Rheinland-Pfalz;072325007055;Gemeinde
Bad Bergzabern;Stadt Bad Bergzabern;Landkreis Südliche Weinstraße;Rheinland-Pfalz;073375002005;Stadt
Birkweiler;Gemeinde Birkweiler;Landkreis Südliche Weinstraße;Rheinland-Pfalz;073375005009;Gemeinde
Eschbach;Gemeinde Eschbach;Landkreis Südliche Weinstraße;Rheinland-Pfalz;073375005022;Gemeinde
Hontheim;Gemeinde Hontheim;Landkreis Bernkastel-Wittlich;Rheinland-Pfalz;072315009057;Gemeinde
Mauel;Gemeinde Mauel;Landkreis Eifelkreis Bitburg-Prüm;Rheinland-Pfalz;072325001267;Gemeinde
Reiff;Gemeinde Reiff;Landkreis Eifelkreis Bitburg-Prüm;Rheinland-Pfalz;072325001297;Gemeinde
Kleinlangenfeld;Gemeinde Kleinlangenfeld;Landkreis Eifelkreis Bitburg-Prüm;Rheinland-Pfalz;072325006250;Gemeinde
Berscheid;Gemeinde Berscheid;Landkreis Eifelkreis Bitburg-Prüm;Rheinland-Pfalz;072325005012;Gemeinde
Ockfen;Gemeinde Ockfen;Landkreis Trier-Saarburg;Rheinland-Pfalz;072355008098;Gemeinde
Waldrach;Gemeinde Waldrach;Landkreis Trier-Saarburg;Rheinland-Pfalz;072355004141;Gemeinde
Paschel;Gemeinde Paschel;Landkreis Trier-Saarburg;Rheinland-Pfalz;072355008105;Gemeinde
Kronprinzenkoog;Gemeinde Kronprinzenkoog;Kreis Dithmarschen;Schleswig-Holstein;010515166062;Gemeinde
Katharinenheerd;Gemeinde Katharinenheerd;Kreis Nordfriesland;Schleswig-Holstein;010545417063;Gemeinde
Appen;Gemeinde Appen;Kreis Pinneberg;Schleswig-Holstein;010565690001;Gemeinde
Hetlingen;Gemeinde Hetlingen;Kreis Pinneberg;Schleswig-Holstein;010565690027;Gemeinde
Rathjensdorf;Gemeinde Rathjensdorf;Kreis Plön;Schleswig-Holstein;010575739067;Gemeinde
Neudorf-Bornstein;Gemeinde Neudorf-Bornstein;Kreis Rendsburg-Eckernförde;Schleswig-Holstein;010585824110;Gemeinde
Nehmten;Gemeinde Nehmten;Kreis Plön;Schleswig-Holstein;010575739053;Gemeinde
Wahlstorf;Gemeinde Wahlstorf;Kreis Plön;Schleswig-Holstein;010575747084;Gemeinde
Selent;Gemeinde Selent;Kreis Plön;Schleswig-Holstein;010575775077;Gemeinde
Nienborstel;Gemeinde Nienborstel;Kreis Rendsburg-Eckernförde;Schleswig-Holstein;010585895113;Gemeinde
Beringstedt;Gemeinde Beringstedt;Kreis Rendsburg-Eckernförde;Schleswig-Holstein;010585895015;Gemeinde
Großenwiehe;Gemeinde Großenwiehe;Kreis Schleswig-Flensburg;Schleswig-Holstein;010595952115;Gemeinde
Munkbrarup;Gemeinde Munkbrarup;Kreis Schleswig-Flensburg;Schleswig-Holstein;010595937145;Gemeinde
Wagersrott;Gemeinde Wagersrott;Kreis Schleswig-Flensburg;Schleswig-Holstein;010595974095;Gemeinde
Linden;Gemeinde Linden;Landkreis Westerwaldkreis;Rheinland-Pfalz;071435002258;Gemeinde
Twedt;Gemeinde Twedt;Kreis Schleswig-Flensburg;Schleswig-Holstein;010595987097;Gemeinde
Niesgrau;Gemeinde Niesgrau;Kreis Schleswig-Flensburg;Schleswig-Holstein;010595990148;Gemeinde
Rabenholz;Gemeinde Rabenholz;Kreis Schleswig-Flensburg;Schleswig-Holstein;010595990155;Gemeinde
Mudenbach;Gemeinde Mudenbach;Landkreis Westerwaldkreis;Rheinland-Pfalz;071435002267;Gemeinde
Silberstedt;Gemeinde Silberstedt;Kreis Schleswig-Flensburg;Schleswig-Holstein;010595993079;Gemeinde
Sievershütten;Gemeinde Sievershütten;Kreis Segeberg;Schleswig-Holstein;010605048077;Gemeinde
Kneitlingen;Gemeinde Kneitlingen;Landkreis Wolfenbüttel;Niedersachsen;031585407022;Gemeinde
Kissenbrück;Gemeinde Kissenbrück;Landkreis Wolfenbüttel;Niedersachsen;031585407021;Gemeinde
Sprakensehl;Gemeinde Sprakensehl;Landkreis Gifhorn;Niedersachsen;031515403028;Gemeinde
Einbeck;Stadt Einbeck;Landkreis Northeim;Niedersachsen;031550013013;Stadt
Barsinghausen;Stadt Barsinghausen;Landkreis Region Hannover;Niedersachsen;032410002002;Stadt
Wollbach;Gemeinde Wollbach;Landkreis Rhön-Grabfeld;Bayern;096735638183;Gemeinde
Untermerzbach;Gemeinde Untermerzbach;Landkreis Haßberge;Bayern;096740210210;Gemeinde
Riedbach;Gemeinde Riedbach;Landkreis Haßberge;Bayern;096745612153;Gemeinde
Ramstedt;Gemeinde Ramstedt;Kreis Nordfriesland;Schleswig-Holstein;010545492105;Gemeinde
Malberg;Gemeinde Malberg;Landkreis Eifelkreis Bitburg-Prüm;Rheinland-Pfalz;072325008075;Gemeinde
Zapel;Gemeinde Zapel;Landkreis Ludwigslust-Parchim;Mecklenburg-Vorpommern;130765668158;Gemeinde
Höhr-Grenzhausen;Stadt Höhr-Grenzhausen;Landkreis Westerwaldkreis;Rheinland-Pfalz;071435003032;Stadt
Nienburg (Weser);Stadt Nienburg (Weser);Landkreis Nienburg (Weser);Niedersachsen;032560022022;Stadt
Haßbergen;Gemeinde Haßbergen;Landkreis Nienburg (Weser);Niedersachsen;032565402011;Gemeinde
Rodewald;Gemeinde Rodewald;Landkreis Nienburg (Weser);Niedersachsen;032565407026;Gemeinde
Prien a.Chiemsee;Gemeinde Prien a.Chiemsee;Landkreis Rosenheim;Bayern;091870162162;Gemeinde
Suthfeld;Gemeinde Suthfeld;Landkreis Schaumburg;Niedersachsen;032575403036;Gemeinde
Adelheidsdorf;Gemeinde Adelheidsdorf;Landkreis Celle;Niedersachsen;033515404001;Gemeinde
Gstadt a.Chiemsee;Gemeinde Gstadt a.Chiemsee;Landkreis Rosenheim;Bayern;091875160138;Gemeinde
Ramerberg;Gemeinde Ramerberg;Landkreis Rosenheim;Bayern;091875165164;Gemeinde
Gilching;Gemeinde Gilching;Landkreis Starnberg;Bayern;091880121121;Gemeinde
Inning a.Ammersee;Gemeinde Inning a.Ammersee;Landkreis Starnberg;Bayern;091880126126;Gemeinde
Oberschwarzach;Gemeinde Oberschwarzach;Landkreis Schweinfurt;Bayern;096785642164;Gemeinde
Neu Wulmstorf;Gemeinde Neu Wulmstorf;Landkreis Harburg;Niedersachsen;033530026026;Gemeinde
Stollbergerforst;Gemeindefreies Gebiet Stollbergerforst;Landkreis Schweinfurt;Bayern;096789455455;Gemeindefreies Gebiet
Neubrunn;Gemeinde Neubrunn;Landkreis Würzburg;Bayern;096790164164;Gemeinde
Karbach;Gemeinde Karbach;Landkreis Main-Spessart;Bayern;096775621146;Gemeinde
Ochsenfurt;Stadt Ochsenfurt;Landkreis Würzburg;Bayern;096790170170;Stadt
Nohfelden;Gemeinde Nohfelden;Landkreis St. Wendel;Saarland;100460114114;Gemeinde
Unterpleichfeld;Gemeinde Unterpleichfeld;Landkreis Würzburg;Bayern;096790201201;Gemeinde
Zell a.Main;Gemeinde Zell a.Main;Landkreis Würzburg;Bayern;096790209209;Gemeinde
Hollenbach;Gemeinde Hollenbach;Landkreis Aichach-Friedberg;Bayern;097710140140;Gemeinde
Bissingen;Gemeinde Bissingen;Landkreis Dillingen a.d.Donau;Bayern;097730117117;Gemeinde
Schwabmünchen;Stadt Schwabmünchen;Landkreis Augsburg;Bayern;097720200200;Stadt
Buttenwiesen;Gemeinde Buttenwiesen;Landkreis Dillingen a.d.Donau;Bayern;097730122122;Gemeinde
Ziertheim;Gemeinde Ziertheim;Landkreis Dillingen a.d.Donau;Bayern;097735715186;Gemeinde
Göhrde;Gemeinde Göhrde;Landkreis Lüchow-Dannenberg;Niedersachsen;033545406006;Gemeinde
Adendorf;Gemeinde Adendorf;Landkreis Lüneburg;Niedersachsen;033550001001;Gemeinde
Vastorf;Gemeinde Vastorf;Landkreis Lüneburg;Niedersachsen;033555406038;Gemeinde
Ebershausen;Gemeinde Ebershausen;Landkreis Günzburg;Bayern;097745731129;Gemeinde
Altenstadt;Gemeinde Altenstadt;Landkreis Neu-Ulm;Bayern;097755740111;Gemeinde
Tating;Gemeinde Tating;Kreis Nordfriesland;Schleswig-Holstein;010545417134;Gemeinde
Oyten;Gemeinde Oyten;Landkreis Verden;Niedersachsen;033610009009;Gemeinde
Zweiflingen;Gemeinde Zweiflingen;Landkreis Hohenlohekreis;Baden-Württemberg;081265005094;Gemeinde
Remshalden;Gemeinde Remshalden;Landkreis Rems-Murr-Kreis;Baden-Württemberg;081190090090;Gemeinde
Rudersberg;Gemeinde Rudersberg;Landkreis Rems-Murr-Kreis;Baden-Württemberg;081190061061;Gemeinde
Gemmingen;Gemeinde Gemmingen;Landkreis Heilbronn;Baden-Württemberg;081255004034;Gemeinde
Löwenstein;Stadt Löwenstein;Landkreis Heilbronn;Baden-Württemberg;081255011059;Stadt
Weinsberg;Stadt Weinsberg;Landkreis Heilbronn;Baden-Württemberg;081255014102;Stadt
Kirchwalsede;Gemeinde Kirchwalsede;Landkreis Rotenburg (Wümme);Niedersachsen;033575401031;Gemeinde
Groß Meckelsen;Gemeinde Groß Meckelsen;Landkreis Rotenburg (Wümme);Niedersachsen;033575405017;Gemeinde
Häuslingen;Gemeinde Häuslingen;Landkreis Heidekreis;Niedersachsen;033585402013;Gemeinde
Wiersdorf;Gemeinde Wiersdorf;Landkreis Eifelkreis Bitburg-Prüm;Rheinland-Pfalz;072325008134;Gemeinde
Essel;Gemeinde Essel;Landkreis Heidekreis;Niedersachsen;033585403007;Gemeinde
Gilten;Gemeinde Gilten;Landkreis Heidekreis;Niedersachsen;033585403010;Gemeinde
Hochkirch;Gemeinde Hochkirch;Landkreis Bautzen;Sachsen;146250230230;Gemeinde
Ostritz;Stadt Ostritz;Landkreis Görlitz;Sachsen;146260420420;Stadt
Großschönau;Gemeinde Großschönau;Landkreis Görlitz;Sachsen;146265214140;Gemeinde
Schrozberg;Stadt Schrozberg;Landkreis Schwäbisch Hall;Baden-Württemberg;081270075075;Stadt
Niederau;Gemeinde Niederau;Landkreis Meißen;Sachsen;146270170170;Gemeinde
Kreischa;Gemeinde Kreischa;Landkreis Sächsische Schweiz-Osterzgebirge;Sachsen;146280220220;Gemeinde
Horben;Gemeinde Horben;Landkreis Breisgau-Hochschwarzwald;Baden-Württemberg;083155007056;Gemeinde
Schrecksbach;Gemeinde Schrecksbach;Landkreis Schwalm-Eder-Kreis;Hessen;066340021021;Gemeinde
Krostitz;Gemeinde Krostitz;Landkreis Nordsachsen;Sachsen;147305306150;Gemeinde
Lichtenfels;Stadt Lichtenfels;Landkreis Waldeck-Frankenberg;Hessen;066350016016;Stadt
Buchholz (Westerwald);Gemeinde Buchholz (Westerwald);Landkreis Neuwied;Rheinland-Pfalz;071385001080;Gemeinde
Vöhl;Gemeinde Vöhl;Landkreis Waldeck-Frankenberg;Hessen;066350019019;Gemeinde
Wallstawe;Gemeinde Wallstawe;Landkreis Altmarkkreis Salzwedel;Sachsen-Anhalt;150815051545;Gemeinde
Angern;Gemeinde Angern;Landkreis Börde;Sachsen-Anhalt;150835051030;Gemeinde
Markranstädt;Stadt Markranstädt;Landkreis Leipzig;Sachsen;147290270270;Stadt
Belgershain;Gemeinde Belgershain;Landkreis Leipzig;Sachsen;147295307020;Gemeinde
Loitsche-Heinrichsberg;Gemeinde Loitsche-Heinrichsberg;Landkreis Börde;Sachsen-Anhalt;150835051361;Gemeinde
Giengen an der Brenz;Stadt Giengen an der Brenz;Landkreis Heidenheim;Baden-Württemberg;081355001016;Stadt
Niederstotzingen;Stadt Niederstotzingen;Landkreis Heidenheim;Baden-Württemberg;081355003027;Stadt
Zuzenhausen;Gemeinde Zuzenhausen;Landkreis Rhein-Neckar-Kreis;Baden-Württemberg;082265008101;Gemeinde
Renchen;Stadt Renchen;Landkreis Ortenaukreis;Baden-Württemberg;083175009110;Stadt
Neubulach;Stadt Neubulach;Landkreis Calw;Baden-Württemberg;082355005047;Stadt
Bad Bellingen;Gemeinde Bad Bellingen;Landkreis Lörrach;Baden-Württemberg;083365005006;Gemeinde
Oberreichenbach;Gemeinde Oberreichenbach;Landkreis Calw;Baden-Württemberg;082355006055;Gemeinde
Königsbach-Stein;Gemeinde Königsbach-Stein;Landkreis Enzkreis;Baden-Württemberg;082365002076;Gemeinde
Schramberg;Stadt Schramberg;Landkreis Rottweil;Baden-Württemberg;083255005053;Stadt
Aldingen;Gemeinde Aldingen;Landkreis Tuttlingen;Baden-Württemberg;083275004002;Gemeinde
Kappel-Grafenhausen;Gemeinde Kappel-Grafenhausen;Landkreis Ortenaukreis;Baden-Württemberg;083175002152;Gemeinde
Ohlsbach;Gemeinde Ohlsbach;Landkreis Ortenaukreis;Baden-Württemberg;083175003097;Gemeinde
Stödtlen;Gemeinde Stödtlen;Landkreis Ostalbkreis;Baden-Württemberg;081365009068;Gemeinde
Jabel;Gemeinde Jabel;Landkreis Mecklenburgische Seenplatte;Mecklenburg-Vorpommern;130715160069;Gemeinde
Jürgenstorf;Gemeinde Jürgenstorf;Landkreis Mecklenburgische Seenplatte;Mecklenburg-Vorpommern;130715162070;Gemeinde
Westendorf;Gemeinde Westendorf;Landkreis Ostallgäu;Bayern;097775751182;Gemeinde
Stöttwang;Gemeinde Stöttwang;Landkreis Ostallgäu;Bayern;097775751172;Gemeinde
Gütenbach;Gemeinde Gütenbach;Landkreis Schwarzwald-Baar-Kreis;Baden-Württemberg;083265002020;Gemeinde
Wutach;Gemeinde Wutach;Landkreis Waldshut;Baden-Württemberg;083375001127;Gemeinde
Wutöschingen;Gemeinde Wutöschingen;Landkreis Waldshut;Baden-Württemberg;083375008123;Gemeinde
Riederich;Gemeinde Riederich;Landkreis Reutlingen;Baden-Württemberg;084155002062;Gemeinde
Pliezhausen;Gemeinde Pliezhausen;Landkreis Reutlingen;Baden-Württemberg;084155004060;Gemeinde
Werder;Gemeinde Werder;Landkreis Mecklenburgische Seenplatte;Mecklenburg-Vorpommern;130715163158;Gemeinde
Burladingen;Stadt Burladingen;Landkreis Zollernalbkreis;Baden-Württemberg;084170013013;Stadt
Nellingen;Gemeinde Nellingen;Landkreis Alb-Donau-Kreis;Baden-Württemberg;084255007084;Gemeinde
Rattenkirchen;Gemeinde Rattenkirchen;Landkreis Mühldorf a.Inn;Bayern;091835145138;Gemeinde
Münster;Gemeinde Münster;Landkreis Donau-Ries;Bayern;097795725187;Gemeinde
Eriskirch;Gemeinde Eriskirch;Landkreis Bodenseekreis;Baden-Württemberg;084355001013;Gemeinde
Eichstegen;Gemeinde Eichstegen;Landkreis Ravensburg;Baden-Württemberg;084365001027;Gemeinde
Auhausen;Gemeinde Auhausen;Landkreis Donau-Ries;Bayern;097795721117;Gemeinde
Tapfheim;Gemeinde Tapfheim;Landkreis Donau-Ries;Bayern;097790218218;Gemeinde
Borxleben;Gemeinde Borxleben;Landkreis Kyffhäuserkreis;Thüringen;160655055008;Gemeinde
Forheim;Gemeinde Forheim;Landkreis Donau-Ries;Bayern;097795722146;Gemeinde
Schönhausen (Elbe);Gemeinde Schönhausen (Elbe);Landkreis Stendal;Sachsen-Anhalt;150905052500;Gemeinde
Selke-Aue;Gemeinde Selke-Aue;Landkreis Harz;Sachsen-Anhalt;150855051287;Gemeinde
Schwanebeck;Stadt Schwanebeck;Landkreis Harz;Sachsen-Anhalt;150855051285;Stadt
Mainstockheim;Gemeinde Mainstockheim;Landkreis Kitzingen;Bayern;096755617146;Gemeinde
Bad Reichenhall;Stadt Bad Reichenhall;Landkreis Berchtesgadener Land;Bayern;091720114114;Stadt
Herdwangen-Schönach;Gemeinde Herdwangen-Schönach;Landkreis Sigmaringen;Baden-Württemberg;084375004124;Gemeinde
Königsfeld;Gemeinde Königsfeld;Landkreis Bamberg;Bayern;094715403151;Gemeinde
Mehring;Gemeinde Mehring;Landkreis Altötting;Bayern;091715101124;Gemeinde
Ihlow;Gemeinde Ihlow;Landkreis Aurich;Niedersachsen;034520012012;Gemeinde
Mesenich;Gemeinde Mesenich;Landkreis Cochem-Zell;Rheinland-Pfalz;071355001060;Gemeinde
Ungerhauser Wald;Gemeindefreies Gebiet Ungerhauser Wald;Landkreis Unterallgäu;Bayern;097789451451;Gemeindefreies Gebiet
Nordleda;Gemeinde Nordleda;Landkreis Cuxhaven;Niedersachsen;033525411041;Gemeinde
Kayhude;Gemeinde Kayhude;Kreis Segeberg;Schleswig-Holstein;010605034046;Gemeinde
Heilbach;Gemeinde Heilbach;Landkreis Eifelkreis Bitburg-Prüm;Rheinland-Pfalz;072325005047;Gemeinde
Rodershausen;Gemeinde Rodershausen;Landkreis Eifelkreis Bitburg-Prüm;Rheinland-Pfalz;072325005110;Gemeinde
Haverlah;Gemeinde Haverlah;Landkreis Wolfenbüttel;Niedersachsen;031585402016;Gemeinde
Hannover;Stadt Hannover;Landkreis Region Hannover;Niedersachsen;032410001001;Stadt
Eisenheim;Gemeinde Eisenheim;Landkreis Würzburg;Bayern;096795647167;Gemeinde
Gudendorf;Gemeinde Gudendorf;Kreis Dithmarschen;Schleswig-Holstein;010515175039;Gemeinde
Busenwurth;Gemeinde Busenwurth;Kreis Dithmarschen;Schleswig-Holstein;010515175017;Gemeinde
Schülp;Gemeinde Schülp;Kreis Dithmarschen;Schleswig-Holstein;010515178105;Gemeinde
Büdelsdorf;Stadt Büdelsdorf;Kreis Rendsburg-Eckernförde;Schleswig-Holstein;010580034034;Stadt
Reinholterode;Gemeinde Reinholterode;Landkreis Eichsfeld;Thüringen;160615009076;Gemeinde
Chorin;Gemeinde Chorin;Landkreis Barnim;Brandenburg;120605011045;Gemeinde
Kälberberg;Gemeindefreies Gebiet Kälberberg;Landkreis Bad Kissingen;Bayern;096729458458;Gemeindefreies Gebiet
Ummanz;Gemeinde Ummanz;Landkreis Vorpommern-Rügen;Mecklenburg-Vorpommern;130735362095;Gemeinde
Stendal;Stadt Stendal;Landkreis Stendal;Sachsen-Anhalt;150900535535;Stadt
Witzleben;Gemeinde Witzleben;Landkreis Ilm-Kreis;Thüringen;160705009054;Gemeinde
Boffzen;Gemeinde Boffzen;Landkreis Holzminden;Niedersachsen;032555403004;Gemeinde
Altheim (Alb);Gemeinde Altheim (Alb);Landkreis Alb-Donau-Kreis;Baden-Württemberg;084255008005;Gemeinde
Lauterach;Gemeinde Lauterach;Landkreis Alb-Donau-Kreis;Baden-Württemberg;084255010073;Gemeinde
Weidenstetten;Gemeinde Weidenstetten;Landkreis Alb-Donau-Kreis;Baden-Württemberg;084255008130;Gemeinde
Moordiek;Gemeinde Moordiek;Kreis Steinburg;Schleswig-Holstein;010615104068;Gemeinde
Hodorf;Gemeinde Hodorf;Kreis Steinburg;Schleswig-Holstein;010615138039;Gemeinde
Bokhorst;Gemeinde Bokhorst;Kreis Steinburg;Schleswig-Holstein;010615168014;Gemeinde
Huje;Gemeinde Huje;Kreis Steinburg;Schleswig-Holstein;010615138045;Gemeinde
Aasbüttel;Gemeinde Aasbüttel;Kreis Steinburg;Schleswig-Holstein;010615168001;Gemeinde
Oeschebüttel;Gemeinde Oeschebüttel;Kreis Steinburg;Schleswig-Holstein;010615189080;Gemeinde
Buhlenberg;Gemeinde Buhlenberg;Landkreis Birkenfeld;Rheinland-Pfalz;071345002016;Gemeinde
Hottenbach;Gemeinde Hottenbach;Landkreis Birkenfeld;Rheinland-Pfalz;071345005044;Gemeinde
Fensdorf;Gemeinde Fensdorf;Landkreis Altenkirchen (Westerwald);Rheinland-Pfalz;071325009030;Gemeinde
Rettersen;Gemeinde Rettersen;Landkreis Altenkirchen (Westerwald);Rheinland-Pfalz;071325010094;Gemeinde
Mammelzen;Gemeinde Mammelzen;Landkreis Altenkirchen (Westerwald);Rheinland-Pfalz;071325010067;Gemeinde
Kaisersesch;Stadt Kaisersesch;Landkreis Cochem-Zell;Rheinland-Pfalz;071355002045;Stadt
Neuenkirchen;Gemeinde Neuenkirchen;Landkreis Osnabrück;Niedersachsen;034595404027;Gemeinde
Herresbach;Gemeinde Herresbach;Landkreis Mayen-Koblenz;Rheinland-Pfalz;071375003035;Gemeinde
Raubach;Gemeinde Raubach;Landkreis Neuwied;Rheinland-Pfalz;071385005059;Gemeinde
Aichelberg;Gemeinde Aichelberg;Landkreis Göppingen;Baden-Württemberg;081175009002;Gemeinde
Sankt Michaelisdonn;Gemeinde Sankt Michaelisdonn;Kreis Dithmarschen;Schleswig-Holstein;010515163097;Gemeinde
Dörpstedt;Gemeinde Dörpstedt;Kreis Schleswig-Flensburg;Schleswig-Holstein;010595996020;Gemeinde
Großsteinhausen;Gemeinde Großsteinhausen;Landkreis Südwestpfalz;Rheinland-Pfalz;073405008210;Gemeinde
Knöringen;Gemeinde Knöringen;Landkreis Südliche Weinstraße;Rheinland-Pfalz;073375005050;Gemeinde
Böhl-Iggelheim;Gemeinde Böhl-Iggelheim;Landkreis Rhein-Pfalz-Kreis;Rheinland-Pfalz;073380005005;Gemeinde
Bönningstedt;Gemeinde Bönningstedt;Kreis Pinneberg;Schleswig-Holstein;010560005005;Gemeinde
Sulzbach an der Murr;Gemeinde Sulzbach an der Murr;Landkreis Rems-Murr-Kreis;Baden-Württemberg;081195004075;Gemeinde
Bruchhausen;Gemeinde Bruchhausen;Landkreis Neuwied;Rheinland-Pfalz;071385007008;Gemeinde
Ötigheim;Gemeinde Ötigheim;Landkreis Rastatt;Baden-Württemberg;082165005039;Gemeinde
Mauchenheim;Gemeinde Mauchenheim;Landkreis Alzey-Worms;Rheinland-Pfalz;073315001044;Gemeinde
Eich;Gemeinde Eich;Landkreis Alzey-Worms;Rheinland-Pfalz;073315002018;Gemeinde
Dittelsheim-Heßloch;Gemeinde Dittelsheim-Heßloch;Landkreis Alzey-Worms;Rheinland-Pfalz;073315007015;Gemeinde
Gundersheim;Gemeinde Gundersheim;Landkreis Alzey-Worms;Rheinland-Pfalz;073315007036;Gemeinde
Gaiberg;Gemeinde Gaiberg;Landkreis Rhein-Neckar-Kreis;Baden-Württemberg;082265005022;Gemeinde
Mielkendorf;Gemeinde Mielkendorf;Kreis Rendsburg-Eckernförde;Schleswig-Holstein;010585896105;Gemeinde
Kuhstorf;Gemeinde Kuhstorf;Landkreis Ludwigslust-Parchim;Mecklenburg-Vorpommern;130765658079;Gemeinde
Sohrschied;Gemeinde Sohrschied;Landkreis Rhein-Hunsrück-Kreis;Rheinland-Pfalz;071405004146;Gemeinde
Biberach;Gemeinde Biberach;Landkreis Ortenaukreis;Baden-Württemberg;083175014011;Gemeinde
Ney;Gemeinde Ney;Landkreis Rhein-Hunsrück-Kreis;Rheinland-Pfalz;071405009102;Gemeinde
Bubach;Gemeinde Bubach;Landkreis Rhein-Hunsrück-Kreis;Rheinland-Pfalz;071405008020;Gemeinde
Klosterkumbd;Gemeinde Klosterkumbd;Landkreis Rhein-Hunsrück-Kreis;Rheinland-Pfalz;071405008070;Gemeinde
Wehingen;Gemeinde Wehingen;Landkreis Tuttlingen;Baden-Württemberg;083275002051;Gemeinde
Theisbergstegen;Gemeinde Theisbergstegen;Landkreis Kusel;Rheinland-Pfalz;073365010098;Gemeinde
Hainau;Gemeinde Hainau;Landkreis Rhein-Lahn-Kreis;Rheinland-Pfalz;071415007110;Gemeinde
Ruppertshofen;Gemeinde Ruppertshofen;Landkreis Rhein-Lahn-Kreis;Rheinland-Pfalz;071415007120;Gemeinde
Ulmet;Gemeinde Ulmet;Landkreis Kusel;Rheinland-Pfalz;073365010099;Gemeinde
Nistertal;Gemeinde Nistertal;Landkreis Westerwaldkreis;Rheinland-Pfalz;071435001279;Gemeinde
Weil am Rhein;Stadt Weil am Rhein;Landkreis Lörrach;Baden-Württemberg;083360091091;Stadt
Gernsheim;Stadt Gernsheim;Landkreis Groß-Gerau;Hessen;064330004004;Stadt
Ginsheim-Gustavsburg;Stadt Ginsheim-Gustavsburg;Landkreis Groß-Gerau;Hessen;064330005005;Stadt
Berkatal;Gemeinde Berkatal;Landkreis Werra-Meißner-Kreis;Hessen;066360002002;Gemeinde
Briedel;Gemeinde Briedel;Landkreis Cochem-Zell;Rheinland-Pfalz;071355005013;Gemeinde
Einig;Gemeinde Einig;Landkreis Mayen-Koblenz;Rheinland-Pfalz;071375002023;Gemeinde
Diespeck;Gemeinde Diespeck;Landkreis Neustadt a.d.Aisch-Bad Windsheim;Bayern;095755521118;Gemeinde
Mühl Rosin;Gemeinde Mühl Rosin;Landkreis Rostock;Mecklenburg-Vorpommern;130725255073;Gemeinde
Lüssow;Gemeinde Lüssow;Landkreis Rostock;Mecklenburg-Vorpommern;130725255069;Gemeinde
Velden;Stadt Velden;Landkreis Nürnberger Land;Bayern;095745527160;Stadt
Meldorf;Stadt Meldorf;Kreis Dithmarschen;Schleswig-Holstein;010515175074;Stadt
Taching a.See;Gemeinde Taching a.See;Landkreis Traunstein;Bayern;091895173150;Gemeinde
Roggendorf;Gemeinde Roggendorf;Landkreis Nordwestmecklenburg;Mecklenburg-Vorpommern;130745452068;Gemeinde
Schnaitsee;Gemeinde Schnaitsee;Landkreis Traunstein;Bayern;091890142142;Gemeinde
Stephansposching;Gemeinde Stephansposching;Landkreis Deggendorf;Bayern;092710151151;Gemeinde
Außernzell;Gemeinde Außernzell;Landkreis Deggendorf;Bayern;092715206114;Gemeinde
Thandorf;Gemeinde Thandorf;Landkreis Nordwestmecklenburg;Mecklenburg-Vorpommern;130745458078;Gemeinde
Upahl;Gemeinde Upahl;Landkreis Nordwestmecklenburg;Mecklenburg-Vorpommern;130745453079;Gemeinde
Hausen;Gemeinde Hausen;Landkreis Kelheim;Bayern;092735217125;Gemeinde
Zemitz;Gemeinde Zemitz;Landkreis Vorpommern-Greifswald;Mecklenburg-Vorpommern;130755551147;Gemeinde
Graineter Wald;Gemeindefreies Gebiet Graineter Wald;Landkreis Freyung-Grafenau;Bayern;092729453453;Gemeindefreies Gebiet
Altdorf;Gemeinde Altdorf;Landkreis Landshut;Bayern;092740113113;Gemeinde
Siegenburg;Gemeinde Siegenburg;Landkreis Kelheim;Bayern;092735218172;Gemeinde
Eching;Gemeinde Eching;Landkreis Landshut;Bayern;092740124124;Gemeinde
Neufraunhofen;Gemeinde Neufraunhofen;Landkreis Landshut;Bayern;092745227154;Gemeinde
Ruhstorf a.d.Rott;Gemeinde Ruhstorf a.d.Rott;Landkreis Passau;Bayern;092750145145;Gemeinde
Prackenbach;Gemeinde Prackenbach;Landkreis Regen;Bayern;092760135135;Gemeinde
Wittibreut;Gemeinde Wittibreut;Landkreis Rottal-Inn;Bayern;092770152152;Gemeinde
Nimsreuland;Gemeinde Nimsreuland;Landkreis Eifelkreis Bitburg-Prüm;Rheinland-Pfalz;072325006280;Gemeinde
Klempau;Gemeinde Klempau;Kreis Herzogtum Lauenburg;Schleswig-Holstein;010535308067;Gemeinde
Osterhever;Gemeinde Osterhever;Kreis Nordfriesland;Schleswig-Holstein;010545417100;Gemeinde
Großmölsen;Gemeinde Großmölsen;Landkreis Sömmerda;Thüringen;160685012017;Gemeinde
Weigendorf;Gemeinde Weigendorf;Landkreis Amberg-Sulzbach;Bayern;093715303157;Gemeinde
Möttingen;Gemeinde Möttingen;Landkreis Donau-Ries;Bayern;097790185185;Gemeinde
Loitzendorf;Gemeinde Loitzendorf;Landkreis Straubing-Bogen;Bayern;092785246147;Gemeinde
Rötz;Stadt Rötz;Landkreis Cham;Bayern;093720154154;Stadt
Flossenbürg;Gemeinde Flossenbürg;Landkreis Neustadt a.d.Waldnaab;Bayern;093740122122;Gemeinde
Niedermurach;Gemeinde Niedermurach;Landkreis Schwandorf;Bayern;093765339148;Gemeinde
Frammersbach;Gemeinde Frammersbach;Landkreis Main-Spessart;Bayern;096770129129;Gemeinde
Speinsharter Forst;Gemeindefreies Gebiet Speinsharter Forst;Landkreis Neustadt a.d.Waldnaab;Bayern;093749458458;Gemeindefreies Gebiet
Vorbach;Gemeinde Vorbach;Landkreis Neustadt a.d.Waldnaab;Bayern;093745326163;Gemeinde
Lappersdorf;Gemeinde Lappersdorf;Landkreis Regensburg;Bayern;093750165165;Gemeinde
Würzburg;Stadt Würzburg;Kreisfreie Stadt Würzburg;Bayern;096630000000;Stadt
Forstmühler Forst;Gemeindefreies Gebiet Forstmühler Forst;Landkreis Regensburg;Bayern;093759451451;Gemeindefreies Gebiet
Borkheide;Gemeinde Borkheide;Landkreis Potsdam-Mittelmark;Brandenburg;120695904052;Gemeinde
Wackersdorf;Gemeinde Wackersdorf;Landkreis Schwandorf;Bayern;093765346175;Gemeinde
Tuchenbach;Gemeinde Tuchenbach;Landkreis Fürth;Bayern;095735540129;Gemeinde
Dümmer;Gemeinde Dümmer;Landkreis Ludwigslust-Parchim;Mecklenburg-Vorpommern;130765665036;Gemeinde
Breitenbrunn/Erzgeb.;Gemeinde Breitenbrunn/Erzgeb.;Landkreis Erzgebirgskreis;Sachsen;145210110110;Gemeinde
Bockau;Gemeinde Bockau;Landkreis Erzgebirgskreis;Sachsen;145215139080;Gemeinde
Stützengrün;Gemeinde Stützengrün;Landkreis Erzgebirgskreis;Sachsen;145210600600;Gemeinde
Burkhardtsdorf;Gemeinde Burkhardtsdorf;Landkreis Erzgebirgskreis;Sachsen;145215103120;Gemeinde
Niederdorf;Gemeinde Niederdorf;Landkreis Erzgebirgskreis;Sachsen;145215133420;Gemeinde
Krugsdorf;Gemeinde Krugsdorf;Landkreis Vorpommern-Greifswald;Mecklenburg-Vorpommern;130755560071;Gemeinde
Jatznick;Gemeinde Jatznick;Landkreis Vorpommern-Greifswald;Mecklenburg-Vorpommern;130755560055;Gemeinde
Rom;Gemeinde Rom;Landkreis Ludwigslust-Parchim;Mecklenburg-Vorpommern;130765662120;Gemeinde
Hirschfeld;Gemeinde Hirschfeld;Landkreis Greiz;Thüringen;160765008028;Gemeinde
Oberpframmern;Gemeinde Oberpframmern;Landkreis Ebersberg;Bayern;091755114131;Gemeinde
Dollnstein;Gemeinde Dollnstein;Landkreis Eichstätt;Bayern;091760121121;Gemeinde
Netzschkau;Stadt Netzschkau;Landkreis Vogtlandkreis;Sachsen;145235120260;Stadt
Mölschow;Gemeinde Mölschow;Landkreis Vorpommern-Greifswald;Mecklenburg-Vorpommern;130755561092;Gemeinde
Kirn;Stadt Kirn;Landkreis Bad Kreuznach;Rheinland-Pfalz;071335009052;Stadt
Zetel;Gemeinde Zetel;Landkreis Friesland;Niedersachsen;034550027027;Gemeinde
Leer (Ostfriesland);Stadt Leer (Ostfriesland);Landkreis Leer;Niedersachsen;034570013013;Stadt
Wardenburg;Gemeinde Wardenburg;Landkreis Oldenburg;Niedersachsen;034580013013;Gemeinde
Nortmoor;Gemeinde Nortmoor;Landkreis Leer;Niedersachsen;034575403016;Gemeinde
Langenthal;Gemeinde Langenthal;Landkreis Bad Kreuznach;Rheinland-Pfalz;071335010055;Gemeinde
Nortrup;Gemeinde Nortrup;Landkreis Osnabrück;Niedersachsen;034595401028;Gemeinde
Bramsche;Stadt Bramsche;Landkreis Osnabrück;Niedersachsen;034590014014;Stadt
Rehborn;Gemeinde Rehborn;Landkreis Bad Kreuznach;Rheinland-Pfalz;071335010083;Gemeinde
Belg;Gemeinde Belg;Landkreis Rhein-Hunsrück-Kreis;Rheinland-Pfalz;071405004007;Gemeinde
Niedererbach;Gemeinde Niedererbach;Landkreis Westerwaldkreis;Rheinland-Pfalz;071435004054;Gemeinde
Issum;Gemeinde Issum;Kreis Kleve;Nordrhein-Westfalen;051540020020;Gemeinde
Rheurdt;Gemeinde Rheurdt;Kreis Kleve;Nordrhein-Westfalen;051540048048;Gemeinde
Troisdorf;Stadt Troisdorf;Kreis Rhein-Sieg-Kreis;Nordrhein-Westfalen;053820068068;Stadt
Kuhnhöfen;Gemeinde Kuhnhöfen;Landkreis Westerwaldkreis;Rheinland-Pfalz;071435008251;Gemeinde
Inden;Gemeinde Inden;Kreis Düren;Nordrhein-Westfalen;053580020020;Gemeinde
Wallenborn;Gemeinde Wallenborn;Landkreis Vulkaneifel;Rheinland-Pfalz;072335001079;Gemeinde
Weidenbach;Gemeinde Weidenbach;Landkreis Vulkaneifel;Rheinland-Pfalz;072335001081;Gemeinde
Kall;Gemeinde Kall;Kreis Euskirchen;Nordrhein-Westfalen;053660024024;Gemeinde
Freirachdorf;Gemeinde Freirachdorf;Landkreis Westerwaldkreis;Rheinland-Pfalz;071435007019;Gemeinde
Lindlar;Gemeinde Lindlar;Kreis Oberbergischer Kreis;Nordrhein-Westfalen;053740020020;Gemeinde
Rosendahl;Gemeinde Rosendahl;Kreis Coesfeld;Nordrhein-Westfalen;055580040040;Gemeinde
Rothenbach;Gemeinde Rothenbach;Landkreis Westerwaldkreis;Rheinland-Pfalz;071435009289;Gemeinde
Mogendorf;Gemeinde Mogendorf;Landkreis Westerwaldkreis;Rheinland-Pfalz;071435010047;Gemeinde
Winnen;Gemeinde Winnen;Landkreis Westerwaldkreis;Rheinland-Pfalz;071435009314;Gemeinde
Verl;Stadt Verl;Kreis Gütersloh;Nordrhein-Westfalen;057540044044;Stadt
Goldkronach;Stadt Goldkronach;Landkreis Bayreuth;Bayern;094720143143;Stadt
Winterscheid;Gemeinde Winterscheid;Landkreis Eifelkreis Bitburg-Prüm;Rheinland-Pfalz;072325006328;Gemeinde
Lichtenau;Stadt Lichtenau;Kreis Paderborn;Nordrhein-Westfalen;057740028028;Stadt
Bördeland;Gemeinde Bördeland;Landkreis Salzlandkreis;Sachsen-Anhalt;150890042042;Gemeinde
Gattendorf;Gemeinde Gattendorf;Landkreis Hof;Bayern;094755430127;Gemeinde
Bereborn;Gemeinde Bereborn;Landkreis Vulkaneifel;Rheinland-Pfalz;072335004202;Gemeinde
Leiningen;Gemeinde Leiningen;Landkreis Rhein-Hunsrück-Kreis;Rheinland-Pfalz;071405009084;Gemeinde
Eppertshausen;Gemeinde Eppertshausen;Landkreis Darmstadt-Dieburg;Hessen;064320005005;Gemeinde
Lautertal (Odenwald);Gemeinde Lautertal (Odenwald);Landkreis Bergstraße;Hessen;064310014014;Gemeinde
Erzhausen;Gemeinde Erzhausen;Landkreis Darmstadt-Dieburg;Hessen;064320006006;Gemeinde
Nachrodt-Wiblingwerde;Gemeinde Nachrodt-Wiblingwerde;Kreis Märkischer Kreis;Nordrhein-Westfalen;059620044044;Gemeinde
Schaafheim;Gemeinde Schaafheim;Landkreis Darmstadt-Dieburg;Hessen;064320021021;Gemeinde
Weiterstadt;Stadt Weiterstadt;Landkreis Darmstadt-Dieburg;Hessen;064320023023;Stadt
Uersfeld;Gemeinde Uersfeld;Landkreis Vulkaneifel;Rheinland-Pfalz;072335004242;Gemeinde
Schmitten im Taunus;Gemeinde Schmitten im Taunus;Landkreis Hochtaunuskreis;Hessen;064340009009;Gemeinde
Flörsbachtal;Gemeinde Flörsbachtal;Landkreis Main-Kinzig-Kreis;Hessen;064350008008;Gemeinde
Rodenbach bei Puderbach;Gemeinde Rodenbach bei Puderbach;Landkreis Neuwied;Rheinland-Pfalz;071385005064;Gemeinde
Dietzhölztal;Gemeinde Dietzhölztal;Landkreis Lahn-Dill-Kreis;Hessen;065320005005;Gemeinde
Braunfels;Stadt Braunfels;Landkreis Lahn-Dill-Kreis;Hessen;065320003003;Stadt
Mücke;Gemeinde Mücke;Landkreis Vogelsbergkreis;Hessen;065350013013;Gemeinde
Grafengehaig;Gemeinde Grafengehaig;Landkreis Kulmbach;Bayern;094775436117;Gemeinde
Bebra;Stadt Bebra;Landkreis Hersfeld-Rotenburg;Hessen;066320003003;Stadt
Immenhausen;Stadt Immenhausen;Landkreis Kassel;Hessen;066330014014;Stadt
Ködnitz;Gemeinde Ködnitz;Landkreis Kulmbach;Bayern;094775439127;Gemeinde
Mindelstetten;Gemeinde Mindelstetten;Landkreis Eichstätt;Bayern;091765119147;Gemeinde
Neuried;Gemeinde Neuried;Landkreis München;Bayern;091840132132;Gemeinde
Papenhagen;Gemeinde Papenhagen;Landkreis Vorpommern-Rügen;Mecklenburg-Vorpommern;130735355062;Gemeinde
Weihenzell;Gemeinde Weihenzell;Landkreis Ansbach;Bayern;095715504217;Gemeinde
Großenseebach;Gemeinde Großenseebach;Landkreis Erlangen-Höchstadt;Bayern;095725539127;Gemeinde
Kürnach;Gemeinde Kürnach;Landkreis Würzburg;Bayern;096790156156;Gemeinde
Großschwabhausen;Gemeinde Großschwabhausen;Landkreis Weimarer Land;Thüringen;160715008025;Gemeinde
Olching;Stadt Olching;Landkreis Fürstenfeldbruck;Bayern;091790142142;Stadt
Mittelstetten;Gemeinde Mittelstetten;Landkreis Fürstenfeldbruck;Bayern;091795131137;Gemeinde
Ohlstadt;Gemeinde Ohlstadt;Landkreis Garmisch-Partenkirchen;Bayern;091805136127;Gemeinde
Wentorf (Amt Sandesneben);Gemeinde Wentorf (Amt Sandesneben);Kreis Herzogtum Lauenburg;Schleswig-Holstein;010535391130;Gemeinde
Krauthausen;Gemeinde Krauthausen;Landkreis Wartburgkreis;Thüringen;160635006046;Gemeinde
Heringen/Helme;Stadt Heringen/Helme;Landkreis Nordhausen;Thüringen;160625053064;Stadt
Bestensee;Gemeinde Bestensee;Landkreis Dahme-Spreewald;Brandenburg;120610020020;Gemeinde
Buttlar;Gemeinde Buttlar;Landkreis Wartburgkreis;Thüringen;160635056011;Gemeinde
Roßdorf;Gemeinde Roßdorf;Landkreis Schmalkalden-Meiningen;Thüringen;160665051061;Gemeinde
Rosa;Gemeinde Rosa;Landkreis Schmalkalden-Meiningen;Thüringen;160665051059;Gemeinde
Großrudestedt;Gemeinde Großrudestedt;Landkreis Sömmerda;Thüringen;160685012021;Gemeinde
Reich;Gemeinde Reich;Landkreis Rhein-Hunsrück-Kreis;Rheinland-Pfalz;071405008123;Gemeinde
Simmern/Hunsrück;Stadt Simmern/Hunsrück;Landkreis Rhein-Hunsrück-Kreis;Rheinland-Pfalz;071405008144;Stadt
Mühlpfad;Gemeinde Mühlpfad;Landkreis Rhein-Hunsrück-Kreis;Rheinland-Pfalz;071405009098;Gemeinde
Aull;Gemeinde Aull;Landkreis Rhein-Lahn-Kreis;Rheinland-Pfalz;071415003005;Gemeinde
Schönborn;Gemeinde Schönborn;Landkreis Rhein-Hunsrück-Kreis;Rheinland-Pfalz;071405008139;Gemeinde
Kamp-Bornhofen;Gemeinde Kamp-Bornhofen;Landkreis Rhein-Lahn-Kreis;Rheinland-Pfalz;071415009066;Gemeinde
Sauerthal;Gemeinde Sauerthal;Landkreis Rhein-Lahn-Kreis;Rheinland-Pfalz;071415009122;Gemeinde
Midlum;Gemeinde Midlum;Kreis Nordfriesland;Schleswig-Holstein;010545488083;Gemeinde
Kranichfeld;Stadt Kranichfeld;Landkreis Weimarer Land;Thüringen;160715007046;Stadt
Golmsdorf;Gemeinde Golmsdorf;Landkreis Saale-Holzland-Kreis;Thüringen;160745015026;Gemeinde
Lehesten;Gemeinde Lehesten;Landkreis Saale-Holzland-Kreis;Thüringen;160745015051;Gemeinde
Wrixum;Gemeinde Wrixum;Kreis Nordfriesland;Schleswig-Holstein;010545488163;Gemeinde
Neu Zauche;Gemeinde Neu Zauche;Landkreis Dahme-Spreewald;Brandenburg;120615113352;Gemeinde
Falkenberg/Elster;Stadt Falkenberg/Elster;Landkreis Elbe-Elster;Brandenburg;120625031128;Stadt
Fürstenwalde/Spree;Stadt Fürstenwalde/Spree;Landkreis Oder-Spree;Brandenburg;120670144144;Stadt
Wriezen;Stadt Wriezen;Landkreis Märkisch-Oderland;Brandenburg;120640512512;Stadt
Prötzel;Gemeinde Prötzel;Landkreis Märkisch-Oderland;Brandenburg;120645414393;Gemeinde
Brunnthal;Gemeinde Brunnthal;Landkreis München;Bayern;091840114114;Gemeinde
Lehe;Gemeinde Lehe;Kreis Dithmarschen;Schleswig-Holstein;010515169065;Gemeinde
Heede;Gemeinde Heede;Kreis Pinneberg;Schleswig-Holstein;010565660022;Gemeinde
Tonndorf;Gemeinde Tonndorf;Landkreis Weimarer Land;Thüringen;160715007087;Gemeinde
Blankenhagen;Gemeinde Blankenhagen;Landkreis Rostock;Mecklenburg-Vorpommern;130725260015;Gemeinde
Borgdorf-Seedorf;Gemeinde Borgdorf-Seedorf;Kreis Rendsburg-Eckernförde;Schleswig-Holstein;010585864023;Gemeinde
Bensdorf;Gemeinde Bensdorf;Landkreis Potsdam-Mittelmark;Brandenburg;120695917028;Gemeinde
Wittenberge;Stadt Wittenberge;Landkreis Prignitz;Brandenburg;120700424424;Stadt
Heidenberg;Gemeindefreies Gebiet Heidenberg;Landkreis Roth;Bayern;095769454454;Gemeindefreies Gebiet
Boitzenburger Land;Gemeinde Boitzenburger Land;Landkreis Uckermark;Brandenburg;120730069069;Gemeinde
Gülitz-Reetz;Gemeinde Gülitz-Reetz;Landkreis Prignitz;Brandenburg;120705009145;Gemeinde
Merzalben;Gemeinde Merzalben;Landkreis Südwestpfalz;Rheinland-Pfalz;073405004031;Gemeinde
Wangen;Gemeinde Wangen;Landkreis Göppingen;Baden-Württemberg;081175005055;Gemeinde
Höheischweiler;Gemeinde Höheischweiler;Landkreis Südwestpfalz;Rheinland-Pfalz;073405009023;Gemeinde
Ostfildern;Stadt Ostfildern;Landkreis Esslingen;Baden-Württemberg;081160080080;Stadt
Speyer;Stadt Speyer;Kreisfreie Stadt Speyer;Rheinland-Pfalz;073180000000;Stadt
Esthal;Gemeinde Esthal;Landkreis Bad Dürkheim;Rheinland-Pfalz;073325005016;Gemeinde
Ramsen;Gemeinde Ramsen;Landkreis Donnersbergkreis;Rheinland-Pfalz;073335002060;Gemeinde
Erzenhausen;Gemeinde Erzenhausen;Landkreis Kaiserslautern;Rheinland-Pfalz;073355009005;Gemeinde
Barbelroth;Gemeinde Barbelroth;Landkreis Südliche Weinstraße;Rheinland-Pfalz;073375002006;Gemeinde
Billigheim-Ingenheim;Gemeinde Billigheim-Ingenheim;Landkreis Südliche Weinstraße;Rheinland-Pfalz;073375005007;Gemeinde
Lug;Gemeinde Lug;Landkreis Südwestpfalz;Rheinland-Pfalz;073405002030;Gemeinde
Dasburg;Gemeinde Dasburg;Landkreis Eifelkreis Bitburg-Prüm;Rheinland-Pfalz;072325001214;Gemeinde
Kruchten;Gemeinde Kruchten;Landkreis Eifelkreis Bitburg-Prüm;Rheinland-Pfalz;072325005069;Gemeinde
Wallendorf;Gemeinde Wallendorf;Landkreis Eifelkreis Bitburg-Prüm;Rheinland-Pfalz;072325005131;Gemeinde
Stadtkyll;Gemeinde Stadtkyll;Landkreis Vulkaneifel;Rheinland-Pfalz;072335006240;Gemeinde
Steffeln;Gemeinde Steffeln;Landkreis Vulkaneifel;Rheinland-Pfalz;072335006241;Gemeinde
Kastel-Staadt;Gemeinde Kastel-Staadt;Landkreis Trier-Saarburg;Rheinland-Pfalz;072355008057;Gemeinde
Trittenheim;Gemeinde Trittenheim;Landkreis Trier-Saarburg;Rheinland-Pfalz;072355006207;Gemeinde
Schömerich;Gemeinde Schömerich;Landkreis Trier-Saarburg;Rheinland-Pfalz;072355008123;Gemeinde
Dahlem;Gemeinde Dahlem;Landkreis Eifelkreis Bitburg-Prüm;Rheinland-Pfalz;072325008024;Gemeinde
Sachsenwald (Forstgutsbez.);Gemeindefreies Gebiet Sachsenwald (Forstgutsbez.);Kreis Herzogtum Lauenburg;Schleswig-Holstein;010539105105;Gemeindefreies Gebiet
Trennewurth;Gemeinde Trennewurth;Kreis Dithmarschen;Schleswig-Holstein;010515166118;Gemeinde
Kotzenbüll;Gemeinde Kotzenbüll;Kreis Nordfriesland;Schleswig-Holstein;010545417072;Gemeinde
Tremsbüttel;Gemeinde Tremsbüttel;Kreis Stormarn;Schleswig-Holstein;010625218081;Gemeinde
Seestermühe;Gemeinde Seestermühe;Kreis Pinneberg;Schleswig-Holstein;010565616045;Gemeinde
Hasloh;Gemeinde Hasloh;Kreis Pinneberg;Schleswig-Holstein;010560021021;Gemeinde
Hummelfeld;Gemeinde Hummelfeld;Kreis Rendsburg-Eckernförde;Schleswig-Holstein;010585893084;Gemeinde
Heidekamp;Gemeinde Heidekamp;Kreis Stormarn;Schleswig-Holstein;010625244031;Gemeinde
Mörsbach;Gemeinde Mörsbach;Landkreis Westerwaldkreis;Rheinland-Pfalz;071435002265;Gemeinde
Marzhausen;Gemeinde Marzhausen;Landkreis Westerwaldkreis;Rheinland-Pfalz;071435002261;Gemeinde
Ahneby;Gemeinde Ahneby;Kreis Schleswig-Flensburg;Schleswig-Holstein;010595990102;Gemeinde
Norderstedt;Stadt Norderstedt;Kreis Segeberg;Schleswig-Holstein;010600063063;Stadt
Rohlstorf;Gemeinde Rohlstorf;Kreis Segeberg;Schleswig-Holstein;010605086069;Gemeinde
Heidmühlen;Gemeinde Heidmühlen;Kreis Segeberg;Schleswig-Holstein;010605063038;Gemeinde
Adelebsen;Gemeinde Adelebsen;Landkreis Göttingen;Niedersachsen;031590001001;Gemeinde
Steinau;Gemeinde Steinau;Landkreis Cuxhaven;Niedersachsen;033525411051;Gemeinde
Frellstedt;Gemeinde Frellstedt;Landkreis Helmstedt;Niedersachsen;031545403005;Gemeinde
Olzheim;Gemeinde Olzheim;Landkreis Eifelkreis Bitburg-Prüm;Rheinland-Pfalz;072325006288;Gemeinde
Echtershausen;Gemeinde Echtershausen;Landkreis Eifelkreis Bitburg-Prüm;Rheinland-Pfalz;072325008029;Gemeinde
Fließem;Gemeinde Fließem;Landkreis Eifelkreis Bitburg-Prüm;Rheinland-Pfalz;072325008039;Gemeinde
Hendungen;Gemeinde Hendungen;Landkreis Rhön-Grabfeld;Bayern;096735633130;Gemeinde
Bastheim;Gemeinde Bastheim;Landkreis Rhön-Grabfeld;Bayern;096735633116;Gemeinde
Ostheim v.d.Rhön;Stadt Ostheim v.d.Rhön;Landkreis Rhön-Grabfeld;Bayern;096735639153;Stadt
Eltmann;Stadt Eltmann;Landkreis Haßberge;Bayern;096740133133;Stadt
Knetzgau;Gemeinde Knetzgau;Landkreis Haßberge;Bayern;096740163163;Gemeinde
Bundorf;Gemeinde Bundorf;Landkreis Haßberge;Bayern;096745612120;Gemeinde
Nordstrand;Gemeinde Nordstrand;Kreis Nordfriesland;Schleswig-Holstein;010545492091;Gemeinde
Raitenbuch;Gemeinde Raitenbuch;Landkreis Weißenburg-Gunzenhausen;Bayern;095775535163;Gemeinde
Fuchsstadt;Gemeinde Fuchsstadt;Landkreis Bad Kissingen;Bayern;096725607124;Gemeinde
Thundorf i.UFr.;Gemeinde Thundorf i.UFr.;Landkreis Bad Kissingen;Bayern;096725609157;Gemeinde
Kyllburgweiler;Gemeinde Kyllburgweiler;Landkreis Eifelkreis Bitburg-Prüm;Rheinland-Pfalz;072325008071;Gemeinde
Alfeld (Leine);Stadt Alfeld (Leine);Landkreis Hildesheim;Niedersachsen;032540002002;Stadt
Eimen;Gemeindefreies Gebiet Eimen;Landkreis Holzminden;Niedersachsen;032559502502;Gemeindefreies Gebiet
Egelsbach;Gemeinde Egelsbach;Landkreis Offenbach;Hessen;064380003003;Gemeinde
Kerpen;Stadt Kerpen;Kreis Rhein-Erft-Kreis;Nordrhein-Westfalen;053620032032;Stadt
Eschede;Gemeinde Eschede;Landkreis Celle;Niedersachsen;033510025025;Gemeinde
Soyen;Gemeinde Soyen;Landkreis Rosenheim;Bayern;091870176176;Gemeinde
Langlingen;Gemeinde Langlingen;Landkreis Celle;Niedersachsen;033515402017;Gemeinde
Eldingen;Gemeinde Eldingen;Landkreis Celle;Niedersachsen;033515403008;Gemeinde
Lam;Gemeinde Lam;Landkreis Cham;Bayern;093720138138;Gemeinde
Schwebheim;Gemeinde Schwebheim;Landkreis Schweinfurt;Bayern;096780176176;Gemeinde
Aub;Stadt Aub;Landkreis Würzburg;Bayern;096795644114;Stadt
Osten;Gemeinde Osten;Landkreis Cuxhaven;Niedersachsen;033525407044;Gemeinde
Margetshöchheim;Gemeinde Margetshöchheim;Landkreis Würzburg;Bayern;096795652161;Gemeinde
Steinreich;Gemeinde Steinreich;Landkreis Dahme-Spreewald;Brandenburg;120615114471;Gemeinde
Langerringen;Gemeinde Langerringen;Landkreis Augsburg;Bayern;097725712170;Gemeinde
Gersthofen;Stadt Gersthofen;Landkreis Augsburg;Bayern;097720147147;Stadt
Tespe;Gemeinde Tespe;Landkreis Harburg;Niedersachsen;033535401033;Gemeinde
Finningen;Gemeinde Finningen;Landkreis Dillingen a.d.Donau;Bayern;097735716150;Gemeinde
Göhrde;Gemeindefreies Gebiet Göhrde;Landkreis Lüchow-Dannenberg;Niedersachsen;033549502502;Gemeindefreies Gebiet
Melbeck;Gemeinde Melbeck;Landkreis Lüneburg;Niedersachsen;033555405024;Gemeinde
Oberroggenburger Wald;Gemeindefreies Gebiet Oberroggenburger Wald;Landkreis Neu-Ulm;Bayern;097759452452;Gemeindefreies Gebiet
Balesfeld;Gemeinde Balesfeld;Landkreis Eifelkreis Bitburg-Prüm;Rheinland-Pfalz;072325008203;Gemeinde
Kranenburg;Gemeinde Kranenburg;Landkreis Stade;Niedersachsen;033595409029;Gemeinde
Achim;Stadt Achim;Landkreis Verden;Niedersachsen;033610001001;Stadt
Kaisersbach;Gemeinde Kaisersbach;Landkreis Rems-Murr-Kreis;Baden-Württemberg;081195005037;Gemeinde
Stallwang;Gemeinde Stallwang;Landkreis Straubing-Bogen;Bayern;092785246189;Gemeinde
Soltau;Stadt Soltau;Landkreis Heidekreis;Niedersachsen;033580021021;Stadt
Schmölln-Putzkau;Gemeinde Schmölln-Putzkau;Landkreis Bautzen;Sachsen;146250530530;Gemeinde
Lichtenberg;Gemeinde Lichtenberg;Landkreis Bautzen;Sachsen;146255231320;Gemeinde
Hainewalde;Gemeinde Hainewalde;Landkreis Görlitz;Sachsen;146265214170;Gemeinde
Waldhufen;Gemeinde Waldhufen;Landkreis Görlitz;Sachsen;146265502580;Gemeinde
Heddesbach;Gemeinde Heddesbach;Landkreis Rhein-Neckar-Kreis;Baden-Württemberg;082265007027;Gemeinde
Ausleben;Gemeinde Ausleben;Landkreis Börde;Sachsen-Anhalt;150835054035;Gemeinde
Rötha;Stadt Rötha;Landkreis Leipzig;Sachsen;147290370370;Stadt
Oberwiera;Gemeinde Oberwiera;Landkreis Zwickau;Sachsen;145245135240;Gemeinde
Bad Lausick;Stadt Bad Lausick;Landkreis Leipzig;Sachsen;147295301010;Stadt
Zwenkau;Stadt Zwenkau;Landkreis Leipzig;Sachsen;147290430430;Stadt
Delitzsch;Stadt Delitzsch;Landkreis Nordsachsen;Sachsen;147300070070;Stadt
Knüllwald;Gemeinde Knüllwald;Landkreis Schwalm-Eder-Kreis;Hessen;066340011011;Gemeinde
Allendorf (Eder);Gemeinde Allendorf (Eder);Landkreis Waldeck-Frankenberg;Hessen;066350001001;Gemeinde
Naundorf;Gemeinde Naundorf;Landkreis Nordsachsen;Sachsen;147300210210;Gemeinde
Schönwölkau;Gemeinde Schönwölkau;Landkreis Nordsachsen;Sachsen;147305306280;Gemeinde
Rochau;Gemeinde Rochau;Landkreis Stendal;Sachsen-Anhalt;150905051435;Gemeinde
Frankenhardt;Gemeinde Frankenhardt;Landkreis Schwäbisch Hall;Baden-Württemberg;081275002103;Gemeinde
Igersheim;Gemeinde Igersheim;Landkreis Main-Tauber-Kreis;Baden-Württemberg;081285001058;Gemeinde
Bad Mergentheim;Stadt Bad Mergentheim;Landkreis Main-Tauber-Kreis;Baden-Württemberg;081285001007;Stadt
Hirschberg an der Bergstraße;Gemeinde Hirschberg an der Bergstraße;Landkreis Rhein-Neckar-Kreis;Baden-Württemberg;082260107107;Gemeinde
Ketsch;Gemeinde Ketsch;Landkreis Rhein-Neckar-Kreis;Baden-Württemberg;082260037037;Gemeinde
Mudau;Gemeinde Mudau;Landkreis Neckar-Odenwald-Kreis;Baden-Württemberg;082250060060;Gemeinde
Eschach;Gemeinde Eschach;Landkreis Ostalbkreis;Baden-Württemberg;081365005020;Gemeinde
Brühl;Gemeinde Brühl;Landkreis Rhein-Neckar-Kreis;Baden-Württemberg;082260009009;Gemeinde
Waibstadt;Stadt Waibstadt;Landkreis Rhein-Neckar-Kreis;Baden-Württemberg;082265009091;Stadt
Malterdingen;Gemeinde Malterdingen;Landkreis Emmendingen;Baden-Württemberg;083165003024;Gemeinde
Schutterwald;Gemeinde Schutterwald;Landkreis Ortenaukreis;Baden-Württemberg;083175010122;Gemeinde
Sulz am Neckar;Stadt Sulz am Neckar;Landkreis Rottweil;Baden-Württemberg;083255006057;Stadt
Bondelum;Gemeinde Bondelum;Kreis Nordfriesland;Schleswig-Holstein;010545453013;Gemeinde
Behrendorf;Gemeinde Behrendorf;Kreis Nordfriesland;Schleswig-Holstein;010545453011;Gemeinde
Grammentin;Gemeinde Grammentin;Landkreis Mecklenburgische Seenplatte;Mecklenburg-Vorpommern;130715162048;Gemeinde
Burow;Gemeinde Burow;Landkreis Mecklenburgische Seenplatte;Mecklenburg-Vorpommern;130715163022;Gemeinde
Golchen;Gemeinde Golchen;Landkreis Mecklenburgische Seenplatte;Mecklenburg-Vorpommern;130715163044;Gemeinde
Irndorf;Gemeinde Irndorf;Landkreis Tuttlingen;Baden-Württemberg;083275001027;Gemeinde
Hopferau;Gemeinde Hopferau;Landkreis Ostallgäu;Bayern;097775756135;Gemeinde
Emmingen-Liptingen;Gemeinde Emmingen-Liptingen;Landkreis Tuttlingen;Baden-Württemberg;083275006057;Gemeinde
Mühlingen;Gemeinde Mühlingen;Landkreis Konstanz;Baden-Württemberg;083355006057;Gemeinde
Hohenfels;Gemeinde Hohenfels;Landkreis Konstanz;Baden-Württemberg;083355006096;Gemeinde
Schopfheim;Stadt Schopfheim;Landkreis Lörrach;Baden-Württemberg;083365007081;Stadt
Bernau im Schwarzwald;Gemeinde Bernau im Schwarzwald;Landkreis Waldshut;Baden-Württemberg;083375006013;Gemeinde
Dettighofen;Gemeinde Dettighofen;Landkreis Waldshut;Baden-Württemberg;083375002030;Gemeinde
Bad Säckingen;Stadt Bad Säckingen;Landkreis Waldshut;Baden-Württemberg;083375005096;Stadt
Schönfeld;Gemeinde Schönfeld;Landkreis Mecklenburgische Seenplatte;Mecklenburg-Vorpommern;130715151131;Gemeinde
Gielow;Gemeinde Gielow;Landkreis Mecklenburgische Seenplatte;Mecklenburg-Vorpommern;130715153039;Gemeinde
Groß Miltzow;Gemeinde Groß Miltzow;Landkreis Mecklenburgische Seenplatte;Mecklenburg-Vorpommern;130715164054;Gemeinde
Göhren-Lebbin;Gemeinde Göhren-Lebbin;Landkreis Mecklenburgische Seenplatte;Mecklenburg-Vorpommern;130715154043;Gemeinde
Finne;Gemeinde Finne;Landkreis Burgenlandkreis;Sachsen-Anhalt;150845051132;Gemeinde
Ofterdingen;Gemeinde Ofterdingen;Landkreis Tübingen;Baden-Württemberg;084165002031;Gemeinde
Albstadt;Stadt Albstadt;Landkreis Zollernalbkreis;Baden-Württemberg;084175001079;Stadt
Laichingen;Stadt Laichingen;Landkreis Alb-Donau-Kreis;Baden-Württemberg;084255007071;Stadt
Schemmerhofen;Gemeinde Schemmerhofen;Landkreis Biberach;Baden-Württemberg;084260134134;Gemeinde
Kißlegg;Gemeinde Kißlegg;Landkreis Ravensburg;Baden-Württemberg;084360052052;Gemeinde
Ebersbach-Musbach;Gemeinde Ebersbach-Musbach;Landkreis Ravensburg;Baden-Württemberg;084365001093;Gemeinde
Esterholz;Gemeindefreies Gebiet Esterholz;Landkreis Donau-Ries;Bayern;097799453453;Gemeindefreies Gebiet
Paulinenaue;Gemeinde Paulinenaue;Landkreis Havelland;Brandenburg;120635302228;Gemeinde
Hohenaltheim;Gemeinde Hohenaltheim;Landkreis Donau-Ries;Bayern;097795722162;Gemeinde
Elpersbüttel;Gemeinde Elpersbüttel;Kreis Dithmarschen;Schleswig-Holstein;010515175027;Gemeinde
Epenwöhrden;Gemeinde Epenwöhrden;Kreis Dithmarschen;Schleswig-Holstein;010515175028;Gemeinde
Wrohm;Gemeinde Wrohm;Kreis Dithmarschen;Schleswig-Holstein;010515169136;Gemeinde
Immenstedt;Gemeinde Immenstedt;Kreis Dithmarschen;Schleswig-Holstein;010515175054;Gemeinde
Neufra;Gemeinde Neufra;Landkreis Sigmaringen;Baden-Württemberg;084375001082;Gemeinde
Herbertingen;Gemeinde Herbertingen;Landkreis Sigmaringen;Baden-Württemberg;084375005044;Gemeinde
Stetten am kalten Markt;Gemeinde Stetten am kalten Markt;Landkreis Sigmaringen;Baden-Württemberg;084375007107;Gemeinde
Aichstetten;Gemeinde Aichstetten;Landkreis Ravensburg;Baden-Württemberg;084365004003;Gemeinde
Burghausen;Stadt Burghausen;Landkreis Altötting;Bayern;091710112112;Stadt
Lauben;Gemeinde Lauben;Landkreis Oberallgäu;Bayern;097800125125;Gemeinde
Altenbamberg;Gemeinde Altenbamberg;Landkreis Bad Kreuznach;Rheinland-Pfalz;071335001003;Gemeinde
Löningen;Stadt Löningen;Landkreis Cloppenburg;Niedersachsen;034530011011;Stadt
Emden;Stadt Emden;Kreisfreie Stadt Emden;Niedersachsen;034020000000;Stadt
Bad Zwischenahn;Gemeinde Bad Zwischenahn;Landkreis Ammerland;Niedersachsen;034510002002;Gemeinde
Volxheim;Gemeinde Volxheim;Landkreis Bad Kreuznach;Rheinland-Pfalz;071335001106;Gemeinde
Kammlach;Gemeinde Kammlach;Landkreis Unterallgäu;Bayern;097785762180;Gemeinde
Lautrach;Gemeinde Lautrach;Landkreis Unterallgäu;Bayern;097785767164;Gemeinde
Schönwalde-Glien;Gemeinde Schönwalde-Glien;Landkreis Havelland;Brandenburg;120630273273;Gemeinde
Abtsbessingen;Gemeinde Abtsbessingen;Landkreis Kyffhäuserkreis;Thüringen;160655052001;Gemeinde
Egg a.d.Günz;Gemeinde Egg a.d.Günz;Landkreis Unterallgäu;Bayern;097785758130;Gemeinde
Frickenhausen a.Main;Gemeinde Frickenhausen a.Main;Landkreis Würzburg;Bayern;096795646131;Gemeinde
Kattendorf;Gemeinde Kattendorf;Kreis Segeberg;Schleswig-Holstein;010605048045;Gemeinde
Stuvenborn;Gemeinde Stuvenborn;Kreis Segeberg;Schleswig-Holstein;010605048084;Gemeinde
Scheuern;Gemeinde Scheuern;Landkreis Eifelkreis Bitburg-Prüm;Rheinland-Pfalz;072325005117;Gemeinde
Heere;Gemeinde Heere;Landkreis Wolfenbüttel;Niedersachsen;031585402018;Gemeinde
Wensin;Gemeinde Wensin;Kreis Segeberg;Schleswig-Holstein;010605086097;Gemeinde
Cramme;Gemeinde Cramme;Landkreis Wolfenbüttel;Niedersachsen;031585403005;Gemeinde
Oeversee;Gemeinde Oeversee;Kreis Schleswig-Flensburg;Schleswig-Holstein;010595940184;Gemeinde
Kirchworbis;Gemeinde Kirchworbis;Landkreis Eichsfeld;Thüringen;160615006058;Gemeinde
Rade b.Hohenwestedt;Gemeinde Rade b.Hohenwestedt;Kreis Rendsburg-Eckernförde;Schleswig-Holstein;010585895131;Gemeinde
Lascheid;Gemeinde Lascheid;Landkreis Eifelkreis Bitburg-Prüm;Rheinland-Pfalz;072325001255;Gemeinde
Hübingen;Gemeinde Hübingen;Landkreis Westerwaldkreis;Rheinland-Pfalz;071435004036;Gemeinde
Dierscheid;Gemeinde Dierscheid;Landkreis Bernkastel-Wittlich;Rheinland-Pfalz;072315008022;Gemeinde
Oberwies;Gemeinde Oberwies;Landkreis Rhein-Lahn-Kreis;Rheinland-Pfalz;071415010106;Gemeinde
Lorscheid;Gemeinde Lorscheid;Landkreis Trier-Saarburg;Rheinland-Pfalz;072355004080;Gemeinde
Kappeln;Gemeinde Kappeln;Landkreis Kusel;Rheinland-Pfalz;073365008049;Gemeinde
Neunkirchen am Potzberg;Gemeinde Neunkirchen am Potzberg;Landkreis Kusel;Rheinland-Pfalz;073365010066;Gemeinde
Breddorf;Gemeinde Breddorf;Landkreis Rotenburg (Wümme);Niedersachsen;033575407007;Gemeinde
Korlingen;Gemeinde Korlingen;Landkreis Trier-Saarburg;Rheinland-Pfalz;072355004070;Gemeinde
Köwerich;Gemeinde Köwerich;Landkreis Trier-Saarburg;Rheinland-Pfalz;072355006067;Gemeinde
Beilngries;Stadt Beilngries;Landkreis Eichstätt;Bayern;091760114114;Stadt
Hanstedt;Gemeinde Hanstedt;Landkreis Uelzen;Niedersachsen;033605407010;Gemeinde
Lierfeld;Gemeinde Lierfeld;Landkreis Eifelkreis Bitburg-Prüm;Rheinland-Pfalz;072325001261;Gemeinde
Ammeldingen bei Neuerburg;Gemeinde Ammeldingen bei Neuerburg;Landkreis Eifelkreis Bitburg-Prüm;Rheinland-Pfalz;072325005005;Gemeinde
Harz (Landkreis Goslar);Gemeindefreies Gebiet Harz (Landkreis Goslar);Landkreis Goslar;Niedersachsen;031539504504;Gemeindefreies Gebiet
Hemau;Stadt Hemau;Landkreis Regensburg;Bayern;093750148148;Stadt
Bad Staffelstein;Stadt Bad Staffelstein;Landkreis Lichtenfels;Bayern;094780165165;Stadt
Schnaittach;Gemeinde Schnaittach;Landkreis Nürnberger Land;Bayern;095740155155;Gemeinde
Cottbus;Stadt Cottbus;Kreisfreie Stadt Cottbus;Brandenburg;120520000000;Stadt
Friedrichswalde;Gemeinde Friedrichswalde;Landkreis Barnim;Brandenburg;120605006068;Gemeinde
Kleinmachnow;Gemeinde Kleinmachnow;Landkreis Potsdam-Mittelmark;Brandenburg;120690304304;Gemeinde
Neustrelitz;Stadt Neustrelitz;Landkreis Mecklenburgische Seenplatte;Mecklenburg-Vorpommern;130710110110;Stadt
Chemnitz;Stadt Chemnitz;Kreisfreie Stadt Chemnitz;Sachsen;145110000000;Stadt
Salzatal;Gemeinde Salzatal;Landkreis Saalekreis;Sachsen-Anhalt;150880319319;Gemeinde
Unstruttal;Gemeinde Unstruttal;Landkreis Unstrut-Hainich-Kreis;Thüringen;160640071071;Gemeinde
Georgenthal;Gemeinde Georgenthal;Landkreis Gotha;Thüringen;160675054092;Gemeinde
Störkathen;Gemeinde Störkathen;Kreis Steinburg;Schleswig-Holstein;010615189103;Gemeinde
Glinde;Stadt Glinde;Kreis Stormarn;Schleswig-Holstein;010620018018;Stadt
Ippenschied;Gemeinde Ippenschied;Landkreis Bad Kreuznach;Rheinland-Pfalz;071335010050;Gemeinde
Horrweiler;Gemeinde Horrweiler;Landkreis Mainz-Bingen;Rheinland-Pfalz;073395008029;Gemeinde
Gering;Gemeinde Gering;Landkreis Mayen-Koblenz;Rheinland-Pfalz;071375002029;Gemeinde
Oberbillig;Gemeinde Oberbillig;Landkreis Trier-Saarburg;Rheinland-Pfalz;072355003096;Gemeinde
Heupelzen;Gemeinde Heupelzen;Landkreis Altenkirchen (Westerwald);Rheinland-Pfalz;071325010051;Gemeinde
Stuttgart;Stadt Stuttgart;Stadtkreis Stuttgart;Baden-Württemberg;081110000000;Stadt
Wilzenberg-Hußweiler;Gemeinde Wilzenberg-Hußweiler;Landkreis Birkenfeld;Rheinland-Pfalz;071345002094;Gemeinde
Teisendorf;Gemeinde Teisendorf;Landkreis Berchtesgadener Land;Bayern;091720134134;Gemeinde
Egweil;Gemeinde Egweil;Landkreis Eichstätt;Bayern;091765118122;Gemeinde
Taufkirchen (Vils);Gemeinde Taufkirchen (Vils);Landkreis Erding;Bayern;091770139139;Gemeinde
Fockbek;Gemeinde Fockbek;Kreis Rendsburg-Eckernförde;Schleswig-Holstein;010585833054;Gemeinde
Leidenborn;Gemeinde Leidenborn;Landkreis Eifelkreis Bitburg-Prüm;Rheinland-Pfalz;072325001259;Gemeinde
Sevenig (Our);Gemeinde Sevenig (Our);Landkreis Eifelkreis Bitburg-Prüm;Rheinland-Pfalz;072325001310;Gemeinde
Altscheid;Gemeinde Altscheid;Landkreis Eifelkreis Bitburg-Prüm;Rheinland-Pfalz;072325005003;Gemeinde
Hammoor;Gemeinde Hammoor;Kreis Stormarn;Schleswig-Holstein;010625218027;Gemeinde
Rügge;Gemeinde Rügge;Kreis Schleswig-Flensburg;Schleswig-Holstein;010595974070;Gemeinde
Plein;Gemeinde Plein;Landkreis Bernkastel-Wittlich;Rheinland-Pfalz;072315008108;Gemeinde
Bassum;Stadt Bassum;Landkreis Diepholz;Niedersachsen;032510007007;Stadt
Osnabrück;Stadt Osnabrück;Kreisfreie Stadt Osnabrück;Niedersachsen;034040000000;Stadt
Breunigweiler;Gemeinde Breunigweiler;Landkreis Donnersbergkreis;Rheinland-Pfalz;073335006011;Gemeinde
Rot am See;Gemeinde Rot am See;Landkreis Schwäbisch Hall;Baden-Württemberg;081275008071;Gemeinde
Rottach-Egern;Gemeinde Rottach-Egern;Landkreis Miesbach;Bayern;091820129129;Gemeinde
Peißenberg;Gemeinde Peißenberg;Landkreis Weilheim-Schongau;Bayern;091900139139;Gemeinde
Waldkirchen;Stadt Waldkirchen;Landkreis Freyung-Grafenau;Bayern;092720151151;Stadt
Bernhardswald;Gemeinde Bernhardswald;Landkreis Regensburg;Bayern;093750119119;Gemeinde
Hohenfels;Gemeinde Hohenfels;Landkreis Neumarkt i.d.OPf.;Bayern;093730134134;Gemeinde
Hollfeld;Stadt Hollfeld;Landkreis Bayreuth;Bayern;094725412154;Stadt
Gingst;Gemeinde Gingst;Landkreis Vorpommern-Rügen;Mecklenburg-Vorpommern;130735362028;Gemeinde
Stralsund;Stadt Stralsund;Landkreis Vorpommern-Rügen;Mecklenburg-Vorpommern;130730088088;Stadt
Zeitz;Stadt Zeitz;Landkreis Burgenlandkreis;Sachsen-Anhalt;150840590590;Stadt
Rosenthal am Rennsteig;Gemeinde Rosenthal am Rennsteig;Landkreis Saale-Orla-Kreis;Thüringen;160750136136;Gemeinde
Heuthen;Gemeinde Heuthen;Landkreis Eichsfeld;Thüringen;160615009047;Gemeinde
Schondra;Gemeinde Schondra;Landkreis Bad Kissingen;Bayern;096725606149;Gemeinde
Gerswalde;Gemeinde Gerswalde;Landkreis Uckermark;Brandenburg;120735305201;Gemeinde
Rathenow;Stadt Rathenow;Landkreis Havelland;Brandenburg;120630252252;Stadt
Neuenkirchen;Gemeinde Neuenkirchen;Landkreis Vorpommern-Rügen;Mecklenburg-Vorpommern;130735362059;Gemeinde
Voigtsdorf;Gemeinde Voigtsdorf;Landkreis Mecklenburgische Seenplatte;Mecklenburg-Vorpommern;130715164153;Gemeinde
Christes;Gemeinde Christes;Landkreis Schmalkalden-Meiningen;Thüringen;160665014015;Gemeinde
Bad Schmiedeberg;Stadt Bad Schmiedeberg;Landkreis Wittenberg;Sachsen-Anhalt;150910020020;Stadt
Siedenburg;Gemeinde Siedenburg;Landkreis Diepholz;Niedersachsen;032515407034;Gemeinde
Gersten;Gemeinde Gersten;Landkreis Emsland;Niedersachsen;034545405015;Gemeinde
Langen;Gemeinde Langen;Landkreis Emsland;Niedersachsen;034545405028;Gemeinde
Bockhorst;Gemeinde Bockhorst;Landkreis Emsland;Niedersachsen;034545406004;Gemeinde
Setzingen;Gemeinde Setzingen;Landkreis Alb-Donau-Kreis;Baden-Württemberg;084255008112;Gemeinde
Nienstädt;Gemeinde Nienstädt;Landkreis Schaumburg;Niedersachsen;032575405026;Gemeinde
Kaaks;Gemeinde Kaaks;Kreis Steinburg;Schleswig-Holstein;010615138047;Gemeinde
Silzen;Gemeinde Silzen;Kreis Steinburg;Schleswig-Holstein;010615138100;Gemeinde
Pöschendorf;Gemeinde Pöschendorf;Kreis Steinburg;Schleswig-Holstein;010615168085;Gemeinde
Kudensee;Gemeinde Kudensee;Kreis Steinburg;Schleswig-Holstein;010615179060;Gemeinde
Bibra;Gemeinde Bibra;Landkreis Saale-Holzland-Kreis;Thüringen;160745011004;Gemeinde
Lindig;Gemeinde Lindig;Landkreis Saale-Holzland-Kreis;Thüringen;160745011052;Gemeinde
Seelbach bei Hamm (Sieg);Gemeinde Seelbach bei Hamm (Sieg);Landkreis Altenkirchen (Westerwald);Rheinland-Pfalz;071325006102;Gemeinde
Kettenhausen;Gemeinde Kettenhausen;Landkreis Altenkirchen (Westerwald);Rheinland-Pfalz;071325010061;Gemeinde
Hilgenroth;Gemeinde Hilgenroth;Landkreis Altenkirchen (Westerwald);Rheinland-Pfalz;071325010052;Gemeinde
Oberwambach;Gemeinde Oberwambach;Landkreis Altenkirchen (Westerwald);Rheinland-Pfalz;071325010086;Gemeinde
Dörrebach;Gemeinde Dörrebach;Landkreis Bad Kreuznach;Rheinland-Pfalz;071335011025;Gemeinde
Sankt Johann;Gemeinde Sankt Johann;Landkreis Mayen-Koblenz;Rheinland-Pfalz;071375003097;Gemeinde
Langscheid;Gemeinde Langscheid;Landkreis Mayen-Koblenz;Rheinland-Pfalz;071375003061;Gemeinde
Barkenholm;Gemeinde Barkenholm;Kreis Dithmarschen;Schleswig-Holstein;010515169005;Gemeinde
Kleinniedesheim;Gemeinde Kleinniedesheim;Landkreis Rhein-Pfalz-Kreis;Rheinland-Pfalz;073385006015;Gemeinde
Römerberg;Gemeinde Römerberg;Landkreis Rhein-Pfalz-Kreis;Rheinland-Pfalz;073385007023;Gemeinde
Biedershausen;Gemeinde Biedershausen;Landkreis Südwestpfalz;Rheinland-Pfalz;073405009204;Gemeinde
Weisenheim am Sand;Gemeinde Weisenheim am Sand;Landkreis Bad Dürkheim;Rheinland-Pfalz;073325002050;Gemeinde
Höhndorf;Gemeinde Höhndorf;Kreis Plön;Schleswig-Holstein;010575755028;Gemeinde
Lindendorf;Gemeinde Lindendorf;Landkreis Märkisch-Oderland;Brandenburg;120645412290;Gemeinde
Offenheim;Gemeinde Offenheim;Landkreis Alzey-Worms;Rheinland-Pfalz;073315001053;Gemeinde
Schornsheim;Gemeinde Schornsheim;Landkreis Alzey-Worms;Rheinland-Pfalz;073315006059;Gemeinde
Wulfsen;Gemeinde Wulfsen;Landkreis Harburg;Niedersachsen;033535405042;Gemeinde
Bredenfelde;Gemeinde Bredenfelde;Landkreis Mecklenburgische Seenplatte;Mecklenburg-Vorpommern;130715162015;Gemeinde
Gutach im Breisgau;Gemeinde Gutach im Breisgau;Landkreis Emmendingen;Baden-Württemberg;083165006014;Gemeinde
Hockenheim;Stadt Hockenheim;Landkreis Rhein-Neckar-Kreis;Baden-Württemberg;082265004032;Stadt
Mestlin;Gemeinde Mestlin;Landkreis Ludwigslust-Parchim;Mecklenburg-Vorpommern;130765656096;Gemeinde
Gammelin;Gemeinde Gammelin;Landkreis Ludwigslust-Parchim;Mecklenburg-Vorpommern;130765658041;Gemeinde
Heiligenmoschel;Gemeinde Heiligenmoschel;Landkreis Kaiserslautern;Rheinland-Pfalz;073355010013;Gemeinde
Rheinau;Gemeindefreies Gebiet Rheinau;Landkreis Ortenaukreis;Baden-Württemberg;083179971971;Gemeindefreies Gebiet
Dahlem;Gemeinde Dahlem;Landkreis Lüneburg;Niedersachsen;033555403012;Gemeinde
Oberalben;Gemeinde Oberalben;Landkreis Kusel;Rheinland-Pfalz;073365010070;Gemeinde
Oberwallmenach;Gemeinde Oberwallmenach;Landkreis Rhein-Lahn-Kreis;Rheinland-Pfalz;071415007105;Gemeinde
Gokels;Gemeinde Gokels;Kreis Rendsburg-Eckernförde;Schleswig-Holstein;010585895061;Gemeinde
Großkmehlen;Gemeinde Großkmehlen;Landkreis Oberspreewald-Lausitz;Brandenburg;120665606104;Gemeinde
Relsberg;Gemeinde Relsberg;Landkreis Kusel;Rheinland-Pfalz;073365008086;Gemeinde
Einöllen;Gemeinde Einöllen;Landkreis Kusel;Rheinland-Pfalz;073365008019;Gemeinde
Lichtenstein;Gemeinde Lichtenstein;Landkreis Reutlingen;Baden-Württemberg;084150092092;Gemeinde
Steinbach am Glan;Gemeinde Steinbach am Glan;Landkreis Kusel;Rheinland-Pfalz;073365009096;Gemeinde
Burgschwalbach;Gemeinde Burgschwalbach;Landkreis Rhein-Lahn-Kreis;Rheinland-Pfalz;071415011020;Gemeinde
Neunkhausen;Gemeinde Neunkhausen;Landkreis Westerwaldkreis;Rheinland-Pfalz;071435001270;Gemeinde
Dreisbach;Gemeinde Dreisbach;Landkreis Westerwaldkreis;Rheinland-Pfalz;071435001216;Gemeinde
Bad Breisig;Stadt Bad Breisig;Landkreis Ahrweiler;Rheinland-Pfalz;071315003006;Stadt
Linz am Rhein;Stadt Linz am Rhein;Landkreis Neuwied;Rheinland-Pfalz;071385004041;Stadt
Kirchen (Sieg);Stadt Kirchen (Sieg);Landkreis Altenkirchen (Westerwald);Rheinland-Pfalz;071325007063;Stadt
Beuren;Gemeinde Beuren;Landkreis Cochem-Zell;Rheinland-Pfalz;071355003008;Gemeinde
Sugenheim;Gemeinde Sugenheim;Landkreis Neustadt a.d.Aisch-Bad Windsheim;Bayern;095755518165;Gemeinde
Gallmersgarten;Gemeinde Gallmersgarten;Landkreis Neustadt a.d.Aisch-Bad Windsheim;Bayern;095755524124;Gemeinde
Burg;Stadt Burg;Landkreis Jerichower Land;Sachsen-Anhalt;150860015015;Stadt
Warwerort;Gemeinde Warwerort;Kreis Dithmarschen;Schleswig-Holstein;010515178121;Gemeinde
Wildsteig;Gemeinde Wildsteig;Landkreis Weilheim-Schongau;Bayern;091905180160;Gemeinde
Menzendorf;Gemeinde Menzendorf;Landkreis Nordwestmecklenburg;Mecklenburg-Vorpommern;130745459052;Gemeinde
Lassan;Stadt Lassan;Landkreis Vorpommern-Greifswald;Mecklenburg-Vorpommern;130755551074;Stadt
Groß Godems;Gemeinde Groß Godems;Landkreis Ludwigslust-Parchim;Mecklenburg-Vorpommern;130765662056;Gemeinde
Train;Gemeinde Train;Landkreis Kelheim;Bayern;092735218177;Gemeinde
Dormitz;Gemeinde Dormitz;Landkreis Forchheim;Bayern;094745426119;Gemeinde
Kemnitz;Gemeinde Kemnitz;Landkreis Vorpommern-Greifswald;Mecklenburg-Vorpommern;130755557060;Gemeinde
Böbrach;Gemeinde Böbrach;Landkreis Regen;Bayern;092760118118;Gemeinde
Kollnburg;Gemeinde Kollnburg;Landkreis Regen;Bayern;092760128128;Gemeinde
Patersdorf;Gemeinde Patersdorf;Landkreis Regen;Bayern;092760134134;Gemeinde
Großwallstadt;Gemeinde Großwallstadt;Landkreis Miltenberg;Bayern;096760126126;Gemeinde
Feldkirchen;Gemeinde Feldkirchen;Landkreis Straubing-Bogen;Bayern;092780121121;Gemeinde
Sierksrade;Gemeinde Sierksrade;Kreis Herzogtum Lauenburg;Schleswig-Holstein;010535308120;Gemeinde
Borstorf;Gemeinde Borstorf;Kreis Herzogtum Lauenburg;Schleswig-Holstein;010535313013;Gemeinde
Ering;Gemeinde Ering;Landkreis Rottal-Inn;Bayern;092775244118;Gemeinde
Edelsfeld;Gemeinde Edelsfeld;Landkreis Amberg-Sulzbach;Bayern;093710119119;Gemeinde
Wörth a.Main;Stadt Wörth a.Main;Landkreis Miltenberg;Bayern;096760169169;Stadt
Zandt;Gemeinde Zandt;Landkreis Cham;Bayern;093720177177;Gemeinde
Treffelstein;Gemeinde Treffelstein;Landkreis Cham;Bayern;093725308165;Gemeinde
Pösing;Gemeinde Pösing;Landkreis Cham;Bayern;093725310147;Gemeinde
Michelsneukirchen;Gemeinde Michelsneukirchen;Landkreis Cham;Bayern;093725318142;Gemeinde
Lupburg;Gemeinde Lupburg;Landkreis Neumarkt i.d.OPf.;Bayern;093730143143;Gemeinde
Steinberg am See;Gemeinde Steinberg am See;Landkreis Schwandorf;Bayern;093765346168;Gemeinde
Pleystein;Stadt Pleystein;Landkreis Neustadt a.d.Waldnaab;Bayern;093745331147;Stadt
Schlammersdorf;Gemeinde Schlammersdorf;Landkreis Neustadt a.d.Waldnaab;Bayern;093745326155;Gemeinde
Großostheim;Gemeinde Großostheim;Landkreis Aschaffenburg;Bayern;096710122122;Gemeinde
Thalmassing;Gemeinde Thalmassing;Landkreis Regensburg;Bayern;093750205205;Gemeinde
Wiesent;Gemeinde Wiesent;Landkreis Regensburg;Bayern;093750209209;Gemeinde
Teublitz;Stadt Teublitz;Landkreis Schwandorf;Bayern;093760170170;Stadt
Schwarzhofen;Gemeinde Schwarzhofen;Landkreis Schwandorf;Bayern;093765345164;Gemeinde
Berga-Wünschendorf;Stadt Berga-Wünschendorf;Landkreis Greiz;Thüringen;160760094094;Stadt
Oberwiesenthal;Stadt Oberwiesenthal;Landkreis Erzgebirgskreis;Sachsen;145210440440;Stadt
Ziethen;Gemeinde Ziethen;Landkreis Vorpommern-Greifswald;Mecklenburg-Vorpommern;130755563150;Gemeinde
Kreien;Gemeinde Kreien;Landkreis Ludwigslust-Parchim;Mecklenburg-Vorpommern;130765655075;Gemeinde
Milow;Gemeinde Milow;Landkreis Ludwigslust-Parchim;Mecklenburg-Vorpommern;130765657097;Gemeinde
Anzing;Gemeinde Anzing;Landkreis Ebersberg;Bayern;091750111111;Gemeinde
Endschütz;Gemeinde Endschütz;Landkreis Greiz;Thüringen;160765004017;Gemeinde
Lunzenau;Stadt Lunzenau;Landkreis Mittelsachsen;Sachsen;145220350350;Stadt
Niederwiesa;Gemeinde Niederwiesa;Landkreis Mittelsachsen;Sachsen;145220420420;Gemeinde
Hainspitz;Gemeinde Hainspitz;Landkreis Saale-Holzland-Kreis;Thüringen;160745052037;Gemeinde
Haimhausen;Gemeinde Haimhausen;Landkreis Dachau;Bayern;091740121121;Gemeinde
Borkum;Stadt Borkum;Landkreis Leer;Niedersachsen;034570002002;Stadt
Schwarzerden;Gemeinde Schwarzerden;Landkreis Bad Kreuznach;Rheinland-Pfalz;071335009205;Gemeinde
Rhauderfehn;Gemeinde Rhauderfehn;Landkreis Leer;Niedersachsen;034570018018;Gemeinde
Schlangen;Gemeinde Schlangen;Kreis Lippe;Nordrhein-Westfalen;057660064064;Gemeinde
Schwerinsdorf;Gemeinde Schwerinsdorf;Landkreis Leer;Niedersachsen;034575402019;Gemeinde
Hagen am Teutoburger Wald;Gemeinde Hagen am Teutoburger Wald;Landkreis Osnabrück;Niedersachsen;034590020020;Gemeinde
Weiler bei Monzingen;Gemeinde Weiler bei Monzingen;Landkreis Bad Kreuznach;Rheinland-Pfalz;071335010111;Gemeinde
Niederlangen;Gemeinde Niederlangen;Landkreis Emsland;Niedersachsen;034545404039;Gemeinde
Langenfeld (Rhld.);Stadt Langenfeld (Rhld.);Kreis Mettmann;Nordrhein-Westfalen;051580020020;Stadt
Blomberg;Gemeinde Blomberg;Landkreis Wittmund;Niedersachsen;034625402001;Gemeinde
Niederelbert;Gemeinde Niederelbert;Landkreis Westerwaldkreis;Rheinland-Pfalz;071435004053;Gemeinde
Breitenau;Gemeinde Breitenau;Landkreis Westerwaldkreis;Rheinland-Pfalz;071435005006;Gemeinde
Dinslaken;Stadt Dinslaken;Kreis Wesel;Nordrhein-Westfalen;051700008008;Stadt
Neukirchen-Vluyn;Stadt Neukirchen-Vluyn;Kreis Wesel;Nordrhein-Westfalen;051700028028;Stadt
Xanten;Stadt Xanten;Kreis Wesel;Nordrhein-Westfalen;051700052052;Stadt
Bonn;Stadt Bonn;Kreisfreie Stadt Bonn;Nordrhein-Westfalen;053140000000;Stadt
Uelvesbüll;Gemeinde Uelvesbüll;Kreis Nordfriesland;Schleswig-Holstein;010545492141;Gemeinde
Berod bei Wallmerod;Gemeinde Berod bei Wallmerod;Landkreis Westerwaldkreis;Rheinland-Pfalz;071435008208;Gemeinde
Oberahr;Gemeinde Oberahr;Landkreis Westerwaldkreis;Rheinland-Pfalz;071435008281;Gemeinde
Gemünden;Gemeinde Gemünden;Landkreis Westerwaldkreis;Rheinland-Pfalz;071435009224;Gemeinde
Herten;Stadt Herten;Kreis Recklinghausen;Nordrhein-Westfalen;055620020020;Stadt
Oberhaid;Gemeinde Oberhaid;Landkreis Bamberg;Bayern;094710165165;Gemeinde
Großkrotzenburg;Gemeinde Großkrotzenburg;Landkreis Main-Kinzig-Kreis;Hessen;064350011011;Gemeinde
Nordwalde;Gemeinde Nordwalde;Kreis Steinfurt;Nordrhein-Westfalen;055660064064;Gemeinde
Sassenberg;Stadt Sassenberg;Kreis Warendorf;Nordrhein-Westfalen;055700036036;Stadt
Herzebrock-Clarholz;Gemeinde Herzebrock-Clarholz;Kreis Gütersloh;Nordrhein-Westfalen;057540020020;Gemeinde
Steinhagen;Gemeinde Steinhagen;Kreis Gütersloh;Nordrhein-Westfalen;057540040040;Gemeinde
Löhne;Stadt Löhne;Kreis Herford;Nordrhein-Westfalen;057580024024;Stadt
Gefrees;Stadt Gefrees;Landkreis Bayreuth;Bayern;094720139139;Stadt
Mehlmeisel;Gemeinde Mehlmeisel;Landkreis Bayreuth;Bayern;094720164164;Gemeinde
Ostramondra;Gemeinde Ostramondra;Landkreis Sömmerda;Thüringen;160685006041;Gemeinde
Augustdorf;Gemeinde Augustdorf;Kreis Lippe;Nordrhein-Westfalen;057660004004;Gemeinde
Glashüttener Forst;Gemeindefreies Gebiet Glashüttener Forst;Landkreis Bayreuth;Bayern;094729456456;Gemeindefreies Gebiet
Rödental;Stadt Rödental;Landkreis Coburg;Bayern;094730159159;Stadt
Weitramsdorf;Gemeinde Weitramsdorf;Landkreis Coburg;Bayern;094730175175;Gemeinde
Wolmirsleben;Gemeinde Wolmirsleben;Landkreis Salzlandkreis;Sachsen-Anhalt;150895051365;Gemeinde
Neunkirchen a.Brand;Gemeinde Neunkirchen a.Brand;Landkreis Forchheim;Bayern;094740154154;Gemeinde
Geroldsgrün;Gemeinde Geroldsgrün;Landkreis Hof;Bayern;094750128128;Gemeinde
Dingelstädt;Stadt Dingelstädt;Landkreis Eichsfeld;Thüringen;160610118118;Stadt
Beinhausen;Gemeinde Beinhausen;Landkreis Vulkaneifel;Rheinland-Pfalz;072335004003;Gemeinde
Viernheim;Stadt Viernheim;Landkreis Bergstraße;Hessen;064310020020;Stadt
Wald-Michelbach;Gemeinde Wald-Michelbach;Landkreis Bergstraße;Hessen;064310021021;Gemeinde
Oberursel (Taunus);Stadt Oberursel (Taunus);Landkreis Hochtaunuskreis;Hessen;064340008008;Stadt
Biebergemünd;Gemeinde Biebergemünd;Landkreis Main-Kinzig-Kreis;Hessen;064350003003;Gemeinde
Höringen;Gemeinde Höringen;Landkreis Donnersbergkreis;Rheinland-Pfalz;073335006030;Gemeinde
Anröchte;Gemeinde Anröchte;Kreis Soest;Nordrhein-Westfalen;059740004004;Gemeinde
Ense;Gemeinde Ense;Kreis Soest;Nordrhein-Westfalen;059740012012;Gemeinde
Brachttal;Gemeinde Brachttal;Landkreis Main-Kinzig-Kreis;Hessen;064350005005;Gemeinde
Sundern (Sauerland);Stadt Sundern (Sauerland);Kreis Hochsauerlandkreis;Nordrhein-Westfalen;059580044044;Stadt
Gelenberg;Gemeinde Gelenberg;Landkreis Vulkaneifel;Rheinland-Pfalz;072335004212;Gemeinde
Halver;Stadt Halver;Kreis Märkischer Kreis;Nordrhein-Westfalen;059620012012;Stadt
Nidderau;Stadt Nidderau;Landkreis Main-Kinzig-Kreis;Hessen;064350021021;Stadt
Brombachtal;Gemeinde Brombachtal;Landkreis Odenwaldkreis;Hessen;064370005005;Gemeinde
Zornheim;Gemeinde Zornheim;Landkreis Mainz-Bingen;Rheinland-Pfalz;073395006067;Gemeinde
Hochstadt a.Main;Gemeinde Hochstadt a.Main;Landkreis Lichtenfels;Bayern;094785446127;Gemeinde
Lucka;Stadt Lucka;Landkreis Altenburger Land;Thüringen;160770028028;Stadt
Helsa;Gemeinde Helsa;Landkreis Kassel;Hessen;066330012012;Gemeinde
Meuselwitz;Stadt Meuselwitz;Landkreis Altenburger Land;Thüringen;160770032032;Stadt
Liebenau;Stadt Liebenau;Landkreis Kassel;Hessen;066330016016;Stadt
Dombühl;Gemeinde Dombühl;Landkreis Ansbach;Bayern;095715502137;Gemeinde
Vordorfer Forst;Gemeindefreies Gebiet Vordorfer Forst;Landkreis Wunsiedel i.Fichtelgebirge;Bayern;094799461461;Gemeindefreies Gebiet
Eitting;Gemeinde Eitting;Landkreis Erding;Bayern;091775123116;Gemeinde
Berglern;Gemeinde Berglern;Landkreis Erding;Bayern;091775126112;Gemeinde
Moosinning;Gemeinde Moosinning;Landkreis Erding;Bayern;091770130130;Gemeinde
Inning a.Holz;Gemeinde Inning a.Holz;Landkreis Erding;Bayern;091775125122;Gemeinde
Puschendorf;Gemeinde Puschendorf;Landkreis Fürth;Bayern;095730124124;Gemeinde
Roßtal;Gemeinde Roßtal;Landkreis Fürth;Bayern;095730125125;Gemeinde
Utting am Ammersee;Gemeinde Utting am Ammersee;Landkreis Landsberg am Lech;Bayern;091810144144;Gemeinde
Schönberg;Gemeinde Schönberg;Kreis Herzogtum Lauenburg;Schleswig-Holstein;010535391112;Gemeinde
Werther;Gemeinde Werther;Landkreis Nordhausen;Thüringen;160620063063;Gemeinde
Hornsömmern;Gemeinde Hornsömmern;Landkreis Unstrut-Hainich-Kreis;Thüringen;160645001027;Gemeinde
Hörsel;Gemeinde Hörsel;Landkreis Gotha;Thüringen;160670088088;Gemeinde
Friemar;Gemeinde Friemar;Landkreis Gotha;Thüringen;160675007022;Gemeinde
Tröchtelborn;Gemeinde Tröchtelborn;Landkreis Gotha;Thüringen;160675007068;Gemeinde
Masserberg;Gemeinde Masserberg;Landkreis Hildburghausen;Thüringen;160690061061;Gemeinde
Perscheid;Gemeinde Perscheid;Landkreis Rhein-Hunsrück-Kreis;Rheinland-Pfalz;071405009116;Gemeinde
Kesten;Gemeinde Kesten;Landkreis Bernkastel-Wittlich;Rheinland-Pfalz;072315001066;Gemeinde
Lückenburg;Gemeinde Lückenburg;Landkreis Bernkastel-Wittlich;Rheinland-Pfalz;072315006078;Gemeinde
Klettbach;Gemeinde Klettbach;Landkreis Weimarer Land;Thüringen;160715007043;Gemeinde
Norddorf auf Amrum;Gemeinde Norddorf auf Amrum;Kreis Nordfriesland;Schleswig-Holstein;010545488089;Gemeinde
Orlamünde;Stadt Orlamünde;Landkreis Saale-Holzland-Kreis;Thüringen;160745011065;Stadt
Großlöbichau;Gemeinde Großlöbichau;Landkreis Saale-Holzland-Kreis;Thüringen;160745015032;Gemeinde
Oettersdorf;Gemeinde Oettersdorf;Landkreis Saale-Orla-Kreis;Thüringen;160755004076;Gemeinde
Triptis;Stadt Triptis;Landkreis Saale-Orla-Kreis;Thüringen;160755011116;Stadt
Halbe;Gemeinde Halbe;Landkreis Dahme-Spreewald;Brandenburg;120615108216;Gemeinde
Rietzneuendorf-Staakow;Gemeinde Rietzneuendorf-Staakow;Landkreis Dahme-Spreewald;Brandenburg;120615114405;Gemeinde
Unterspreewald;Gemeinde Unterspreewald;Landkreis Dahme-Spreewald;Brandenburg;120615114510;Gemeinde
Ruhland;Stadt Ruhland;Landkreis Oberspreewald-Lausitz;Brandenburg;120665607272;Stadt
Groß Lindow;Gemeinde Groß Lindow;Landkreis Oder-Spree;Brandenburg;120675701180;Gemeinde
Podelzig;Gemeinde Podelzig;Landkreis Märkisch-Oderland;Brandenburg;120645406388;Gemeinde
Waldsieversdorf;Gemeinde Waldsieversdorf;Landkreis Märkisch-Oderland;Brandenburg;120645408484;Gemeinde
Vierlinden;Gemeinde Vierlinden;Landkreis Märkisch-Oderland;Brandenburg;120645412482;Gemeinde
Gosen-Neu Zittau;Gemeinde Gosen-Neu Zittau;Landkreis Oder-Spree;Brandenburg;120675709173;Gemeinde
Zangberg;Gemeinde Zangberg;Landkreis Mühldorf a.Inn;Bayern;091835150151;Gemeinde
Unterreit;Gemeinde Unterreit;Landkreis Mühldorf a.Inn;Bayern;091835146147;Gemeinde
Matzerath;Gemeinde Matzerath;Landkreis Eifelkreis Bitburg-Prüm;Rheinland-Pfalz;072325006266;Gemeinde
Bastorf;Gemeinde Bastorf;Landkreis Rostock;Mecklenburg-Vorpommern;130725259008;Gemeinde
Poppenbüll;Gemeinde Poppenbüll;Kreis Nordfriesland;Schleswig-Holstein;010545417104;Gemeinde
Dreetz;Gemeinde Dreetz;Landkreis Ostprignitz-Ruppin;Brandenburg;120685805109;Gemeinde
Dabergotz;Gemeinde Dabergotz;Landkreis Ostprignitz-Ruppin;Brandenburg;120685807072;Gemeinde
Storbeck-Frankendorf;Gemeinde Storbeck-Frankendorf;Landkreis Ostprignitz-Ruppin;Brandenburg;120685807413;Gemeinde
Rabenstein/Fläming;Gemeinde Rabenstein/Fläming;Landkreis Potsdam-Mittelmark;Brandenburg;120695910485;Gemeinde
Röttenbach;Gemeinde Röttenbach;Landkreis Roth;Bayern;095760141141;Gemeinde
Dahmetal;Gemeinde Dahmetal;Landkreis Teltow-Fläming;Brandenburg;120725204055;Gemeinde
Göritz;Gemeinde Göritz;Landkreis Uckermark;Brandenburg;120735303216;Gemeinde
Donsieders;Gemeinde Donsieders;Landkreis Südwestpfalz;Rheinland-Pfalz;073405004007;Gemeinde
Waldfischbach-Burgalben;Gemeinde Waldfischbach-Burgalben;Landkreis Südwestpfalz;Rheinland-Pfalz;073405006054;Gemeinde
Höhfröschen;Gemeinde Höhfröschen;Landkreis Südwestpfalz;Rheinland-Pfalz;073405009024;Gemeinde
Dellfeld;Gemeinde Dellfeld;Landkreis Südwestpfalz;Rheinland-Pfalz;073405008207;Gemeinde
Weil im Schönbuch;Gemeinde Weil im Schönbuch;Landkreis Böblingen;Baden-Württemberg;081150051051;Gemeinde
Filderstadt;Stadt Filderstadt;Landkreis Esslingen;Baden-Württemberg;081160077077;Stadt
Zaisenhausen;Gemeinde Zaisenhausen;Landkreis Karlsruhe;Baden-Württemberg;082155007094;Gemeinde
Bechtolsheim;Gemeinde Bechtolsheim;Landkreis Alzey-Worms;Rheinland-Pfalz;073315001007;Gemeinde
Bornheim;Gemeinde Bornheim;Landkreis Alzey-Worms;Rheinland-Pfalz;073315001012;Gemeinde
Eppelsheim;Gemeinde Eppelsheim;Landkreis Alzey-Worms;Rheinland-Pfalz;073315001020;Gemeinde
Neupotz;Gemeinde Neupotz;Landkreis Germersheim;Rheinland-Pfalz;073345003022;Gemeinde
Berg;Gemeinde Berg;Landkreis Ravensburg;Baden-Württemberg;084365005013;Gemeinde
Wiesweiler;Gemeinde Wiesweiler;Landkreis Kusel;Rheinland-Pfalz;073365008104;Gemeinde
Eschfeld;Gemeinde Eschfeld;Landkreis Eifelkreis Bitburg-Prüm;Rheinland-Pfalz;072325001220;Gemeinde
Ludwigswinkel;Gemeinde Ludwigswinkel;Landkreis Südwestpfalz;Rheinland-Pfalz;073405001029;Gemeinde
Plütscheid;Gemeinde Plütscheid;Landkreis Eifelkreis Bitburg-Prüm;Rheinland-Pfalz;072325001293;Gemeinde
Freudenburg;Gemeinde Freudenburg;Landkreis Trier-Saarburg;Rheinland-Pfalz;072355008028;Gemeinde
Flonheim;Gemeinde Flonheim;Landkreis Alzey-Worms;Rheinland-Pfalz;073315001025;Gemeinde
Wollbrandshausen;Gemeinde Wollbrandshausen;Landkreis Göttingen;Niedersachsen;031595402037;Gemeinde
Pahlen;Gemeinde Pahlen;Kreis Dithmarschen;Schleswig-Holstein;010515169088;Gemeinde
Rehm-Flehde-Bargen;Gemeinde Rehm-Flehde-Bargen;Kreis Dithmarschen;Schleswig-Holstein;010515169092;Gemeinde
Breitenberg;Gemeinde Breitenberg;Kreis Steinburg;Schleswig-Holstein;010615104016;Gemeinde
Ellerbek;Gemeinde Ellerbek;Kreis Pinneberg;Schleswig-Holstein;010565687013;Gemeinde
Schönwalde am Bungsberg;Gemeinde Schönwalde am Bungsberg;Kreis Ostholstein;Schleswig-Holstein;010555591038;Gemeinde
Schwentinental;Stadt Schwentinental;Kreis Plön;Schleswig-Holstein;010570091091;Stadt
Elmenhorst;Gemeinde Elmenhorst;Kreis Stormarn;Schleswig-Holstein;010625218016;Gemeinde
Stolk;Gemeinde Stolk;Kreis Schleswig-Flensburg;Schleswig-Holstein;010595987081;Gemeinde
Armstedt;Gemeinde Armstedt;Kreis Segeberg;Schleswig-Holstein;010605005003;Gemeinde
Bad Segeberg;Stadt Bad Segeberg;Kreis Segeberg;Schleswig-Holstein;010600005005;Stadt
Riede;Gemeinde Riede;Landkreis Verden;Niedersachsen;033615401010;Gemeinde
Lahn;Gemeinde Lahn;Landkreis Emsland;Niedersachsen;034545409027;Gemeinde
Heinsen;Gemeinde Heinsen;Landkreis Holzminden;Niedersachsen;032555408019;Gemeinde
Wüschheim;Gemeinde Wüschheim;Landkreis Rhein-Hunsrück-Kreis;Rheinland-Pfalz;071405008166;Gemeinde
Hankensbüttel;Gemeinde Hankensbüttel;Landkreis Gifhorn;Niedersachsen;031515403011;Gemeinde
Ribbesbüttel;Gemeinde Ribbesbüttel;Landkreis Gifhorn;Niedersachsen;031515404022;Gemeinde
Bad Gandersheim;Stadt Bad Gandersheim;Landkreis Northeim;Niedersachsen;031550001001;Stadt
Otterndorf;Stadt Otterndorf;Landkreis Cuxhaven;Niedersachsen;033525411046;Stadt
Söhlde;Gemeinde Söhlde;Landkreis Hildesheim;Niedersachsen;032540032032;Gemeinde
Rosdorf;Gemeinde Rosdorf;Landkreis Göttingen;Niedersachsen;031590029029;Gemeinde
Heilenbach;Gemeinde Heilenbach;Landkreis Eifelkreis Bitburg-Prüm;Rheinland-Pfalz;072325008048;Gemeinde
Oberstreu;Gemeinde Oberstreu;Landkreis Rhön-Grabfeld;Bayern;096735633151;Gemeinde
Forst Schmalwasser-Süd;Gemeindefreies Gebiet Forst Schmalwasser-Süd;Landkreis Rhön-Grabfeld;Bayern;096739454454;Gemeindefreies Gebiet
Forst Schmalwasser-Nord;Gemeindefreies Gebiet Forst Schmalwasser-Nord;Landkreis Rhön-Grabfeld;Bayern;096739453453;Gemeindefreies Gebiet
Burgpreppach;Gemeinde Burgpreppach;Landkreis Haßberge;Bayern;096745612121;Gemeinde
Pleinfeld;Gemeinde Pleinfeld;Landkreis Weißenburg-Gunzenhausen;Bayern;095770161161;Gemeinde
Ellingen;Stadt Ellingen;Landkreis Weißenburg-Gunzenhausen;Bayern;095775534125;Stadt
Bad Neustadt a.d.Saale;Stadt Bad Neustadt a.d.Saale;Landkreis Rhön-Grabfeld;Bayern;096730114114;Stadt
Sarstedt;Stadt Sarstedt;Landkreis Hildesheim;Niedersachsen;032540028028;Stadt
Aschbach;Gemeinde Aschbach;Landkreis Kusel;Rheinland-Pfalz;073365008005;Gemeinde
Estorf;Gemeinde Estorf;Landkreis Nienburg (Weser);Niedersachsen;032565410006;Gemeinde
Wasserburg a.Inn;Stadt Wasserburg a.Inn;Landkreis Rosenheim;Bayern;091870182182;Stadt
Albaching;Gemeinde Albaching;Landkreis Rosenheim;Bayern;091875184186;Gemeinde
Bischbrunn;Gemeinde Bischbrunn;Landkreis Main-Spessart;Bayern;096775621120;Gemeinde
Karsbach;Gemeinde Karsbach;Landkreis Main-Spessart;Bayern;096775623149;Gemeinde
Cadenberge;Gemeinde Cadenberge;Landkreis Cuxhaven;Niedersachsen;033525411063;Gemeinde
Lamstedt;Gemeinde Lamstedt;Landkreis Cuxhaven;Niedersachsen;033525404029;Gemeinde
Hechthausen;Gemeinde Hechthausen;Landkreis Cuxhaven;Niedersachsen;033525407020;Gemeinde
Westendorf;Gemeinde Westendorf;Landkreis Augsburg;Bayern;097725706217;Gemeinde
Großaitingen;Gemeinde Großaitingen;Landkreis Augsburg;Bayern;097725710151;Gemeinde
Syrgenstein;Gemeinde Syrgenstein;Landkreis Dillingen a.d.Donau;Bayern;097735714170;Gemeinde
Elz;Gemeinde Elz;Landkreis Limburg-Weilburg;Hessen;065330006006;Gemeinde
Embsen;Gemeinde Embsen;Landkreis Lüneburg;Niedersachsen;033555405016;Gemeinde
Oberweis;Gemeinde Oberweis;Landkreis Eifelkreis Bitburg-Prüm;Rheinland-Pfalz;072325008099;Gemeinde
Kötz;Gemeinde Kötz;Landkreis Günzburg;Bayern;097745729148;Gemeinde
Elchingen;Gemeinde Elchingen;Landkreis Neu-Ulm;Bayern;097750139139;Gemeinde
Schwarmstedt;Gemeinde Schwarmstedt;Landkreis Heidekreis;Niedersachsen;033585403020;Gemeinde
Freiburg (Elbe);Gemeinde Freiburg (Elbe);Landkreis Stade;Niedersachsen;033595407018;Gemeinde
Horneburg;Gemeinde Horneburg;Landkreis Stade;Niedersachsen;033595405027;Gemeinde
Bienenbüttel;Gemeinde Bienenbüttel;Landkreis Uelzen;Niedersachsen;033600004004;Gemeinde
Burbach;Gemeinde Burbach;Landkreis Eifelkreis Bitburg-Prüm;Rheinland-Pfalz;072325008210;Gemeinde
Untergruppenbach;Gemeinde Untergruppenbach;Landkreis Heilbronn;Baden-Württemberg;081255012098;Gemeinde
Buchholz (Aller);Gemeinde Buchholz (Aller);Landkreis Heidekreis;Niedersachsen;033585403005;Gemeinde
Großdubrau;Gemeinde Großdubrau;Landkreis Bautzen;Sachsen;146250160160;Gemeinde
Lauta;Stadt Lauta;Landkreis Bautzen;Sachsen;146250310310;Stadt
Schirgiswalde-Kirschau;Stadt Schirgiswalde-Kirschau;Landkreis Bautzen;Sachsen;146250525525;Stadt
Wiesenfeld;Gemeinde Wiesenfeld;Landkreis Eichsfeld;Thüringen;160615014105;Gemeinde
Remse;Gemeinde Remse;Landkreis Zwickau;Sachsen;145245135260;Gemeinde
Dreiheide;Gemeinde Dreiheide;Landkreis Nordsachsen;Sachsen;147305311100;Gemeinde
Korbach;Stadt Korbach;Landkreis Waldeck-Frankenberg;Hessen;066350015015;Stadt
Greimerath;Gemeinde Greimerath;Landkreis Bernkastel-Wittlich;Rheinland-Pfalz;072315008044;Gemeinde
Müsch;Gemeinde Müsch;Landkreis Ahrweiler;Rheinland-Pfalz;071315001052;Gemeinde
Stimpfach;Gemeinde Stimpfach;Landkreis Schwäbisch Hall;Baden-Württemberg;081275002104;Gemeinde
Kirchberg an der Jagst;Stadt Kirchberg an der Jagst;Landkreis Schwäbisch Hall;Baden-Württemberg;081275008046;Stadt
Walzbachtal;Gemeinde Walzbachtal;Landkreis Karlsruhe;Baden-Württemberg;082150089089;Gemeinde
Markkleeberg;Stadt Markkleeberg;Landkreis Leipzig;Sachsen;147290260260;Stadt
Altenhausen;Gemeinde Altenhausen;Landkreis Börde;Sachsen-Anhalt;150835052020;Gemeinde
Bischweier;Gemeinde Bischweier;Landkreis Rastatt;Baden-Württemberg;082165001006;Gemeinde
Vörstetten;Gemeinde Vörstetten;Landkreis Emmendingen;Baden-Württemberg;083165001045;Gemeinde
Hemsbach;Stadt Hemsbach;Landkreis Rhein-Neckar-Kreis;Baden-Württemberg;082265003031;Stadt
Hohberg;Gemeinde Hohberg;Landkreis Ortenaukreis;Baden-Württemberg;083175010047;Gemeinde
Dietingen;Gemeinde Dietingen;Landkreis Rottweil;Baden-Württemberg;083255003011;Gemeinde
Forchheim;Gemeinde Forchheim;Landkreis Emmendingen;Baden-Württemberg;083165005013;Gemeinde
Berghaupten;Gemeinde Berghaupten;Landkreis Ortenaukreis;Baden-Württemberg;083175003009;Gemeinde
Gengenbach;Stadt Gengenbach;Landkreis Ortenaukreis;Baden-Württemberg;083175003034;Stadt
Seebach;Gemeinde Seebach;Landkreis Ortenaukreis;Baden-Württemberg;083175006126;Gemeinde
Rosenberg;Gemeinde Rosenberg;Landkreis Ostalbkreis;Baden-Württemberg;081365003060;Gemeinde
Gotthun;Gemeinde Gotthun;Landkreis Mecklenburgische Seenplatte;Mecklenburg-Vorpommern;130715159045;Gemeinde
Dettenheim;Gemeinde Dettenheim;Landkreis Karlsruhe;Baden-Württemberg;082155004111;Gemeinde
Kürnbach;Gemeinde Kürnbach;Landkreis Karlsruhe;Baden-Württemberg;082155005040;Gemeinde
Groß Plasten;Gemeinde Groß Plasten;Landkreis Mecklenburgische Seenplatte;Mecklenburg-Vorpommern;130715160056;Gemeinde
Stavenhagen;Stadt Stavenhagen;Landkreis Mecklenburgische Seenplatte;Mecklenburg-Vorpommern;130715162142;Stadt
Niedereschach;Gemeinde Niedereschach;Landkreis Schwarzwald-Baar-Kreis;Baden-Württemberg;083265004041;Gemeinde
Engen;Stadt Engen;Landkreis Konstanz;Baden-Württemberg;083355001022;Stadt
Moos;Gemeinde Moos;Landkreis Konstanz;Baden-Württemberg;083355003055;Gemeinde
Rielasingen-Worblingen;Gemeinde Rielasingen-Worblingen;Landkreis Konstanz;Baden-Württemberg;083355005100;Gemeinde
Rümmingen;Gemeinde Rümmingen;Landkreis Lörrach;Baden-Württemberg;083365008073;Gemeinde
Wehr;Stadt Wehr;Landkreis Waldshut;Baden-Württemberg;083370116116;Stadt
Jestetten;Gemeinde Jestetten;Landkreis Waldshut;Baden-Württemberg;083375002060;Gemeinde
Aholfing;Gemeinde Aholfing;Landkreis Straubing-Bogen;Bayern;092785250112;Gemeinde
Gomadingen;Gemeinde Gomadingen;Landkreis Reutlingen;Baden-Württemberg;084155003027;Gemeinde
Klein Vielen;Gemeinde Klein Vielen;Landkreis Mecklenburgische Seenplatte;Mecklenburg-Vorpommern;130715156075;Gemeinde
Buchdorf;Gemeinde Buchdorf;Landkreis Donau-Ries;Bayern;097795724126;Gemeinde
Wetterzeube;Gemeinde Wetterzeube;Landkreis Burgenlandkreis;Sachsen-Anhalt;150845052565;Gemeinde
Gomaringen;Gemeinde Gomaringen;Landkreis Tübingen;Baden-Württemberg;084165001015;Gemeinde
Schönburg;Gemeinde Schönburg;Landkreis Burgenlandkreis;Sachsen-Anhalt;150845054445;Gemeinde
Zimmern unter der Burg;Gemeinde Zimmern unter der Burg;Landkreis Zollernalbkreis;Baden-Württemberg;084175006078;Gemeinde
Kirchdorf an der Iller;Gemeinde Kirchdorf an der Iller;Landkreis Biberach;Baden-Württemberg;084265004066;Gemeinde
Neuensorger Forst;Gemeindefreies Gebiet Neuensorger Forst;Landkreis Lichtenfels;Bayern;094789453453;Gemeindefreies Gebiet
Altheim;Gemeinde Altheim;Landkreis Biberach;Baden-Württemberg;084265007008;Gemeinde
Uttenweiler;Gemeinde Uttenweiler;Landkreis Biberach;Baden-Württemberg;084265007124;Gemeinde
Mönchsdeggingen;Gemeinde Mönchsdeggingen;Landkreis Donau-Ries;Bayern;097795722184;Gemeinde
Schollene;Gemeinde Schollene;Landkreis Stendal;Sachsen-Anhalt;150905052485;Gemeinde
Fünfstetten;Gemeinde Fünfstetten;Landkreis Donau-Ries;Bayern;097795723148;Gemeinde
Kiel;Stadt Kiel;Kreisfreie Stadt Kiel;Schleswig-Holstein;010020000000;Stadt
Wallen;Gemeinde Wallen;Kreis Dithmarschen;Schleswig-Holstein;010515169120;Gemeinde
Süderdorf;Gemeinde Süderdorf;Kreis Dithmarschen;Schleswig-Holstein;010515169139;Gemeinde
Bingen;Gemeinde Bingen;Landkreis Sigmaringen;Baden-Württemberg;084375006008;Gemeinde
Brennberg;Gemeinde Brennberg;Landkreis Regensburg;Bayern;093755336120;Gemeinde
Dalberg;Gemeinde Dalberg;Landkreis Bad Kreuznach;Rheinland-Pfalz;071335006021;Gemeinde
Brohl;Gemeinde Brohl;Landkreis Cochem-Zell;Rheinland-Pfalz;071355002016;Gemeinde
Grebenhain;Gemeinde Grebenhain;Landkreis Vogelsbergkreis;Hessen;065350007007;Gemeinde
Amberg;Gemeinde Amberg;Landkreis Unterallgäu;Bayern;097785764111;Gemeinde
Ofterschwang;Gemeinde Ofterschwang;Landkreis Oberallgäu;Bayern;097805742134;Gemeinde
Merzig;Stadt Merzig;Landkreis Merzig-Wadern;Saarland;100420113113;Stadt
Starnberger See;Gemeindefreies Gebiet Starnberger See;Landkreis Starnberg;Bayern;091889451451;Gemeindefreies Gebiet
Bergtheim;Gemeinde Bergtheim;Landkreis Würzburg;Bayern;096795645117;Gemeinde
Landolfshausen;Gemeinde Landolfshausen;Landkreis Göttingen;Niedersachsen;031595404023;Gemeinde
Gentingen;Gemeinde Gentingen;Landkreis Eifelkreis Bitburg-Prüm;Rheinland-Pfalz;072325005042;Gemeinde
Wees;Gemeinde Wees;Kreis Schleswig-Flensburg;Schleswig-Holstein;010595937176;Gemeinde
Hersdorf;Gemeinde Hersdorf;Landkreis Eifelkreis Bitburg-Prüm;Rheinland-Pfalz;072325006332;Gemeinde
Hornbek;Gemeinde Hornbek;Kreis Herzogtum Lauenburg;Schleswig-Holstein;010535313056;Gemeinde
Dedenbach;Gemeinde Dedenbach;Landkreis Ahrweiler;Rheinland-Pfalz;071315004016;Gemeinde
Kiedrich;Gemeinde Kiedrich;Landkreis Rheingau-Taunus-Kreis;Hessen;064390009009;Gemeinde
Bielefeld;Stadt Bielefeld;Kreisfreie Stadt Bielefeld;Nordrhein-Westfalen;057110000000;Stadt
Achtelsbach;Gemeinde Achtelsbach;Landkreis Birkenfeld;Rheinland-Pfalz;071345002002;Gemeinde
Keppeshausen;Gemeinde Keppeshausen;Landkreis Eifelkreis Bitburg-Prüm;Rheinland-Pfalz;072325005066;Gemeinde
Neuhemsbach;Gemeinde Neuhemsbach;Landkreis Kaiserslautern;Rheinland-Pfalz;073355002028;Gemeinde
Deckenpfronn;Gemeinde Deckenpfronn;Landkreis Böblingen;Baden-Württemberg;081155003010;Gemeinde
Dransfeld;Stadt Dransfeld;Landkreis Göttingen;Niedersachsen;031595401009;Stadt
Niemetal;Gemeinde Niemetal;Landkreis Göttingen;Niedersachsen;031595401024;Gemeinde
Born a.Darß;Gemeinde Born a.Darß;Landkreis Vorpommern-Rügen;Mecklenburg-Vorpommern;130735354012;Gemeinde
Wittlingen;Gemeinde Wittlingen;Landkreis Lörrach;Baden-Württemberg;083365008100;Gemeinde
Dieterode;Gemeinde Dieterode;Landkreis Eichsfeld;Thüringen;160615014023;Gemeinde
Braunschweig;Stadt Braunschweig;Kreisfreie Stadt Braunschweig;Niedersachsen;031010000000;Stadt
Valley;Gemeinde Valley;Landkreis Miesbach;Bayern;091820133133;Gemeinde
Weibersbrunn;Gemeinde Weibersbrunn;Landkreis Aschaffenburg;Bayern;096710157157;Gemeinde
Bad Endorf;Gemeinde Bad Endorf;Landkreis Rosenheim;Bayern;091870128128;Gemeinde
Tuntenhausen;Gemeinde Tuntenhausen;Landkreis Rosenheim;Bayern;091870179179;Gemeinde
Eichendorf;Gemeinde Eichendorf;Landkreis Dingolfing-Landau;Bayern;092790113113;Gemeinde
Lauterhofen;Gemeinde Lauterhofen;Landkreis Neumarkt i.d.OPf.;Bayern;093730140140;Gemeinde
Vohenstrauß;Stadt Vohenstrauß;Landkreis Neustadt a.d.Waldnaab;Bayern;093740162162;Stadt
Pöttmes;Gemeinde Pöttmes;Landkreis Aichach-Friedberg;Bayern;097715771156;Gemeinde
Sonthofen;Stadt Sonthofen;Landkreis Oberallgäu;Bayern;097800139139;Stadt
Spremberg;Stadt Spremberg;Landkreis Spree-Neiße;Brandenburg;120710372372;Stadt
Blowatz;Gemeinde Blowatz;Landkreis Nordwestmecklenburg;Mecklenburg-Vorpommern;130745456007;Gemeinde
Döbeln;Stadt Döbeln;Landkreis Mittelsachsen;Sachsen;145220080080;Stadt
Belgern-Schildau;Stadt Belgern-Schildau;Landkreis Nordsachsen;Sachsen;147300045045;Stadt
Südliches Anhalt;Stadt Südliches Anhalt;Landkreis Anhalt-Bitterfeld;Sachsen-Anhalt;150820377377;Stadt
Schmalkalden;Stadt Schmalkalden;Landkreis Schmalkalden-Meiningen;Thüringen;160660063063;Stadt
Wurzbach;Stadt Wurzbach;Landkreis Saale-Orla-Kreis;Thüringen;160750133133;Stadt
Velburg;Stadt Velburg;Landkreis Neumarkt i.d.OPf.;Bayern;093730167167;Stadt
Lübesse;Gemeinde Lübesse;Landkreis Ludwigslust-Parchim;Mecklenburg-Vorpommern;130765659086;Gemeinde
Dielmissen;Gemeinde Dielmissen;Landkreis Holzminden;Niedersachsen;032555409010;Gemeinde
Sankt Katharinen;Gemeinde Sankt Katharinen;Landkreis Bad Kreuznach;Rheinland-Pfalz;071335006088;Gemeinde
Winkelbach;Gemeinde Winkelbach;Landkreis Westerwaldkreis;Rheinland-Pfalz;071435002313;Gemeinde
Bokelrehm;Gemeinde Bokelrehm;Kreis Steinburg;Schleswig-Holstein;010615168013;Gemeinde
Rinzenberg;Gemeinde Rinzenberg;Landkreis Birkenfeld;Rheinland-Pfalz;071345002071;Gemeinde
Hoppstädten-Weiersbach;Gemeinde Hoppstädten-Weiersbach;Landkreis Birkenfeld;Rheinland-Pfalz;071345002042;Gemeinde
Fischbach;Gemeinde Fischbach;Landkreis Birkenfeld;Rheinland-Pfalz;071345005025;Gemeinde
Oberkirn;Gemeinde Oberkirn;Landkreis Birkenfeld;Rheinland-Pfalz;071345005065;Gemeinde
Reichenbach;Gemeinde Reichenbach;Landkreis Saale-Holzland-Kreis;Thüringen;160745014075;Gemeinde
Schlöben;Gemeinde Schlöben;Landkreis Saale-Holzland-Kreis;Thüringen;160745053085;Gemeinde
Bremm;Gemeinde Bremm;Landkreis Cochem-Zell;Rheinland-Pfalz;071355001012;Gemeinde
Bruttig-Fankel;Gemeinde Bruttig-Fankel;Landkreis Cochem-Zell;Rheinland-Pfalz;071355001017;Gemeinde
Reichenbach;Gemeinde Reichenbach;Landkreis Birkenfeld;Rheinland-Pfalz;071345001068;Gemeinde
Kalenborn;Gemeinde Kalenborn;Landkreis Cochem-Zell;Rheinland-Pfalz;071355002046;Gemeinde
Vinningen;Gemeinde Vinningen;Landkreis Südwestpfalz;Rheinland-Pfalz;073405003053;Gemeinde
Bell;Gemeinde Bell;Landkreis Mayen-Koblenz;Rheinland-Pfalz;071375004008;Gemeinde
Pleidelsheim;Gemeinde Pleidelsheim;Landkreis Ludwigsburg;Baden-Württemberg;081185004063;Gemeinde
Frankweiler;Gemeinde Frankweiler;Landkreis Südliche Weinstraße;Rheinland-Pfalz;073375005026;Gemeinde
Eggstedt;Gemeinde Eggstedt;Kreis Dithmarschen;Schleswig-Holstein;010515163026;Gemeinde
Hamweddel;Gemeinde Hamweddel;Kreis Rendsburg-Eckernförde;Schleswig-Holstein;010585853071;Gemeinde
Heuchelheim-Klingen;Gemeinde Heuchelheim-Klingen;Landkreis Südliche Weinstraße;Rheinland-Pfalz;073375005040;Gemeinde
Birkenheide;Gemeinde Birkenheide;Landkreis Rhein-Pfalz-Kreis;Rheinland-Pfalz;073385004003;Gemeinde
Winterbach (Pfalz);Gemeinde Winterbach (Pfalz);Landkreis Südwestpfalz;Rheinland-Pfalz;073405009228;Gemeinde
Ehningen;Gemeinde Ehningen;Landkreis Böblingen;Baden-Württemberg;081155002013;Gemeinde
Wallhalben;Gemeinde Wallhalben;Landkreis Südwestpfalz;Rheinland-Pfalz;073405009225;Gemeinde
Erdmannhausen;Gemeinde Erdmannhausen;Landkreis Ludwigsburg;Baden-Württemberg;081185005014;Gemeinde
Bissersheim;Gemeinde Bissersheim;Landkreis Bad Dürkheim;Rheinland-Pfalz;073325007004;Gemeinde
Kadenbach;Gemeinde Kadenbach;Landkreis Westerwaldkreis;Rheinland-Pfalz;071435004039;Gemeinde
Gau-Odernheim;Gemeinde Gau-Odernheim;Landkreis Alzey-Worms;Rheinland-Pfalz;073315001032;Gemeinde
Mainhausen;Gemeinde Mainhausen;Landkreis Offenbach;Hessen;064380007007;Gemeinde
Osthofen;Stadt Osthofen;Landkreis Alzey-Worms;Rheinland-Pfalz;073315007055;Stadt
Halvesbostel;Gemeinde Halvesbostel;Landkreis Harburg;Niedersachsen;033535403014;Gemeinde
Tappendorf;Gemeinde Tappendorf;Kreis Rendsburg-Eckernförde;Schleswig-Holstein;010585895159;Gemeinde
Pätow-Steegen;Gemeinde Pätow-Steegen;Landkreis Ludwigslust-Parchim;Mecklenburg-Vorpommern;130765658110;Gemeinde
Altweidelbach;Gemeinde Altweidelbach;Landkreis Rhein-Hunsrück-Kreis;Rheinland-Pfalz;071405008002;Gemeinde
Bedesbach;Gemeinde Bedesbach;Landkreis Kusel;Rheinland-Pfalz;073365010106;Gemeinde
Landstuhl;Stadt Landstuhl;Landkreis Kaiserslautern;Rheinland-Pfalz;073355011022;Stadt
Ohmbach;Gemeinde Ohmbach;Landkreis Kusel;Rheinland-Pfalz;073365009076;Gemeinde
Ergeshausen;Gemeinde Ergeshausen;Landkreis Rhein-Lahn-Kreis;Rheinland-Pfalz;071415011039;Gemeinde
Oberfischbach;Gemeinde Oberfischbach;Landkreis Rhein-Lahn-Kreis;Rheinland-Pfalz;071415011101;Gemeinde
Großseifen;Gemeinde Großseifen;Landkreis Westerwaldkreis;Rheinland-Pfalz;071435001227;Gemeinde
Mörlen;Gemeinde Mörlen;Landkreis Westerwaldkreis;Rheinland-Pfalz;071435001264;Gemeinde
Stockhausen-Illfurth;Gemeinde Stockhausen-Illfurth;Landkreis Westerwaldkreis;Rheinland-Pfalz;071435001297;Gemeinde
Niederkirchen;Gemeinde Niederkirchen;Landkreis Kaiserslautern;Rheinland-Pfalz;073355010029;Gemeinde
Krickenbach;Gemeinde Krickenbach;Landkreis Kaiserslautern;Rheinland-Pfalz;073355011021;Gemeinde
Baumholder;Stadt Baumholder;Landkreis Birkenfeld;Rheinland-Pfalz;071345001005;Stadt
Langenfeld;Gemeinde Langenfeld;Landkreis Neustadt a.d.Aisch-Bad Windsheim;Bayern;095755518138;Gemeinde
Illesheim;Gemeinde Illesheim;Landkreis Neustadt a.d.Aisch-Bad Windsheim;Bayern;095755524133;Gemeinde
Retschow;Gemeinde Retschow;Landkreis Rostock;Mecklenburg-Vorpommern;130725251086;Gemeinde
Rühn;Gemeinde Rühn;Landkreis Rostock;Mecklenburg-Vorpommern;130725252089;Gemeinde
Offenbüttel;Gemeinde Offenbüttel;Kreis Dithmarschen;Schleswig-Holstein;010515175085;Gemeinde
Wallerfing;Gemeinde Wallerfing;Landkreis Deggendorf;Bayern;092715204152;Gemeinde
Buchhofen;Gemeinde Buchhofen;Landkreis Deggendorf;Bayern;092715205118;Gemeinde
Penzberg;Stadt Penzberg;Landkreis Weilheim-Schongau;Bayern;091900141141;Stadt
Wielenbach;Gemeinde Wielenbach;Landkreis Weilheim-Schongau;Bayern;091900159159;Gemeinde
Rieps;Gemeinde Rieps;Landkreis Nordwestmecklenburg;Mecklenburg-Vorpommern;130745458066;Gemeinde
Schraplau;Stadt Schraplau;Landkreis Saalekreis;Sachsen-Anhalt;150885051340;Stadt
Niederaichbach;Gemeinde Niederaichbach;Landkreis Landshut;Bayern;092740156156;Gemeinde
Sauzin;Gemeinde Sauzin;Landkreis Vorpommern-Greifswald;Mecklenburg-Vorpommern;130755551124;Gemeinde
Aham;Gemeinde Aham;Landkreis Landshut;Bayern;092745223112;Gemeinde
Hauzenberg;Stadt Hauzenberg;Landkreis Passau;Bayern;092750126126;Stadt
Sonnen;Gemeinde Sonnen;Landkreis Passau;Bayern;092750148148;Gemeinde
Ortenburg;Gemeinde Ortenburg;Landkreis Passau;Bayern;092750138138;Gemeinde
Collenberg;Gemeinde Collenberg;Landkreis Miltenberg;Bayern;096760117117;Gemeinde
Kirchdorf i.Wald;Gemeinde Kirchdorf i.Wald;Landkreis Regen;Bayern;092760127127;Gemeinde
Johanniskirchen;Gemeinde Johanniskirchen;Landkreis Rottal-Inn;Bayern;092770126126;Gemeinde
Bröthen;Gemeinde Bröthen;Kreis Herzogtum Lauenburg;Schleswig-Holstein;010535318015;Gemeinde
Wentorf bei Hamburg;Gemeinde Wentorf bei Hamburg;Kreis Herzogtum Lauenburg;Schleswig-Holstein;010530129129;Gemeinde
Woltersdorf;Gemeinde Woltersdorf;Kreis Herzogtum Lauenburg;Schleswig-Holstein;010535313134;Gemeinde
Frontenhausen;Gemeinde Frontenhausen;Landkreis Dingolfing-Landau;Bayern;092790115115;Gemeinde
Neukirchen b.Hl.Blut;Gemeinde Neukirchen b.Hl.Blut;Landkreis Cham;Bayern;093720144144;Gemeinde
Eichwald;Gemeindefreies Gebiet Eichwald;Landkreis Bamberg;Bayern;094719453453;Gemeindefreies Gebiet
Floß;Gemeinde Floß;Landkreis Neustadt a.d.Waldnaab;Bayern;093740121121;Gemeinde
Mantel;Gemeinde Mantel;Landkreis Neustadt a.d.Waldnaab;Bayern;093740134134;Gemeinde
Timmaspe;Gemeinde Timmaspe;Kreis Rendsburg-Eckernförde;Schleswig-Holstein;010585864163;Gemeinde
Leuchtenberg;Gemeinde Leuchtenberg;Landkreis Neustadt a.d.Waldnaab;Bayern;093745330132;Gemeinde
Pettendorf;Gemeinde Pettendorf;Landkreis Regensburg;Bayern;093750181181;Gemeinde
Bodenwöhr;Gemeinde Bodenwöhr;Landkreis Schwandorf;Bayern;093760116116;Gemeinde
Laufach;Gemeinde Laufach;Landkreis Aschaffenburg;Bayern;096710139139;Gemeinde
Thanstein;Gemeinde Thanstein;Landkreis Schwandorf;Bayern;093765345172;Gemeinde
Pinnow;Gemeinde Pinnow;Landkreis Ludwigslust-Parchim;Mecklenburg-Vorpommern;130765668112;Gemeinde
Dammbach;Gemeinde Dammbach;Landkreis Aschaffenburg;Bayern;096715603160;Gemeinde
Freiberg;Stadt Freiberg;Landkreis Mittelsachsen;Sachsen;145220180180;Stadt
Schöllkrippen;Gemeinde Schöllkrippen;Landkreis Aschaffenburg;Bayern;096715604152;Gemeinde
Thermalbad Wiesenbad;Gemeinde Thermalbad Wiesenbad;Landkreis Erzgebirgskreis;Sachsen;145210630630;Gemeinde
Bobritzsch-Hilbersdorf;Gemeinde Bobritzsch-Hilbersdorf;Landkreis Mittelsachsen;Sachsen;145220035035;Gemeinde
Grabow;Stadt Grabow;Landkreis Ludwigslust-Parchim;Mecklenburg-Vorpommern;130765657050;Stadt
Wattenbek;Gemeinde Wattenbek;Kreis Rendsburg-Eckernförde;Schleswig-Holstein;010585889170;Gemeinde
Ziegendorf;Gemeinde Ziegendorf;Landkreis Ludwigslust-Parchim;Mecklenburg-Vorpommern;130765662160;Gemeinde
Weitendorf;Gemeinde Weitendorf;Landkreis Ludwigslust-Parchim;Mecklenburg-Vorpommern;130765664148;Gemeinde
Sulzemoos;Gemeinde Sulzemoos;Landkreis Dachau;Bayern;091740146146;Gemeinde
Markt Schwaben;Gemeinde Markt Schwaben;Landkreis Ebersberg;Bayern;091750127127;Gemeinde
Hitzhofen;Gemeinde Hitzhofen;Landkreis Eichstätt;Bayern;091760132132;Gemeinde
Theuma;Gemeinde Theuma;Landkreis Vogtlandkreis;Sachsen;145235402410;Gemeinde
Bärenbach;Gemeinde Bärenbach;Landkreis Bad Kreuznach;Rheinland-Pfalz;071335009008;Gemeinde
Hochstetten-Dhaun;Gemeinde Hochstetten-Dhaun;Landkreis Bad Kreuznach;Rheinland-Pfalz;071335009046;Gemeinde
Oberhausen bei Kirn;Gemeinde Oberhausen bei Kirn;Landkreis Bad Kreuznach;Rheinland-Pfalz;071335009073;Gemeinde
Abtweiler;Gemeinde Abtweiler;Landkreis Bad Kreuznach;Rheinland-Pfalz;071335010001;Gemeinde
Neuschoo;Gemeinde Neuschoo;Landkreis Wittmund;Niedersachsen;034625402011;Gemeinde
Heede;Gemeinde Heede;Landkreis Emsland;Niedersachsen;034545401020;Gemeinde
Ransbach-Baumbach;Stadt Ransbach-Baumbach;Landkreis Westerwaldkreis;Rheinland-Pfalz;071435005062;Stadt
Welschneudorf;Gemeinde Welschneudorf;Landkreis Westerwaldkreis;Rheinland-Pfalz;071435004079;Gemeinde
Viersen;Stadt Viersen;Kreis Viersen;Nordrhein-Westfalen;051660032032;Stadt
Lübbecke;Stadt Lübbecke;Kreis Minden-Lübbecke;Nordrhein-Westfalen;057700020020;Stadt
Seck;Gemeinde Seck;Landkreis Westerwaldkreis;Rheinland-Pfalz;071435006292;Gemeinde
Wilkau-Haßlau;Stadt Wilkau-Haßlau;Landkreis Zwickau;Sachsen;145240320320;Stadt
Zückshuter Forst;Gemeindefreies Gebiet Zückshuter Forst;Landkreis Bamberg;Bayern;094719462462;Gemeindefreies Gebiet
Linnich;Stadt Linnich;Kreis Düren;Nordrhein-Westfalen;053580036036;Stadt
Zülpich;Stadt Zülpich;Kreis Euskirchen;Nordrhein-Westfalen;053660044044;Stadt
Daxweiler;Gemeinde Daxweiler;Landkreis Bad Kreuznach;Rheinland-Pfalz;071335011023;Gemeinde
Rösrath;Stadt Rösrath;Kreis Rheinisch-Bergischer Kreis;Nordrhein-Westfalen;053780028028;Stadt
Nordhofen;Gemeinde Nordhofen;Landkreis Westerwaldkreis;Rheinland-Pfalz;071435007056;Gemeinde
Altenberge;Gemeinde Altenberge;Kreis Steinfurt;Nordrhein-Westfalen;055660004004;Gemeinde
Willmenrod;Gemeinde Willmenrod;Landkreis Westerwaldkreis;Rheinland-Pfalz;071435009312;Gemeinde
Stockum-Püschen;Gemeinde Stockum-Püschen;Landkreis Westerwaldkreis;Rheinland-Pfalz;071435009298;Gemeinde
Bannberscheid;Gemeinde Bannberscheid;Landkreis Westerwaldkreis;Rheinland-Pfalz;071435010003;Gemeinde
Herford;Stadt Herford;Kreis Herford;Nordrhein-Westfalen;057580012012;Stadt
Dorsten;Stadt Dorsten;Kreis Recklinghausen;Nordrhein-Westfalen;055620012012;Stadt
Hörscheid;Gemeinde Hörscheid;Landkreis Vulkaneifel;Rheinland-Pfalz;072335001031;Gemeinde
Niederstadtfeld;Gemeinde Niederstadtfeld;Landkreis Vulkaneifel;Rheinland-Pfalz;072335001052;Gemeinde
Aufseß;Gemeinde Aufseß;Landkreis Bayreuth;Bayern;094725412115;Gemeinde
Neubauer Forst-Nord;Gemeindefreies Gebiet Neubauer Forst-Nord;Landkreis Bayreuth;Bayern;094729463463;Gemeindefreies Gebiet
Geroldsgrüner Forst;Gemeindefreies Gebiet Geroldsgrüner Forst;Landkreis Hof;Bayern;094759453453;Gemeindefreies Gebiet
Brücken-Hackpfüffel;Gemeinde Brücken-Hackpfüffel;Landkreis Mansfeld-Südharz;Sachsen-Anhalt;150875051101;Gemeinde
Könnern;Stadt Könnern;Landkreis Salzlandkreis;Sachsen-Anhalt;150890195195;Stadt
Bad Alexandersbad;Gemeinde Bad Alexandersbad;Landkreis Wunsiedel i.Fichtelgebirge;Bayern;094795444111;Gemeinde
Zell im Fichtelgebirge;Gemeinde Zell im Fichtelgebirge;Landkreis Hof;Bayern;094750189189;Gemeinde
Strotzbüsch;Gemeinde Strotzbüsch;Landkreis Vulkaneifel;Rheinland-Pfalz;072335001071;Gemeinde
Falkenstein;Gemeinde Falkenstein;Landkreis Donnersbergkreis;Rheinland-Pfalz;073335006020;Gemeinde
Neichen;Gemeinde Neichen;Landkreis Vulkaneifel;Rheinland-Pfalz;072335004048;Gemeinde
Retterath;Gemeinde Retterath;Landkreis Vulkaneifel;Rheinland-Pfalz;072335004234;Gemeinde
Königstein im Taunus;Stadt Königstein im Taunus;Landkreis Hochtaunuskreis;Hessen;064340005005;Stadt
Trebur;Gemeinde Trebur;Landkreis Groß-Gerau;Hessen;064330014014;Gemeinde
Geseke;Stadt Geseke;Kreis Soest;Nordrhein-Westfalen;059740020020;Stadt
Bisterschied;Gemeinde Bisterschied;Landkreis Donnersbergkreis;Rheinland-Pfalz;073335007008;Gemeinde
Taunusstein;Stadt Taunusstein;Landkreis Rheingau-Taunus-Kreis;Hessen;064390015015;Stadt
Biebertal;Gemeinde Biebertal;Landkreis Gießen;Hessen;065310002002;Gemeinde
Gießen;Stadt Gießen;Landkreis Gießen;Hessen;065310005005;Stadt
Jossgrund;Gemeinde Jossgrund;Landkreis Main-Kinzig-Kreis;Hessen;064350016016;Gemeinde
Harxheim;Gemeinde Harxheim;Landkreis Mainz-Bingen;Rheinland-Pfalz;073395002026;Gemeinde
Hahnheim;Gemeinde Hahnheim;Landkreis Mainz-Bingen;Rheinland-Pfalz;073395007025;Gemeinde
Hochscheid;Gemeinde Hochscheid;Landkreis Bernkastel-Wittlich;Rheinland-Pfalz;072315001056;Gemeinde
Fronhausen;Gemeinde Fronhausen;Landkreis Marburg-Biedenkopf;Hessen;065340009009;Gemeinde
Uelversheim;Gemeinde Uelversheim;Landkreis Mainz-Bingen;Rheinland-Pfalz;073395007059;Gemeinde
Kassel;Stadt Kassel;Kreisfreie Stadt Kassel;Hessen;066110000000;Stadt
Eiterfeld;Gemeinde Eiterfeld;Landkreis Fulda;Hessen;066310007007;Gemeinde
Nüsttal;Gemeinde Nüsttal;Landkreis Fulda;Hessen;066310019019;Gemeinde
Schenklengsfeld;Gemeinde Schenklengsfeld;Landkreis Hersfeld-Rotenburg;Hessen;066320019019;Gemeinde
Kritzmow;Gemeinde Kritzmow;Landkreis Rostock;Mecklenburg-Vorpommern;130725263057;Gemeinde
Rudelzhausen;Gemeinde Rudelzhausen;Landkreis Freising;Bayern;091780122122;Gemeinde
Schnelldorf;Gemeinde Schnelldorf;Landkreis Ansbach;Bayern;095710199199;Gemeinde
Ohrenbach;Gemeinde Ohrenbach;Landkreis Ansbach;Bayern;095715501188;Gemeinde
Wieseth;Gemeinde Wieseth;Landkreis Ansbach;Bayern;095715507223;Gemeinde
Moosburg a.d.Isar;Stadt Moosburg a.d.Isar;Landkreis Freising;Bayern;091780143143;Stadt
Zolling;Gemeinde Zolling;Landkreis Freising;Bayern;091785130157;Gemeinde
Obermeitingen;Gemeinde Obermeitingen;Landkreis Landsberg am Lech;Bayern;091815139131;Gemeinde
Landsberg am Lech;Stadt Landsberg am Lech;Landkreis Landsberg am Lech;Bayern;091810130130;Stadt
Kottgeisering;Gemeinde Kottgeisering;Landkreis Fürstenfeldbruck;Bayern;091795132131;Gemeinde
Sukow-Levitzow;Gemeinde Sukow-Levitzow;Landkreis Rostock;Mecklenburg-Vorpommern;130725258103;Gemeinde
Schleid;Gemeinde Schleid;Landkreis Wartburgkreis;Thüringen;160635056068;Gemeinde
Unterbreizbach;Gemeinde Unterbreizbach;Landkreis Wartburgkreis;Thüringen;160630078078;Gemeinde
Schalkau;Stadt Schalkau;Landkreis Sonneberg;Thüringen;160720015015;Stadt
Sydower Fließ;Gemeinde Sydower Fließ;Landkreis Barnim;Brandenburg;120605003250;Gemeinde
Luisenthal;Gemeinde Luisenthal;Landkreis Gotha;Thüringen;160675050044;Gemeinde
Rastenberg;Stadt Rastenberg;Landkreis Sömmerda;Thüringen;160685006042;Stadt
Eisfeld;Stadt Eisfeld;Landkreis Hildburghausen;Thüringen;160690012012;Stadt
Dommershausen;Gemeinde Dommershausen;Landkreis Rhein-Hunsrück-Kreis;Rheinland-Pfalz;071405003202;Gemeinde
Amt Wachsenburg;Gemeinde Amt Wachsenburg;Landkreis Ilm-Kreis;Thüringen;160700028028;Gemeinde
Geilnau;Gemeinde Geilnau;Landkreis Rhein-Lahn-Kreis;Rheinland-Pfalz;071415003045;Gemeinde
Braubach;Stadt Braubach;Landkreis Rhein-Lahn-Kreis;Rheinland-Pfalz;071415009501;Stadt
Diethardt;Gemeinde Diethardt;Landkreis Rhein-Lahn-Kreis;Rheinland-Pfalz;071415007502;Gemeinde
Dausenau;Gemeinde Dausenau;Landkreis Rhein-Lahn-Kreis;Rheinland-Pfalz;071415010025;Gemeinde
Longkamp;Gemeinde Longkamp;Landkreis Bernkastel-Wittlich;Rheinland-Pfalz;072315001077;Gemeinde
Hasborn;Gemeinde Hasborn;Landkreis Bernkastel-Wittlich;Rheinland-Pfalz;072315008049;Gemeinde
Karl;Gemeinde Karl;Landkreis Bernkastel-Wittlich;Rheinland-Pfalz;072315008065;Gemeinde
Leutenberg;Stadt Leutenberg;Landkreis Saalfeld-Rudolstadt;Thüringen;160730106106;Stadt
Wernburg;Gemeinde Wernburg;Landkreis Saale-Orla-Kreis;Thüringen;160755005124;Gemeinde
Mühlberg/Elbe;Stadt Mühlberg/Elbe;Landkreis Elbe-Elster;Brandenburg;120625031341;Stadt
Havelaue;Gemeinde Havelaue;Landkreis Havelland;Brandenburg;120635309134;Gemeinde
Vetschau/Spreewald;Stadt Vetschau/Spreewald;Landkreis Oberspreewald-Lausitz;Brandenburg;120660320320;Stadt
Storkow (Mark);Stadt Storkow (Mark);Landkreis Oder-Spree;Brandenburg;120670481481;Stadt
Lawitz;Gemeinde Lawitz;Landkreis Oder-Spree;Brandenburg;120675705292;Gemeinde
Luhnstedt;Gemeinde Luhnstedt;Kreis Rendsburg-Eckernförde;Schleswig-Holstein;010585853101;Gemeinde
Märkische Höhe;Gemeinde Märkische Höhe;Landkreis Märkisch-Oderland;Brandenburg;120645408303;Gemeinde
Brande-Hörnerkirchen;Gemeinde Brande-Hörnerkirchen;Kreis Pinneberg;Schleswig-Holstein;010565636010;Gemeinde
Bad Saarow;Gemeinde Bad Saarow;Landkreis Oder-Spree;Brandenburg;120675707024;Gemeinde
Wendisch Rietz;Gemeinde Wendisch Rietz;Landkreis Oder-Spree;Brandenburg;120675707520;Gemeinde
Deinstedt;Gemeinde Deinstedt;Landkreis Rotenburg (Wümme);Niedersachsen;033575404011;Gemeinde
Mönchhagen;Gemeinde Mönchhagen;Landkreis Rostock;Mecklenburg-Vorpommern;130725260072;Gemeinde
Pörnbach;Gemeinde Pörnbach;Landkreis Pfaffenhofen a.d.Ilm;Bayern;091865158144;Gemeinde
Berg im Gau;Gemeinde Berg im Gau;Landkreis Neuburg-Schrobenhausen;Bayern;091855155116;Gemeinde
Brunnen;Gemeinde Brunnen;Landkreis Neuburg-Schrobenhausen;Bayern;091855155123;Gemeinde
Baar-Ebenhausen;Gemeinde Baar-Ebenhausen;Landkreis Pfaffenhofen a.d.Ilm;Bayern;091860113113;Gemeinde
Hemme;Gemeinde Hemme;Kreis Dithmarschen;Schleswig-Holstein;010515169047;Gemeinde
Brannenburg;Gemeinde Brannenburg;Landkreis Rosenheim;Bayern;091870120120;Gemeinde
Eisendorf;Gemeinde Eisendorf;Kreis Rendsburg-Eckernförde;Schleswig-Holstein;010585864045;Gemeinde
Beetzseeheide;Gemeinde Beetzseeheide;Landkreis Potsdam-Mittelmark;Brandenburg;120695902019;Gemeinde
Legde/Quitzöbel;Gemeinde Legde/Quitzöbel;Landkreis Prignitz;Brandenburg;120705001241;Gemeinde
Zichow;Gemeinde Zichow;Landkreis Uckermark;Brandenburg;120735306645;Gemeinde
Niedergörsdorf;Gemeinde Niedergörsdorf;Landkreis Teltow-Fläming;Brandenburg;120720297297;Gemeinde
Lemberg;Gemeinde Lemberg;Landkreis Südwestpfalz;Rheinland-Pfalz;073405003028;Gemeinde
Schmogrow-Fehrow;Gemeinde Schmogrow-Fehrow;Landkreis Spree-Neiße;Brandenburg;120715101341;Gemeinde
Wilgartswiesen;Gemeinde Wilgartswiesen;Landkreis Südwestpfalz;Rheinland-Pfalz;073405002057;Gemeinde
Weissach;Gemeinde Weissach;Landkreis Böblingen;Baden-Württemberg;081150052052;Gemeinde
Aichtal;Stadt Aichtal;Landkreis Esslingen;Baden-Württemberg;081160081081;Stadt
Bad Ditzenbach;Gemeinde Bad Ditzenbach;Landkreis Göppingen;Baden-Württemberg;081175001006;Gemeinde
Pirmasens;Stadt Pirmasens;Kreisfreie Stadt Pirmasens;Rheinland-Pfalz;073170000000;Stadt
Besigheim;Stadt Besigheim;Landkreis Ludwigsburg;Baden-Württemberg;081185001007;Stadt
Bönnigheim;Stadt Bönnigheim;Landkreis Ludwigsburg;Baden-Württemberg;081185003010;Stadt
Hagenbach;Stadt Hagenbach;Landkreis Germersheim;Rheinland-Pfalz;073345002008;Stadt
Obersülzen;Gemeinde Obersülzen;Landkreis Bad Dürkheim;Rheinland-Pfalz;073325007040;Gemeinde
Zeiskam;Gemeinde Zeiskam;Landkreis Germersheim;Rheinland-Pfalz;073345001036;Gemeinde
Waldleiningen;Gemeinde Waldleiningen;Landkreis Kaiserslautern;Rheinland-Pfalz;073355002048;Gemeinde
Eulenbis;Gemeinde Eulenbis;Landkreis Kaiserslautern;Rheinland-Pfalz;073355009006;Gemeinde
Gossersweiler-Stein;Gemeinde Gossersweiler-Stein;Landkreis Südliche Weinstraße;Rheinland-Pfalz;073375001033;Gemeinde
Pleisweiler-Oberhofen;Gemeinde Pleisweiler-Oberhofen;Landkreis Südliche Weinstraße;Rheinland-Pfalz;073375002062;Gemeinde
Jettenbach;Gemeinde Jettenbach;Landkreis Kusel;Rheinland-Pfalz;073365008048;Gemeinde
Merlscheid;Gemeinde Merlscheid;Landkreis Eifelkreis Bitburg-Prüm;Rheinland-Pfalz;072325001270;Gemeinde
Spirkelbach;Gemeinde Spirkelbach;Landkreis Südwestpfalz;Rheinland-Pfalz;073405002049;Gemeinde
Auw bei Prüm;Gemeinde Auw bei Prüm;Landkreis Eifelkreis Bitburg-Prüm;Rheinland-Pfalz;072325006202;Gemeinde
Dingdorf;Gemeinde Dingdorf;Landkreis Eifelkreis Bitburg-Prüm;Rheinland-Pfalz;072325006216;Gemeinde
Kanzem;Gemeinde Kanzem;Landkreis Trier-Saarburg;Rheinland-Pfalz;072355003055;Gemeinde
Ralingen;Gemeinde Ralingen;Landkreis Trier-Saarburg;Rheinland-Pfalz;072355007111;Gemeinde
Schweich;Stadt Schweich;Landkreis Trier-Saarburg;Rheinland-Pfalz;072355006125;Stadt
Schoden;Gemeinde Schoden;Landkreis Trier-Saarburg;Rheinland-Pfalz;072355008122;Gemeinde
Neuendorf-Sachsenbande;Gemeinde Neuendorf-Sachsenbande;Kreis Steinburg;Schleswig-Holstein;010615179119;Gemeinde
Weitersweiler;Gemeinde Weitersweiler;Landkreis Donnersbergkreis;Rheinland-Pfalz;073335003081;Gemeinde
Dörnick;Gemeinde Dörnick;Kreis Plön;Schleswig-Holstein;010575739017;Gemeinde
Wasbek;Gemeinde Wasbek;Kreis Rendsburg-Eckernförde;Schleswig-Holstein;010580169169;Gemeinde
Waabs;Gemeinde Waabs;Kreis Rendsburg-Eckernförde;Schleswig-Holstein;010585893166;Gemeinde
Bornholt;Gemeinde Bornholt;Kreis Rendsburg-Eckernförde;Schleswig-Holstein;010585895025;Gemeinde
Jahrsdorf;Gemeinde Jahrsdorf;Kreis Rendsburg-Eckernförde;Schleswig-Holstein;010585895085;Gemeinde
Lindewitt;Gemeinde Lindewitt;Kreis Schleswig-Flensburg;Schleswig-Holstein;010595952179;Gemeinde
Roxheim;Gemeinde Roxheim;Landkreis Bad Kreuznach;Rheinland-Pfalz;071335006086;Gemeinde
Klein Wesenberg;Gemeinde Klein Wesenberg;Kreis Stormarn;Schleswig-Holstein;010625244039;Gemeinde
Alveslohe;Gemeinde Alveslohe;Kreis Segeberg;Schleswig-Holstein;010605043002;Gemeinde
Henstedt-Ulzburg;Gemeinde Henstedt-Ulzburg;Kreis Segeberg;Schleswig-Holstein;010600039039;Gemeinde
Adenbüttel;Gemeinde Adenbüttel;Landkreis Gifhorn;Niedersachsen;031515406001;Gemeinde
Müden (Aller);Gemeinde Müden (Aller);Landkreis Gifhorn;Niedersachsen;031515405018;Gemeinde
Neuenkirchen;Gemeinde Neuenkirchen;Landkreis Cuxhaven;Niedersachsen;033525411038;Gemeinde
Kalefeld;Gemeinde Kalefeld;Landkreis Northeim;Niedersachsen;031550006006;Gemeinde
Gondorf;Gemeinde Gondorf;Landkreis Eifelkreis Bitburg-Prüm;Rheinland-Pfalz;072325008044;Gemeinde
Isernhagen;Gemeinde Isernhagen;Landkreis Region Hannover;Niedersachsen;032410008008;Gemeinde
Zeil a.Main;Stadt Zeil a.Main;Landkreis Haßberge;Bayern;096740221221;Stadt
Ostereistedt;Gemeinde Ostereistedt;Landkreis Rotenburg (Wümme);Niedersachsen;033575404036;Gemeinde
Barnstorf;Gemeinde Barnstorf;Landkreis Diepholz;Niedersachsen;032515402005;Gemeinde
Esens;Stadt Esens;Landkreis Wittmund;Niedersachsen;034625401003;Stadt
Elsdorf;Stadt Elsdorf;Kreis Rhein-Erft-Kreis;Nordrhein-Westfalen;053620016016;Stadt
Husum;Gemeinde Husum;Landkreis Nienburg (Weser);Niedersachsen;032565410016;Gemeinde
Uchte;Gemeinde Uchte;Landkreis Nienburg (Weser);Niedersachsen;032565408033;Gemeinde
Binnen;Gemeinde Binnen;Landkreis Nienburg (Weser);Niedersachsen;032565411002;Gemeinde
Wienhausen;Gemeinde Wienhausen;Landkreis Celle;Niedersachsen;033515402022;Gemeinde
Hohne;Gemeinde Hohne;Landkreis Celle;Niedersachsen;033515403015;Gemeinde
Rottendorf;Gemeinde Rottendorf;Landkreis Würzburg;Bayern;096790185185;Gemeinde
Wasserlosen;Gemeinde Wasserlosen;Landkreis Schweinfurt;Bayern;096780192192;Gemeinde
Hemmoor;Stadt Hemmoor;Landkreis Cuxhaven;Niedersachsen;033525407022;Stadt
Welden;Gemeinde Welden;Landkreis Augsburg;Bayern;097725707216;Gemeinde
Oberottmarshausen;Gemeinde Oberottmarshausen;Landkreis Augsburg;Bayern;097725710186;Gemeinde
Schmellerforst;Gemeindefreies Gebiet Schmellerforst;Landkreis Augsburg;Bayern;097729451451;Gemeindefreies Gebiet
Wehringen;Gemeinde Wehringen;Landkreis Augsburg;Bayern;097720215215;Gemeinde
Zöschingen;Gemeinde Zöschingen;Landkreis Dillingen a.d.Donau;Bayern;097735714187;Gemeinde
Regesbostel;Gemeinde Regesbostel;Landkreis Harburg;Niedersachsen;033535403028;Gemeinde
Kakenstorf;Gemeinde Kakenstorf;Landkreis Harburg;Niedersachsen;033535406021;Gemeinde
Rödermark;Stadt Rödermark;Landkreis Offenbach;Hessen;064380012012;Stadt
Schwenningen;Gemeinde Schwenningen;Landkreis Dillingen a.d.Donau;Bayern;097735716164;Gemeinde
Ichenhausen;Stadt Ichenhausen;Landkreis Günzburg;Bayern;097745730143;Stadt
Illertissen;Stadt Illertissen;Landkreis Neu-Ulm;Bayern;097750129129;Stadt
Stoffenrieder Forst;Gemeindefreies Gebiet Stoffenrieder Forst;Landkreis Neu-Ulm;Bayern;097759454454;Gemeindefreies Gebiet
Jelmstorf;Gemeinde Jelmstorf;Landkreis Uelzen;Niedersachsen;033605407012;Gemeinde
Schwaikheim;Gemeinde Schwaikheim;Landkreis Rems-Murr-Kreis;Baden-Württemberg;081195006068;Gemeinde
Wüstenrot;Gemeinde Wüstenrot;Landkreis Heilbronn;Baden-Württemberg;081250107107;Gemeinde
Ilsfeld;Gemeinde Ilsfeld;Landkreis Heilbronn;Baden-Württemberg;081255012046;Gemeinde
Worpswede;Gemeinde Worpswede;Landkreis Osterholz;Niedersachsen;033560011011;Gemeinde
Munster;Stadt Munster;Landkreis Heidekreis;Niedersachsen;033580016016;Stadt
Grethem;Gemeinde Grethem;Landkreis Heidekreis;Niedersachsen;033585401011;Gemeinde
Großheringen;Gemeinde Großheringen;Landkreis Weimarer Land;Thüringen;160715051022;Gemeinde
Ballstedt;Gemeinde Ballstedt;Landkreis Weimarer Land;Thüringen;160715053005;Gemeinde
Oderwitz;Gemeinde Oderwitz;Landkreis Görlitz;Sachsen;146260390390;Gemeinde
Quitzdorf am See;Gemeinde Quitzdorf am See;Landkreis Görlitz;Sachsen;146265502440;Gemeinde
Taucha;Stadt Taucha;Landkreis Nordsachsen;Sachsen;147300300300;Stadt
Dürrröhrsdorf-Dittersbach;Gemeinde Dürrröhrsdorf-Dittersbach;Landkreis Sächsische Schweiz-Osterzgebirge;Sachsen;146280100100;Gemeinde
Neu-Eichenberg;Gemeinde Neu-Eichenberg;Landkreis Werra-Meißner-Kreis;Hessen;066360009009;Gemeinde
Schwarzenborn;Stadt Schwarzenborn;Landkreis Schwalm-Eder-Kreis;Hessen;066340023023;Stadt
Trossin;Gemeinde Trossin;Landkreis Nordsachsen;Sachsen;147305303320;Gemeinde
Werben (Elbe);Stadt Werben (Elbe);Landkreis Stendal;Sachsen-Anhalt;150905051610;Stadt
Schallstadt;Gemeinde Schallstadt;Landkreis Breisgau-Hochschwarzwald;Baden-Württemberg;083155014098;Gemeinde
Felsberg;Stadt Felsberg;Landkreis Schwalm-Eder-Kreis;Hessen;066340003003;Stadt
Mannheim;Stadt Mannheim;Stadtkreis Mannheim;Baden-Württemberg;082220000000;Stadt
Ellenberg;Gemeinde Ellenberg;Landkreis Ostalbkreis;Baden-Württemberg;081365003018;Gemeinde
Wiesloch;Stadt Wiesloch;Landkreis Rhein-Neckar-Kreis;Baden-Württemberg;082265010098;Stadt
Tiefenbronn;Gemeinde Tiefenbronn;Landkreis Enzkreis;Baden-Württemberg;082365007062;Gemeinde
Seewald;Gemeinde Seewald;Landkreis Freudenstadt;Baden-Württemberg;082375002073;Gemeinde
Glatten;Gemeinde Glatten;Landkreis Freudenstadt;Baden-Württemberg;082375001030;Gemeinde
Hartheim am Rhein;Gemeinde Hartheim am Rhein;Landkreis Breisgau-Hochschwarzwald;Baden-Württemberg;083155001048;Gemeinde
Münstertal/Schwarzwald;Gemeinde Münstertal/Schwarzwald;Landkreis Breisgau-Hochschwarzwald;Baden-Württemberg;083155016130;Gemeinde
Grünenbach;Gemeinde Grünenbach;Landkreis Lindau (Bodensee);Bayern;097765737113;Gemeinde
Stuer;Gemeinde Stuer;Landkreis Mecklenburgische Seenplatte;Mecklenburg-Vorpommern;130715159143;Gemeinde
Kargow;Gemeinde Kargow;Landkreis Mecklenburgische Seenplatte;Mecklenburg-Vorpommern;130715160071;Gemeinde
Jengen;Gemeinde Jengen;Landkreis Ostallgäu;Bayern;097775748140;Gemeinde
Altentreptow;Stadt Altentreptow;Landkreis Mecklenburgische Seenplatte;Mecklenburg-Vorpommern;130715163004;Stadt
Woggersin;Gemeinde Woggersin;Landkreis Mecklenburgische Seenplatte;Mecklenburg-Vorpommern;130715157161;Gemeinde
Gnevkow;Gemeinde Gnevkow;Landkreis Mecklenburgische Seenplatte;Mecklenburg-Vorpommern;130715163041;Gemeinde
Balgheim;Gemeinde Balgheim;Landkreis Tuttlingen;Baden-Württemberg;083275004005;Gemeinde
Brigachtal;Gemeinde Brigachtal;Landkreis Schwarzwald-Baar-Kreis;Baden-Württemberg;083265004075;Gemeinde
Hausen im Wiesental;Gemeinde Hausen im Wiesental;Landkreis Lörrach;Baden-Württemberg;083365007036;Gemeinde
Laufenburg (Baden);Stadt Laufenburg (Baden);Landkreis Waldshut;Baden-Württemberg;083370066066;Stadt
Römerstein;Gemeinde Römerstein;Landkreis Reutlingen;Baden-Württemberg;084155005088;Gemeinde
Hülben;Gemeinde Hülben;Landkreis Reutlingen;Baden-Württemberg;084155005039;Gemeinde
Rosenfeld;Stadt Rosenfeld;Landkreis Zollernalbkreis;Baden-Württemberg;084170054054;Stadt
Balzheim;Gemeinde Balzheim;Landkreis Alb-Donau-Kreis;Baden-Württemberg;084255003140;Gemeinde
Maselheim;Gemeinde Maselheim;Landkreis Biberach;Baden-Württemberg;084265003071;Gemeinde
Alerheim;Gemeinde Alerheim;Landkreis Donau-Ries;Bayern;097795722111;Gemeinde
Stelle-Wittenwurth;Gemeinde Stelle-Wittenwurth;Kreis Dithmarschen;Schleswig-Holstein;010515172107;Gemeinde
Bohmstedt;Gemeinde Bohmstedt;Kreis Nordfriesland;Schleswig-Holstein;010545494012;Gemeinde
Viereck;Gemeinde Viereck;Landkreis Vorpommern-Greifswald;Mecklenburg-Vorpommern;130755560138;Gemeinde
Emtinghausen;Gemeinde Emtinghausen;Landkreis Verden;Niedersachsen;033615401004;Gemeinde
Cappeln (Oldenburg);Gemeinde Cappeln (Oldenburg);Landkreis Cloppenburg;Niedersachsen;034530003003;Gemeinde
Seelbach (Westerwald);Gemeinde Seelbach (Westerwald);Landkreis Altenkirchen (Westerwald);Rheinland-Pfalz;071325010103;Gemeinde
Weyerbusch;Gemeinde Weyerbusch;Landkreis Altenkirchen (Westerwald);Rheinland-Pfalz;071325010115;Gemeinde
Oldenburg (Oldb);Stadt Oldenburg (Oldb);Kreisfreie Stadt Oldenburg (Oldb);Niedersachsen;034030000000;Stadt
Wilhelmshaven;Stadt Wilhelmshaven;Kreisfreie Stadt Wilhelmshaven;Niedersachsen;034050000000;Stadt
Wertach;Gemeinde Wertach;Landkreis Oberallgäu;Bayern;097800145145;Gemeinde
Weitnau;Gemeinde Weitnau;Landkreis Oberallgäu;Bayern;097805745144;Gemeinde
Gehofen;Gemeinde Gehofen;Landkreis Kyffhäuserkreis;Thüringen;160655055019;Gemeinde
Heimertingen;Gemeinde Heimertingen;Landkreis Unterallgäu;Bayern;097785761150;Gemeinde
Nehms;Gemeinde Nehms;Kreis Segeberg;Schleswig-Holstein;010605086060;Gemeinde
Oberarnbach;Gemeinde Oberarnbach;Landkreis Kaiserslautern;Rheinland-Pfalz;073355011031;Gemeinde
Mettendorf;Gemeinde Mettendorf;Landkreis Eifelkreis Bitburg-Prüm;Rheinland-Pfalz;072325005080;Gemeinde
Bargstall;Gemeinde Bargstall;Kreis Rendsburg-Eckernförde;Schleswig-Holstein;010585847010;Gemeinde
Lottorf;Gemeinde Lottorf;Kreis Schleswig-Flensburg;Schleswig-Holstein;010595915056;Gemeinde
Kelheim;Stadt Kelheim;Landkreis Kelheim;Bayern;092730137137;Stadt
Neuhaus a.d.Pegnitz;Gemeinde Neuhaus a.d.Pegnitz;Landkreis Nürnberger Land;Bayern;095740140140;Gemeinde
Uckerland;Gemeinde Uckerland;Landkreis Uckermark;Brandenburg;120730579579;Gemeinde
Oberstdorf;Gemeinde Oberstdorf;Landkreis Oberallgäu;Bayern;097800133133;Gemeinde
Greifswald;Stadt Greifswald;Landkreis Vorpommern-Greifswald;Mecklenburg-Vorpommern;130750039039;Stadt
Urleben;Gemeinde Urleben;Landkreis Unstrut-Hainich-Kreis;Thüringen;160645001064;Gemeinde
Ellingshausen;Gemeinde Ellingshausen;Landkreis Schmalkalden-Meiningen;Thüringen;160665014018;Gemeinde
Lemnitz;Gemeinde Lemnitz;Landkreis Saale-Orla-Kreis;Thüringen;160755011057;Gemeinde
Kanzach;Gemeinde Kanzach;Landkreis Biberach;Baden-Württemberg;084265001064;Gemeinde
Börger;Gemeinde Börger;Landkreis Emsland;Niedersachsen;034545407005;Gemeinde
Kollmoor;Gemeinde Kollmoor;Kreis Steinburg;Schleswig-Holstein;010615104053;Gemeinde
Welkenbach;Gemeinde Welkenbach;Landkreis Westerwaldkreis;Rheinland-Pfalz;071435002306;Gemeinde
Schlotfeld;Gemeinde Schlotfeld;Kreis Steinburg;Schleswig-Holstein;010615138098;Gemeinde
Hilgert;Gemeinde Hilgert;Landkreis Westerwaldkreis;Rheinland-Pfalz;071435003030;Gemeinde
Hennstedt;Gemeinde Hennstedt;Kreis Steinburg;Schleswig-Holstein;010615189036;Gemeinde
Stadtlohn;Stadt Stadtlohn;Kreis Borken;Nordrhein-Westfalen;055540056056;Stadt
Gollenberg;Gemeinde Gollenberg;Landkreis Birkenfeld;Rheinland-Pfalz;071345002031;Gemeinde
Schmidthachenbach;Gemeinde Schmidthachenbach;Landkreis Birkenfeld;Rheinland-Pfalz;071345005077;Gemeinde
Bad Klosterlausnitz;Gemeinde Bad Klosterlausnitz;Landkreis Saale-Holzland-Kreis;Thüringen;160745053003;Gemeinde
Grünebach;Gemeinde Grünebach;Landkreis Altenkirchen (Westerwald);Rheinland-Pfalz;071325009042;Gemeinde
Gebhardshain;Gemeinde Gebhardshain;Landkreis Altenkirchen (Westerwald);Rheinland-Pfalz;071325009039;Gemeinde
Ingelbach;Gemeinde Ingelbach;Landkreis Altenkirchen (Westerwald);Rheinland-Pfalz;071325010057;Gemeinde
Kraam;Gemeinde Kraam;Landkreis Altenkirchen (Westerwald);Rheinland-Pfalz;071325010064;Gemeinde
Kaifenheim;Gemeinde Kaifenheim;Landkreis Cochem-Zell;Rheinland-Pfalz;071355002043;Gemeinde
Mülheim-Kärlich;Stadt Mülheim-Kärlich;Landkreis Mayen-Koblenz;Rheinland-Pfalz;071375008216;Stadt
Wendlingen am Neckar;Stadt Wendlingen am Neckar;Landkreis Esslingen;Baden-Württemberg;081165009071;Stadt
Heßheim;Gemeinde Heßheim;Landkreis Rhein-Pfalz-Kreis;Rheinland-Pfalz;073385006012;Gemeinde
Westerwalsede;Gemeinde Westerwalsede;Landkreis Rotenburg (Wümme);Niedersachsen;033575401054;Gemeinde
Wachenheim an der Weinstraße;Stadt Wachenheim an der Weinstraße;Landkreis Bad Dürkheim;Rheinland-Pfalz;073325006046;Stadt
Laumersheim;Gemeinde Laumersheim;Landkreis Bad Dürkheim;Rheinland-Pfalz;073325007033;Gemeinde
Wiedergeltingen;Gemeinde Wiedergeltingen;Landkreis Unterallgäu;Bayern;097785764216;Gemeinde
Udenheim;Gemeinde Udenheim;Landkreis Alzey-Worms;Rheinland-Pfalz;073315006064;Gemeinde
Marxen;Gemeinde Marxen;Landkreis Harburg;Niedersachsen;033535402024;Gemeinde
Groß Schacksdorf-Simmersdorf;Gemeinde Groß Schacksdorf-Simmersdorf;Landkreis Spree-Neiße;Brandenburg;120715102153;Gemeinde
Lübberstorf;Gemeinde Lübberstorf;Landkreis Nordwestmecklenburg;Mecklenburg-Vorpommern;130745457046;Gemeinde
Altlußheim;Gemeinde Altlußheim;Landkreis Rhein-Neckar-Kreis;Baden-Württemberg;082265004003;Gemeinde
Lammershagen;Gemeinde Lammershagen;Kreis Plön;Schleswig-Holstein;010575775044;Gemeinde
Katzweiler;Gemeinde Katzweiler;Landkreis Kaiserslautern;Rheinland-Pfalz;073355010017;Gemeinde
Metzenhausen;Gemeinde Metzenhausen;Landkreis Rhein-Hunsrück-Kreis;Rheinland-Pfalz;071405004094;Gemeinde
Mutterschied;Gemeinde Mutterschied;Landkreis Rhein-Hunsrück-Kreis;Rheinland-Pfalz;071405008099;Gemeinde
Mengerschied;Gemeinde Mengerschied;Landkreis Rhein-Hunsrück-Kreis;Rheinland-Pfalz;071405008092;Gemeinde
Niedert;Gemeinde Niedert;Landkreis Rhein-Hunsrück-Kreis;Rheinland-Pfalz;071405009108;Gemeinde
Schellweiler;Gemeinde Schellweiler;Landkreis Kusel;Rheinland-Pfalz;073365010091;Gemeinde
Dänischenhagen;Gemeinde Dänischenhagen;Kreis Rendsburg-Eckernförde;Schleswig-Holstein;010585822037;Gemeinde
Lindenau;Gemeinde Lindenau;Landkreis Oberspreewald-Lausitz;Brandenburg;120665606188;Gemeinde
Bornich;Gemeinde Bornich;Landkreis Rhein-Lahn-Kreis;Rheinland-Pfalz;071415009016;Gemeinde
Eßweiler;Gemeinde Eßweiler;Landkreis Kusel;Rheinland-Pfalz;073365008023;Gemeinde
Föckelberg;Gemeinde Föckelberg;Landkreis Kusel;Rheinland-Pfalz;073365010025;Gemeinde
Büdlich;Gemeinde Büdlich;Landkreis Bernkastel-Wittlich;Rheinland-Pfalz;072315006203;Gemeinde
Großmaischeid;Gemeinde Großmaischeid;Landkreis Neuwied;Rheinland-Pfalz;071385003023;Gemeinde
Platten;Gemeinde Platten;Landkreis Bernkastel-Wittlich;Rheinland-Pfalz;072315008107;Gemeinde
Berschweiler bei Kirn;Gemeinde Berschweiler bei Kirn;Landkreis Birkenfeld;Rheinland-Pfalz;071345005009;Gemeinde
Lutzerath;Gemeinde Lutzerath;Landkreis Cochem-Zell;Rheinland-Pfalz;071355003057;Gemeinde
Brachtendorf;Gemeinde Brachtendorf;Landkreis Cochem-Zell;Rheinland-Pfalz;071355002011;Gemeinde
Mittelstrimmig;Gemeinde Mittelstrimmig;Landkreis Cochem-Zell;Rheinland-Pfalz;071355005061;Gemeinde
Polch;Stadt Polch;Landkreis Mayen-Koblenz;Rheinland-Pfalz;071375002089;Stadt
Burgen;Gemeinde Burgen;Landkreis Mayen-Koblenz;Rheinland-Pfalz;071375009206;Gemeinde
Brodenbach;Gemeinde Brodenbach;Landkreis Mayen-Koblenz;Rheinland-Pfalz;071375009205;Gemeinde
Baumgarten;Gemeinde Baumgarten;Landkreis Rostock;Mecklenburg-Vorpommern;130725252009;Gemeinde
Brunn;Gemeindefreies Gebiet Brunn;Landkreis Nürnberger Land;Bayern;095749452452;Gemeindefreies Gebiet
Göpfersdorf;Gemeinde Göpfersdorf;Landkreis Altenburger Land;Thüringen;160775051011;Gemeinde
Grimmen;Stadt Grimmen;Landkreis Vorpommern-Rügen;Mecklenburg-Vorpommern;130730035035;Stadt
Löbnitz;Gemeinde Löbnitz;Landkreis Vorpommern-Rügen;Mecklenburg-Vorpommern;130735352051;Gemeinde
Oesterwurth;Gemeinde Oesterwurth;Kreis Dithmarschen;Schleswig-Holstein;010515178140;Gemeinde
Lietzow;Gemeinde Lietzow;Landkreis Vorpommern-Rügen;Mecklenburg-Vorpommern;130735353049;Gemeinde
Dürnbucher Forst;Gemeindefreies Gebiet Dürnbucher Forst;Landkreis Kelheim;Bayern;092739451451;Gemeindefreies Gebiet
Gremersdorf-Buchholz;Gemeinde Gremersdorf-Buchholz;Landkreis Vorpommern-Rügen;Mecklenburg-Vorpommern;130735355034;Gemeinde
Velgast;Gemeinde Velgast;Landkreis Vorpommern-Rügen;Mecklenburg-Vorpommern;130735355096;Gemeinde
Straubing;Stadt Straubing;Kreisfreie Stadt Straubing;Bayern;092630000000;Stadt
Roggenstorf;Gemeinde Roggenstorf;Landkreis Nordwestmecklenburg;Mecklenburg-Vorpommern;130745453069;Gemeinde
Grafling;Gemeinde Grafling;Landkreis Deggendorf;Bayern;092710122122;Gemeinde
Dorf Mecklenburg;Gemeinde Dorf Mecklenburg;Landkreis Nordwestmecklenburg;Mecklenburg-Vorpommern;130745451019;Gemeinde
Pommelsbrunn;Gemeinde Pommelsbrunn;Landkreis Nürnberger Land;Bayern;095740147147;Gemeinde
Bad Kleinen;Gemeinde Bad Kleinen;Landkreis Nordwestmecklenburg;Mecklenburg-Vorpommern;130745451002;Gemeinde
Utecht;Gemeinde Utecht;Landkreis Nordwestmecklenburg;Mecklenburg-Vorpommern;130745458080;Gemeinde
Dersekow;Gemeinde Dersekow;Landkreis Vorpommern-Greifswald;Mecklenburg-Vorpommern;130755555027;Gemeinde
Vilsheim;Gemeinde Vilsheim;Landkreis Landshut;Bayern;092740185185;Gemeinde
Hetzles;Gemeinde Hetzles;Landkreis Forchheim;Bayern;094745426137;Gemeinde
Bergholz;Gemeinde Bergholz;Landkreis Vorpommern-Greifswald;Mecklenburg-Vorpommern;130755556011;Gemeinde
Penkun;Stadt Penkun;Landkreis Vorpommern-Greifswald;Mecklenburg-Vorpommern;130755556107;Stadt
Plöwen;Gemeinde Plöwen;Landkreis Vorpommern-Greifswald;Mecklenburg-Vorpommern;130755556108;Gemeinde
Loissin;Gemeinde Loissin;Landkreis Vorpommern-Greifswald;Mecklenburg-Vorpommern;130755557081;Gemeinde
Zinnowitz;Gemeinde Zinnowitz;Landkreis Vorpommern-Greifswald;Mecklenburg-Vorpommern;130755561151;Gemeinde
Eschau;Gemeinde Eschau;Landkreis Miltenberg;Bayern;096760123123;Gemeinde
Zachenberg;Gemeinde Zachenberg;Landkreis Regen;Bayern;092765238146;Gemeinde
Besenthal;Gemeinde Besenthal;Kreis Herzogtum Lauenburg;Schleswig-Holstein;010535318010;Gemeinde
Tann;Gemeinde Tann;Landkreis Rottal-Inn;Bayern;092775243148;Gemeinde
Pilsting;Gemeinde Pilsting;Landkreis Dingolfing-Landau;Bayern;092790132132;Gemeinde
Kümmersbruck;Gemeinde Kümmersbruck;Landkreis Amberg-Sulzbach;Bayern;093710136136;Gemeinde
Röllbach;Gemeinde Röllbach;Landkreis Miltenberg;Bayern;096765631151;Gemeinde
Ammerthal;Gemeinde Ammerthal;Landkreis Amberg-Sulzbach;Bayern;093710111111;Gemeinde
Arnschwang;Gemeinde Arnschwang;Landkreis Cham;Bayern;093720112112;Gemeinde
Krüzen;Gemeinde Krüzen;Kreis Herzogtum Lauenburg;Schleswig-Holstein;010535343073;Gemeinde
Niederviehbach;Gemeinde Niederviehbach;Landkreis Dingolfing-Landau;Bayern;092790130130;Gemeinde
Eichenberg;Gemeinde Eichenberg;Landkreis Hildburghausen;Thüringen;160695002011;Gemeinde
Dieterskirchen;Gemeinde Dieterskirchen;Landkreis Schwandorf;Bayern;093765345122;Gemeinde
Schülldorf;Gemeinde Schülldorf;Kreis Rendsburg-Eckernförde;Schleswig-Holstein;010585888146;Gemeinde
Schacht-Audorf;Gemeinde Schacht-Audorf;Kreis Rendsburg-Eckernförde;Schleswig-Holstein;010585888140;Gemeinde
Loop;Gemeinde Loop;Kreis Rendsburg-Eckernförde;Schleswig-Holstein;010585889098;Gemeinde
Hartmannsdorf;Gemeinde Hartmannsdorf;Landkreis Saale-Holzland-Kreis;Thüringen;160745005038;Gemeinde
Teunz;Gemeinde Teunz;Landkreis Schwandorf;Bayern;093765339171;Gemeinde
Johannesberg;Gemeinde Johannesberg;Landkreis Aschaffenburg;Bayern;096710133133;Gemeinde
Veitsbronn;Gemeinde Veitsbronn;Landkreis Fürth;Bayern;095735517130;Gemeinde
Reuth b.Erbendorf;Gemeinde Reuth b.Erbendorf;Landkreis Tirschenreuth;Bayern;093775350149;Gemeinde
Eibenstock;Stadt Eibenstock;Landkreis Erzgebirgskreis;Sachsen;145210170170;Stadt
Lößnitz;Stadt Lößnitz;Landkreis Erzgebirgskreis;Sachsen;145210370370;Stadt
Wehnde;Gemeinde Wehnde;Landkreis Eichsfeld;Thüringen;160615001103;Gemeinde
Klein Bünzow;Gemeinde Klein Bünzow;Landkreis Vorpommern-Greifswald;Mecklenburg-Vorpommern;130755563061;Gemeinde
Boizenburg/Elbe;Stadt Boizenburg/Elbe;Landkreis Ludwigslust-Parchim;Mecklenburg-Vorpommern;130760014014;Stadt
Claußnitz;Gemeinde Claußnitz;Landkreis Mittelsachsen;Sachsen;145220070070;Gemeinde
Brüel;Stadt Brüel;Landkreis Ludwigslust-Parchim;Mecklenburg-Vorpommern;130765664020;Stadt
Hilbersdorf;Gemeinde Hilbersdorf;Landkreis Greiz;Thüringen;160765004027;Gemeinde
Königshain-Wiederau;Gemeinde Königshain-Wiederau;Landkreis Mittelsachsen;Sachsen;145220290290;Gemeinde
Bad Bentheim;Stadt Bad Bentheim;Landkreis Grafschaft Bentheim;Niedersachsen;034560001001;Stadt
Hahnenbach;Gemeinde Hahnenbach;Landkreis Bad Kreuznach;Rheinland-Pfalz;071335009038;Gemeinde
Kellenbach;Gemeinde Kellenbach;Landkreis Bad Kreuznach;Rheinland-Pfalz;071335009202;Gemeinde
Badbergen;Gemeinde Badbergen;Landkreis Osnabrück;Niedersachsen;034595401007;Gemeinde
Lingen (Ems);Stadt Lingen (Ems);Landkreis Emsland;Niedersachsen;034540032032;Stadt
Lathen;Gemeinde Lathen;Landkreis Emsland;Niedersachsen;034545404029;Gemeinde
Lähden;Gemeinde Lähden;Landkreis Emsland;Niedersachsen;034545403026;Gemeinde
Emlichheim;Gemeinde Emlichheim;Landkreis Grafschaft Bentheim;Niedersachsen;034565401002;Gemeinde
Eschweiler;Stadt Eschweiler;Kreis Städteregion Aachen;Nordrhein-Westfalen;053340012012;Stadt
Köthel;Gemeinde Köthel;Kreis Herzogtum Lauenburg;Schleswig-Holstein;010535373070;Gemeinde
Monheim am Rhein;Stadt Monheim am Rhein;Kreis Mettmann;Nordrhein-Westfalen;051580026026;Stadt
Mühlenrade;Gemeinde Mühlenrade;Kreis Herzogtum Lauenburg;Schleswig-Holstein;010535373091;Gemeinde
Grefrath;Gemeinde Grefrath;Kreis Viersen;Nordrhein-Westfalen;051660008008;Gemeinde
Groß Boden;Gemeinde Groß Boden;Kreis Herzogtum Lauenburg;Schleswig-Holstein;010535391039;Gemeinde
Schöneck/Vogtl.;Stadt Schöneck/Vogtl.;Landkreis Vogtlandkreis;Sachsen;145235131370;Stadt
Fraureuth;Gemeinde Fraureuth;Landkreis Zwickau;Sachsen;145240060060;Gemeinde
Langenbernsdorf;Gemeinde Langenbernsdorf;Landkreis Zwickau;Sachsen;145240140140;Gemeinde
Ellenhausen;Gemeinde Ellenhausen;Landkreis Westerwaldkreis;Rheinland-Pfalz;071435007015;Gemeinde
Selters (Westerwald);Stadt Selters (Westerwald);Landkreis Westerwaldkreis;Rheinland-Pfalz;071435007067;Stadt
Oer-Erkenschwick;Stadt Oer-Erkenschwick;Kreis Recklinghausen;Nordrhein-Westfalen;055620028028;Stadt
Westerkappeln;Gemeinde Westerkappeln;Kreis Steinfurt;Nordrhein-Westfalen;055660092092;Gemeinde
Kriegsfeld;Gemeinde Kriegsfeld;Landkreis Donnersbergkreis;Rheinland-Pfalz;073335004040;Gemeinde
Marienmünster;Stadt Marienmünster;Kreis Höxter;Nordrhein-Westfalen;057620024024;Stadt
Hagenbüchach;Gemeinde Hagenbüchach;Landkreis Neustadt a.d.Aisch-Bad Windsheim;Bayern;095755520129;Gemeinde
Horn-Bad Meinberg;Stadt Horn-Bad Meinberg;Kreis Lippe;Nordrhein-Westfalen;057660032032;Stadt
Preußisch Oldendorf;Stadt Preußisch Oldendorf;Kreis Minden-Lübbecke;Nordrhein-Westfalen;057700036036;Stadt
Büren;Stadt Büren;Kreis Paderborn;Nordrhein-Westfalen;057740016016;Stadt
Wallersheim;Gemeinde Wallersheim;Landkreis Eifelkreis Bitburg-Prüm;Rheinland-Pfalz;072325006318;Gemeinde
Betzenstein;Stadt Betzenstein;Landkreis Bayreuth;Bayern;094725417118;Stadt
Meeder;Gemeinde Meeder;Landkreis Coburg;Bayern;094730144144;Gemeinde
Langenbacher Forst;Gemeindefreies Gebiet Langenbacher Forst;Landkreis Kronach;Bayern;094769453453;Gemeindefreies Gebiet
Callenberger Forst-West;Gemeindefreies Gebiet Callenberger Forst-West;Landkreis Coburg;Bayern;094739452452;Gemeindefreies Gebiet
Seegebiet Mansfelder Land;Gemeinde Seegebiet Mansfelder Land;Landkreis Mansfeld-Südharz;Sachsen-Anhalt;150870386386;Gemeinde
Klein Trebbow;Gemeinde Klein Trebbow;Landkreis Nordwestmecklenburg;Mecklenburg-Vorpommern;130745455038;Gemeinde
Heilbad Heiligenstadt;Stadt Heilbad Heiligenstadt;Landkreis Eichsfeld;Thüringen;160610045045;Stadt
Buhla;Gemeinde Buhla;Landkreis Eichsfeld;Thüringen;160615006019;Gemeinde
Lirstal;Gemeinde Lirstal;Landkreis Vulkaneifel;Rheinland-Pfalz;072335004224;Gemeinde
Rodenbach;Gemeinde Rodenbach;Landkreis Main-Kinzig-Kreis;Hessen;064350023023;Gemeinde
Basberg;Gemeinde Basberg;Landkreis Vulkaneifel;Rheinland-Pfalz;072335006002;Gemeinde
Berndorf;Gemeinde Berndorf;Landkreis Vulkaneifel;Rheinland-Pfalz;072335006005;Gemeinde
Wenden;Gemeinde Wenden;Kreis Olpe;Nordrhein-Westfalen;059660028028;Gemeinde
Esch;Gemeinde Esch;Landkreis Vulkaneifel;Rheinland-Pfalz;072335006022;Gemeinde
Erwitte;Stadt Erwitte;Kreis Soest;Nordrhein-Westfalen;059740016016;Stadt
Unna;Stadt Unna;Kreis Unna;Nordrhein-Westfalen;059780036036;Stadt
Friedberg (Hessen);Stadt Friedberg (Hessen);Landkreis Wetteraukreis;Hessen;064400008008;Stadt
Müllenbach;Gemeinde Müllenbach;Landkreis Cochem-Zell;Rheinland-Pfalz;071355002067;Gemeinde
Bad Soden am Taunus;Stadt Bad Soden am Taunus;Landkreis Main-Taunus-Kreis;Hessen;064360001001;Stadt
Hofheim am Taunus;Stadt Hofheim am Taunus;Landkreis Main-Taunus-Kreis;Hessen;064360007007;Stadt
Dolgesheim;Gemeinde Dolgesheim;Landkreis Mainz-Bingen;Rheinland-Pfalz;073395007013;Gemeinde
Ludwigshöhe;Gemeinde Ludwigshöhe;Landkreis Mainz-Bingen;Rheinland-Pfalz;073395007035;Gemeinde
Neustadt (Hessen);Stadt Neustadt (Hessen);Landkreis Marburg-Biedenkopf;Hessen;065340016016;Stadt
Presseck;Gemeinde Presseck;Landkreis Kulmbach;Bayern;094770148148;Gemeinde
Neuenstein;Gemeinde Neuenstein;Landkreis Hersfeld-Rotenburg;Hessen;066320014014;Gemeinde
Breuna;Gemeinde Breuna;Landkreis Kassel;Hessen;066330004004;Gemeinde
Hofgeismar;Stadt Hofgeismar;Landkreis Kassel;Hessen;066330013013;Stadt
Vellmar;Stadt Vellmar;Landkreis Kassel;Hessen;066330026026;Stadt
Erlangen;Stadt Erlangen;Kreisfreie Stadt Erlangen;Bayern;095620000000;Stadt
Dürrwangen;Gemeinde Dürrwangen;Landkreis Ansbach;Bayern;095710139139;Gemeinde
Au i.d.Hallertau;Gemeinde Au i.d.Hallertau;Landkreis Freising;Bayern;091780116116;Gemeinde
Schopfloch;Gemeinde Schopfloch;Landkreis Ansbach;Bayern;095710200200;Gemeinde
Windischleuba;Gemeinde Windischleuba;Landkreis Altenburger Land;Thüringen;160775004052;Gemeinde
Spardorf;Gemeinde Spardorf;Landkreis Erlangen-Höchstadt;Bayern;095725514154;Gemeinde
Forst Tennenlohe;Gemeindefreies Gebiet Forst Tennenlohe;Landkreis Erlangen-Höchstadt;Bayern;095729455455;Gemeindefreies Gebiet
Nennhausen;Gemeinde Nennhausen;Landkreis Havelland;Brandenburg;120635306212;Gemeinde
Wolfersdorf;Gemeinde Wolfersdorf;Landkreis Freising;Bayern;091785130156;Gemeinde
Ettal;Gemeinde Ettal;Landkreis Garmisch-Partenkirchen;Bayern;091805135115;Gemeinde
Oberschweinbach;Gemeinde Oberschweinbach;Landkreis Fürstenfeldbruck;Bayern;091795131140;Gemeinde
Weil;Gemeinde Weil;Landkreis Landsberg am Lech;Bayern;091810145145;Gemeinde
Stubben;Gemeinde Stubben;Kreis Herzogtum Lauenburg;Schleswig-Holstein;010535391124;Gemeinde
Bad Frankenhausen/Kyffhäuser;Stadt Bad Frankenhausen/Kyffhäuser;Landkreis Kyffhäuserkreis;Thüringen;160650003003;Stadt
Althüttendorf;Gemeinde Althüttendorf;Landkreis Barnim;Brandenburg;120605006012;Gemeinde
Nonnweiler;Gemeinde Nonnweiler;Landkreis St. Wendel;Saarland;100460115115;Gemeinde
Schorfheide;Gemeinde Schorfheide;Landkreis Barnim;Brandenburg;120600198198;Gemeinde
Henfstädt;Gemeinde Henfstädt;Landkreis Hildburghausen;Thüringen;160695002021;Gemeinde
Schlechtsart;Gemeinde Schlechtsart;Landkreis Hildburghausen;Thüringen;160695004041;Gemeinde
Prath;Gemeinde Prath;Landkreis Rhein-Lahn-Kreis;Rheinland-Pfalz;071415009112;Gemeinde
Bruch;Gemeinde Bruch;Landkreis Bernkastel-Wittlich;Rheinland-Pfalz;072315008013;Gemeinde
Hupperath;Gemeinde Hupperath;Landkreis Bernkastel-Wittlich;Rheinland-Pfalz;072315008062;Gemeinde
Veldenz;Gemeinde Veldenz;Landkreis Bernkastel-Wittlich;Rheinland-Pfalz;072315001126;Gemeinde
Brodersby;Gemeinde Brodersby;Kreis Rendsburg-Eckernförde;Schleswig-Holstein;010585893032;Gemeinde
Frankenblick;Gemeinde Frankenblick;Landkreis Sonneberg;Thüringen;160720023023;Gemeinde
Großeutersdorf;Gemeinde Großeutersdorf;Landkreis Saale-Holzland-Kreis;Thüringen;160745011031;Gemeinde
Hirschberg;Stadt Hirschberg;Landkreis Saale-Orla-Kreis;Thüringen;160750046046;Stadt
Peuschen;Gemeinde Peuschen;Landkreis Saale-Orla-Kreis;Thüringen;160755013081;Gemeinde
Doberlug-Kirchhain;Stadt Doberlug-Kirchhain;Landkreis Elbe-Elster;Brandenburg;120620092092;Stadt
Maitenbeth;Gemeinde Maitenbeth;Landkreis Mühldorf a.Inn;Bayern;091835183126;Gemeinde
Pullach i.Isartal;Gemeinde Pullach i.Isartal;Landkreis München;Bayern;091840139139;Gemeinde
Straßlach-Dingharting;Gemeinde Straßlach-Dingharting;Landkreis München;Bayern;091840144144;Gemeinde
Kirchdorf;Gemeinde Kirchdorf;Landkreis Mühldorf a.Inn;Bayern;091835147123;Gemeinde
Weisen;Gemeinde Weisen;Landkreis Prignitz;Brandenburg;120705001416;Gemeinde
Greding;Stadt Greding;Landkreis Roth;Bayern;095760122122;Stadt
Turnow-Preilack;Gemeinde Turnow-Preilack;Landkreis Spree-Neiße;Brandenburg;120715107401;Gemeinde
Lenzen (Elbe);Stadt Lenzen (Elbe);Landkreis Prignitz;Brandenburg;120705005244;Stadt
Schmalenberg;Gemeinde Schmalenberg;Landkreis Südwestpfalz;Rheinland-Pfalz;073405006044;Gemeinde
Obersimten;Gemeinde Obersimten;Landkreis Südwestpfalz;Rheinland-Pfalz;073405003036;Gemeinde
Ruppertsweiler;Gemeinde Ruppertsweiler;Landkreis Südwestpfalz;Rheinland-Pfalz;073405003040;Gemeinde
Nünschweiler;Gemeinde Nünschweiler;Landkreis Südwestpfalz;Rheinland-Pfalz;073405009035;Gemeinde
Leonberg;Stadt Leonberg;Landkreis Böblingen;Baden-Württemberg;081150028028;Stadt
Altdorf;Gemeinde Altdorf;Landkreis Böblingen;Baden-Württemberg;081155004002;Gemeinde
Eislingen/Fils;Stadt Eislingen/Fils;Landkreis Göppingen;Baden-Württemberg;081175003019;Stadt
Jockgrim;Gemeinde Jockgrim;Landkreis Germersheim;Rheinland-Pfalz;073345003012;Gemeinde
Preist;Gemeinde Preist;Landkreis Eifelkreis Bitburg-Prüm;Rheinland-Pfalz;072325007107;Gemeinde
Böchingen;Gemeinde Böchingen;Landkreis Südliche Weinstraße;Rheinland-Pfalz;073375005012;Gemeinde
Niederpierscheid;Gemeinde Niederpierscheid;Landkreis Eifelkreis Bitburg-Prüm;Rheinland-Pfalz;072325001277;Gemeinde
Buchet;Gemeinde Buchet;Landkreis Eifelkreis Bitburg-Prüm;Rheinland-Pfalz;072325006208;Gemeinde
Neuhütten;Gemeinde Neuhütten;Landkreis Trier-Saarburg;Rheinland-Pfalz;072355001093;Gemeinde
Trierweiler;Gemeinde Trierweiler;Landkreis Trier-Saarburg;Rheinland-Pfalz;072355007137;Gemeinde
Irsch;Gemeinde Irsch;Landkreis Trier-Saarburg;Rheinland-Pfalz;072355008052;Gemeinde
Taben-Rodt;Gemeinde Taben-Rodt;Landkreis Trier-Saarburg;Rheinland-Pfalz;072355008131;Gemeinde
Ellhöft;Gemeinde Ellhöft;Kreis Nordfriesland;Schleswig-Holstein;010545489027;Gemeinde
Bargteheide;Stadt Bargteheide;Kreis Stormarn;Schleswig-Holstein;010620006006;Stadt
Schlichting;Gemeinde Schlichting;Kreis Dithmarschen;Schleswig-Holstein;010515169102;Gemeinde
Oberlascheid;Gemeinde Oberlascheid;Landkreis Eifelkreis Bitburg-Prüm;Rheinland-Pfalz;072325006283;Gemeinde
Hasenkrug;Gemeinde Hasenkrug;Kreis Segeberg;Schleswig-Holstein;010605005035;Gemeinde
Travenbrück;Gemeinde Travenbrück;Kreis Stormarn;Schleswig-Holstein;010625207092;Gemeinde
Rüssingen;Gemeinde Rüssingen;Landkreis Donnersbergkreis;Rheinland-Pfalz;073335003064;Gemeinde
Felm;Gemeinde Felm;Kreis Rendsburg-Eckernförde;Schleswig-Holstein;010585824051;Gemeinde
Quickborn;Stadt Quickborn;Kreis Pinneberg;Schleswig-Holstein;010560041041;Stadt
Ascheberg (Holstein);Gemeinde Ascheberg (Holstein);Kreis Plön;Schleswig-Holstein;010570001001;Gemeinde
Hohenfelde;Gemeinde Hohenfelde;Kreis Plön;Schleswig-Holstein;010575727029;Gemeinde
Bendfeld;Gemeinde Bendfeld;Kreis Plön;Schleswig-Holstein;010575755006;Gemeinde
Martensrade;Gemeinde Martensrade;Kreis Plön;Schleswig-Holstein;010575775050;Gemeinde
Kappeln;Stadt Kappeln;Kreis Schleswig-Flensburg;Schleswig-Holstein;010590045045;Stadt
Janneby;Gemeinde Janneby;Kreis Schleswig-Flensburg;Schleswig-Holstein;010595912128;Gemeinde
Höchstenbach;Gemeinde Höchstenbach;Landkreis Westerwaldkreis;Rheinland-Pfalz;071435002241;Gemeinde
Hardebek;Gemeinde Hardebek;Kreis Segeberg;Schleswig-Holstein;010605005033;Gemeinde
Peine;Stadt Peine;Landkreis Peine;Niedersachsen;031570006006;Stadt
Bark;Gemeinde Bark;Kreis Segeberg;Schleswig-Holstein;010605053007;Gemeinde
Wendeburg;Gemeinde Wendeburg;Landkreis Peine;Niedersachsen;031570008008;Gemeinde
Duderstadt;Stadt Duderstadt;Landkreis Göttingen;Niedersachsen;031590010010;Stadt
Barwedel;Gemeinde Barwedel;Landkreis Gifhorn;Niedersachsen;031515401002;Gemeinde
Bahrdorf;Gemeinde Bahrdorf;Landkreis Helmstedt;Niedersachsen;031545404001;Gemeinde
Bühren;Gemeinde Bühren;Landkreis Göttingen;Niedersachsen;031595401008;Gemeinde
Staufenberg;Gemeinde Staufenberg;Landkreis Göttingen;Niedersachsen;031590034034;Gemeinde
Schöppenstedt;Stadt Schöppenstedt;Landkreis Wolfenbüttel;Niedersachsen;031585407027;Stadt
Hamm;Gemeinde Hamm;Landkreis Eifelkreis Bitburg-Prüm;Rheinland-Pfalz;072325008046;Gemeinde
Sulzfelder Forst;Gemeindefreies Gebiet Sulzfelder Forst;Landkreis Rhön-Grabfeld;Bayern;096739457457;Gemeindefreies Gebiet
Steinacher Forst r.d.Saale;Gemeindefreies Gebiet Steinacher Forst r.d.Saale;Landkreis Rhön-Grabfeld;Bayern;096739456456;Gemeindefreies Gebiet
Königsberg i.Bay.;Stadt Königsberg i.Bay.;Landkreis Haßberge;Bayern;096740164164;Stadt
Mainbernheim;Stadt Mainbernheim;Landkreis Kitzingen;Bayern;096750144144;Stadt
Meinheim;Gemeinde Meinheim;Landkreis Weißenburg-Gunzenhausen;Bayern;095775533150;Gemeinde
Oberleichtersbach;Gemeinde Oberleichtersbach;Landkreis Bad Kissingen;Bayern;096725606138;Gemeinde
Dreistelzer Forst;Gemeindefreies Gebiet Dreistelzer Forst;Landkreis Bad Kissingen;Bayern;096729451451;Gemeindefreies Gebiet
Neidenbach;Gemeinde Neidenbach;Landkreis Eifelkreis Bitburg-Prüm;Rheinland-Pfalz;072325008087;Gemeinde
Maasen;Gemeinde Maasen;Landkreis Diepholz;Niedersachsen;032515407024;Gemeinde
Harsum;Gemeinde Harsum;Landkreis Hildesheim;Niedersachsen;032540020020;Gemeinde
Moorweg;Gemeinde Moorweg;Landkreis Wittmund;Niedersachsen;034625401008;Gemeinde
Holzen;Gemeinde Holzen;Landkreis Holzminden;Niedersachsen;032555409022;Gemeinde
Eystrup;Gemeinde Eystrup;Landkreis Nienburg (Weser);Niedersachsen;032565409007;Gemeinde
Neustadt a.Main;Gemeinde Neustadt a.Main;Landkreis Main-Spessart;Bayern;096775624166;Gemeinde
Lohheide;Gemeindefreies Gebiet Lohheide;Landkreis Celle;Niedersachsen;033519501501;Gemeindefreies Gebiet
Üchtelhausen;Gemeinde Üchtelhausen;Landkreis Schweinfurt;Bayern;096780186186;Gemeinde
Geldersheim;Gemeinde Geldersheim;Landkreis Schweinfurt;Bayern;096780132132;Gemeinde
Neu-Isenburg;Stadt Neu-Isenburg;Landkreis Offenbach;Hessen;064380009009;Stadt
Hollenstedt;Gemeinde Hollenstedt;Landkreis Harburg;Niedersachsen;033535403019;Gemeinde
Bergen an der Dumme;Gemeinde Bergen an der Dumme;Landkreis Lüchow-Dannenberg;Niedersachsen;033545407001;Gemeinde
Schnega;Gemeinde Schnega;Landkreis Lüchow-Dannenberg;Niedersachsen;033545407022;Gemeinde
Lüneburg;Stadt Lüneburg;Landkreis Lüneburg;Niedersachsen;033550022022;Stadt
Grasberg;Gemeinde Grasberg;Landkreis Osterholz;Niedersachsen;033560002002;Gemeinde
Lindau (Bodensee);Stadt Lindau (Bodensee);Landkreis Lindau (Bodensee);Bayern;097760116116;Stadt
Grebenau;Stadt Grebenau;Landkreis Vogelsbergkreis;Hessen;065350006006;Stadt
Bad Schwalbach;Stadt Bad Schwalbach;Landkreis Rheingau-Taunus-Kreis;Hessen;064390002002;Stadt
Engelschoff;Gemeinde Engelschoff;Landkreis Stade;Niedersachsen;033595409015;Gemeinde
Nottensdorf;Gemeinde Nottensdorf;Landkreis Stade;Niedersachsen;033595405034;Gemeinde
Bliedersdorf;Gemeinde Bliedersdorf;Landkreis Stade;Niedersachsen;033595405007;Gemeinde
Rätzlingen;Gemeinde Rätzlingen;Landkreis Uelzen;Niedersachsen;033605404016;Gemeinde
Rheinbreitbach;Gemeinde Rheinbreitbach;Landkreis Neuwied;Rheinland-Pfalz;071385007062;Gemeinde
Pfedelbach;Gemeinde Pfedelbach;Landkreis Hohenlohekreis;Baden-Württemberg;081265005069;Gemeinde
Murrhardt;Stadt Murrhardt;Landkreis Rems-Murr-Kreis;Baden-Württemberg;081190044044;Stadt
Ittlingen;Gemeinde Ittlingen;Landkreis Heilbronn;Baden-Württemberg;081255004047;Gemeinde
Neudenau;Stadt Neudenau;Landkreis Heilbronn;Baden-Württemberg;081250068068;Stadt
Bad Friedrichshall;Stadt Bad Friedrichshall;Landkreis Heilbronn;Baden-Württemberg;081255001005;Stadt
Möckmühl;Stadt Möckmühl;Landkreis Heilbronn;Baden-Württemberg;081255007063;Stadt
Neckarsulm;Stadt Neckarsulm;Landkreis Heilbronn;Baden-Württemberg;081255008065;Stadt
Rotenburg (Wümme);Stadt Rotenburg (Wümme);Landkreis Rotenburg (Wümme);Niedersachsen;033570039039;Stadt
Heeslingen;Gemeinde Heeslingen;Landkreis Rotenburg (Wümme);Niedersachsen;033575408021;Gemeinde
Horstedt;Gemeinde Horstedt;Landkreis Rotenburg (Wümme);Niedersachsen;033575406028;Gemeinde
Ahlden (Aller);Gemeinde Ahlden (Aller);Landkreis Heidekreis;Niedersachsen;033585401001;Gemeinde
Wilsecker;Gemeinde Wilsecker;Landkreis Eifelkreis Bitburg-Prüm;Rheinland-Pfalz;072325008135;Gemeinde
Lindwedel;Gemeinde Lindwedel;Landkreis Heidekreis;Niedersachsen;033585403015;Gemeinde
Königswartha;Gemeinde Königswartha;Landkreis Bautzen;Sachsen;146250280280;Gemeinde
Bismark (Altmark);Stadt Bismark (Altmark);Landkreis Stendal;Sachsen-Anhalt;150900070070;Stadt
Wilthen;Stadt Wilthen;Landkreis Bautzen;Sachsen;146250630630;Stadt
Räckelwitz;Gemeinde Räckelwitz;Landkreis Bautzen;Sachsen;146255501470;Gemeinde
Schöpstal;Gemeinde Schöpstal;Landkreis Görlitz;Sachsen;146265503520;Gemeinde
Blaufelden;Gemeinde Blaufelden;Landkreis Schwäbisch Hall;Baden-Württemberg;081270008008;Gemeinde
Neustadt in Sachsen;Stadt Neustadt in Sachsen;Landkreis Sächsische Schweiz-Osterzgebirge;Sachsen;146280260260;Stadt
Königstein/Sächs.Schw.;Stadt Königstein/Sächs.Schw.;Landkreis Sächsische Schweiz-Osterzgebirge;Sachsen;146285219210;Stadt
Lichtenstein/Sa.;Stadt Lichtenstein/Sa.;Landkreis Zwickau;Sachsen;145245128160;Stadt
Hirschfeld;Gemeinde Hirschfeld;Landkreis Zwickau;Sachsen;145245111110;Gemeinde
Flechtingen;Gemeinde Flechtingen;Landkreis Börde;Sachsen-Anhalt;150835052230;Gemeinde
Giersleben;Gemeinde Giersleben;Landkreis Salzlandkreis;Sachsen-Anhalt;150895052130;Gemeinde
Trebsen/Mulde;Stadt Trebsen/Mulde;Landkreis Leipzig;Sachsen;147290400400;Stadt
Elsnig;Gemeinde Elsnig;Landkreis Nordsachsen;Sachsen;147305303120;Gemeinde
Haßmersheim;Gemeinde Haßmersheim;Landkreis Neckar-Odenwald-Kreis;Baden-Württemberg;082255002033;Gemeinde
Lauf;Gemeinde Lauf;Landkreis Ortenaukreis;Baden-Württemberg;083175001068;Gemeinde
List auf Sylt;Gemeinde List auf Sylt;Kreis Nordfriesland;Schleswig-Holstein;010545439078;Gemeinde
Täferrot;Gemeinde Täferrot;Landkreis Ostalbkreis;Baden-Württemberg;081365008070;Gemeinde
Karlsbad;Gemeinde Karlsbad;Landkreis Karlsruhe;Baden-Württemberg;082150096096;Gemeinde
Stutensee;Stadt Stutensee;Landkreis Karlsruhe;Baden-Württemberg;082150109109;Stadt
Königsfeld im Schwarzwald;Gemeinde Königsfeld im Schwarzwald;Landkreis Schwarzwald-Baar-Kreis;Baden-Württemberg;083260031031;Gemeinde
Bollewick;Gemeinde Bollewick;Landkreis Mecklenburgische Seenplatte;Mecklenburg-Vorpommern;130715159013;Gemeinde
Wasserburg (Bodensee);Gemeinde Wasserburg (Bodensee);Landkreis Lindau (Bodensee);Bayern;097760128128;Gemeinde
Hirschfeld;Gemeinde Hirschfeld;Landkreis Elbe-Elster;Brandenburg;120625211232;Gemeinde
Gestratz;Gemeinde Gestratz;Landkreis Lindau (Bodensee);Bayern;097765737112;Gemeinde
Klocksin;Gemeinde Klocksin;Landkreis Mecklenburgische Seenplatte;Mecklenburg-Vorpommern;130715160078;Gemeinde
Irsee;Gemeinde Irsee;Landkreis Ostallgäu;Bayern;097775749139;Gemeinde
Zettemin;Gemeinde Zettemin;Landkreis Mecklenburgische Seenplatte;Mecklenburg-Vorpommern;130715162169;Gemeinde
Böttingen;Gemeinde Böttingen;Landkreis Tuttlingen;Baden-Württemberg;083275004006;Gemeinde
Steinen;Gemeinde Steinen;Landkreis Lörrach;Baden-Württemberg;083360084084;Gemeinde
Görwihl;Gemeinde Görwihl;Landkreis Waldshut;Baden-Württemberg;083370038038;Gemeinde
Häusern;Gemeinde Häusern;Landkreis Waldshut;Baden-Württemberg;083375006045;Gemeinde
Atting;Gemeinde Atting;Landkreis Straubing-Bogen;Bayern;092785250117;Gemeinde
Datzetal;Gemeinde Datzetal;Landkreis Mecklenburgische Seenplatte;Mecklenburg-Vorpommern;130715152028;Gemeinde
Kublank;Gemeinde Kublank;Landkreis Mecklenburgische Seenplatte;Mecklenburg-Vorpommern;130715164083;Gemeinde
Sponholz;Gemeinde Sponholz;Landkreis Mecklenburgische Seenplatte;Mecklenburg-Vorpommern;130715157140;Gemeinde
Obernheim;Gemeinde Obernheim;Landkreis Zollernalbkreis;Baden-Württemberg;084175005047;Gemeinde
Nusplingen;Gemeinde Nusplingen;Landkreis Zollernalbkreis;Baden-Württemberg;084175005045;Gemeinde
Hoßkirch;Gemeinde Hoßkirch;Landkreis Ravensburg;Baden-Württemberg;084365001047;Gemeinde
Ochsenhausen;Stadt Ochsenhausen;Landkreis Biberach;Baden-Württemberg;084265006087;Stadt
Wain;Gemeinde Wain;Landkreis Biberach;Baden-Württemberg;084265009125;Gemeinde
Neukirch;Gemeinde Neukirch;Landkreis Bodenseekreis;Baden-Württemberg;084355006042;Gemeinde
Mertendorf;Gemeinde Mertendorf;Landkreis Burgenlandkreis;Sachsen-Anhalt;150845054335;Gemeinde
Aulendorf;Stadt Aulendorf;Landkreis Ravensburg;Baden-Württemberg;084360008008;Stadt
Lützen;Stadt Lützen;Landkreis Burgenlandkreis;Sachsen-Anhalt;150840315315;Stadt
Langenhorn;Gemeinde Langenhorn;Kreis Nordfriesland;Schleswig-Holstein;010545494075;Gemeinde
Osterwieck;Stadt Osterwieck;Landkreis Harz;Sachsen-Anhalt;150850230230;Stadt
Almdorf;Gemeinde Almdorf;Kreis Nordfriesland;Schleswig-Holstein;010545494006;Gemeinde
Erlbach;Gemeinde Erlbach;Landkreis Altötting;Bayern;091715104115;Gemeinde
Neuötting;Stadt Neuötting;Landkreis Altötting;Bayern;091710125125;Stadt
Tyrlaching;Gemeinde Tyrlaching;Landkreis Altötting;Bayern;091715102134;Gemeinde
Wiesmoor;Stadt Wiesmoor;Landkreis Aurich;Niedersachsen;034520025025;Stadt
Südbrookmerland;Gemeinde Südbrookmerland;Landkreis Aurich;Niedersachsen;034520023023;Gemeinde
Bösel;Gemeinde Bösel;Landkreis Cloppenburg;Niedersachsen;034530002002;Gemeinde
Erkheim;Gemeinde Erkheim;Landkreis Unterallgäu;Bayern;097785762136;Gemeinde
Obermaiselstein;Gemeinde Obermaiselstein;Landkreis Oberallgäu;Bayern;097805742131;Gemeinde
Birkenwerder;Gemeinde Birkenwerder;Landkreis Oberhavel;Brandenburg;120650036036;Gemeinde
Bad Wörishofen;Stadt Bad Wörishofen;Landkreis Unterallgäu;Bayern;097780116116;Stadt
Tarbek;Gemeinde Tarbek;Kreis Segeberg;Schleswig-Holstein;010605024086;Gemeinde
Neuheilenbach;Gemeinde Neuheilenbach;Landkreis Eifelkreis Bitburg-Prüm;Rheinland-Pfalz;072325008273;Gemeinde
Sponheim;Gemeinde Sponheim;Landkreis Bad Kreuznach;Rheinland-Pfalz;071335006101;Gemeinde
Rüscheid;Gemeinde Rüscheid;Landkreis Neuwied;Rheinland-Pfalz;071385009066;Gemeinde
Ahlen;Stadt Ahlen;Kreis Warendorf;Nordrhein-Westfalen;055700004004;Stadt
Veltheim (Ohe);Gemeinde Veltheim (Ohe);Landkreis Wolfenbüttel;Niedersachsen;031585406033;Gemeinde
Steinau an der Straße;Stadt Steinau an der Straße;Landkreis Main-Kinzig-Kreis;Hessen;064350028028;Stadt
Dauwelshausen;Gemeinde Dauwelshausen;Landkreis Eifelkreis Bitburg-Prüm;Rheinland-Pfalz;072325005025;Gemeinde
Starkenburg;Gemeinde Starkenburg;Landkreis Bernkastel-Wittlich;Rheinland-Pfalz;072315009120;Gemeinde
Nußloch;Gemeinde Nußloch;Landkreis Rhein-Neckar-Kreis;Baden-Württemberg;082260060060;Gemeinde
Schöps;Gemeinde Schöps;Landkreis Saale-Holzland-Kreis;Thüringen;160745011087;Gemeinde
Rottenburg am Neckar;Stadt Rottenburg am Neckar;Landkreis Tübingen;Baden-Württemberg;084165003036;Stadt
Haunstetter Forst;Gemeindefreies Gebiet Haunstetter Forst;Landkreis Eichstätt;Bayern;091769451451;Gemeindefreies Gebiet
Ottensoos;Gemeinde Ottensoos;Landkreis Nürnberger Land;Bayern;095740146146;Gemeinde
Hessisch Oldendorf;Stadt Hessisch Oldendorf;Landkreis Hameln-Pyrmont;Niedersachsen;032520007007;Stadt
Karbach;Gemeinde Karbach;Landkreis Rhein-Hunsrück-Kreis;Rheinland-Pfalz;071405009063;Gemeinde
Werne;Stadt Werne;Kreis Unna;Nordrhein-Westfalen;059780040040;Stadt
Creglingen;Stadt Creglingen;Landkreis Main-Tauber-Kreis;Baden-Württemberg;081280020020;Stadt
Markt Indersdorf;Gemeinde Markt Indersdorf;Landkreis Dachau;Bayern;091740131131;Gemeinde
Meesiger;Gemeinde Meesiger;Landkreis Mecklenburgische Seenplatte;Mecklenburg-Vorpommern;130715151096;Gemeinde
Schrobenhausen;Stadt Schrobenhausen;Landkreis Neuburg-Schrobenhausen;Bayern;091850158158;Stadt
Buchfart;Gemeinde Buchfart;Landkreis Weimarer Land;Thüringen;160715008009;Gemeinde
Lalling;Gemeinde Lalling;Landkreis Deggendorf;Bayern;092715202130;Gemeinde
Fürstenzell;Gemeinde Fürstenzell;Landkreis Passau;Bayern;092750122122;Gemeinde
Landshut;Stadt Landshut;Kreisfreie Stadt Landshut;Bayern;092610000000;Stadt
Wilhelmsthal;Gemeinde Wilhelmsthal;Landkreis Kronach;Bayern;094760189189;Gemeinde
Burkardroth;Gemeinde Burkardroth;Landkreis Bad Kissingen;Bayern;096720117117;Gemeinde
Haundorf;Gemeinde Haundorf;Landkreis Weißenburg-Gunzenhausen;Bayern;095775532138;Gemeinde
Rockstedt;Gemeinde Rockstedt;Landkreis Kyffhäuserkreis;Thüringen;160655052058;Gemeinde
Neuzelle;Gemeinde Neuzelle;Landkreis Oder-Spree;Brandenburg;120675705357;Gemeinde
Treuenbrietzen;Stadt Treuenbrietzen;Landkreis Potsdam-Mittelmark;Brandenburg;120690632632;Stadt
Forst (Lausitz);Stadt Forst (Lausitz);Landkreis Spree-Neiße;Brandenburg;120710076076;Stadt
Pegau;Stadt Pegau;Landkreis Leipzig;Sachsen;147295308350;Stadt
Irmtraut;Gemeinde Irmtraut;Landkreis Westerwaldkreis;Rheinland-Pfalz;071435006246;Gemeinde
Gödenroth;Gemeinde Gödenroth;Landkreis Rhein-Hunsrück-Kreis;Rheinland-Pfalz;071405003042;Gemeinde
Pluwig;Gemeinde Pluwig;Landkreis Trier-Saarburg;Rheinland-Pfalz;072355004107;Gemeinde
Baden-Baden;Stadt Baden-Baden;Stadtkreis Baden-Baden;Baden-Württemberg;082110000000;Stadt
Ortenberg;Gemeinde Ortenberg;Landkreis Ortenaukreis;Baden-Württemberg;083175010100;Gemeinde
Wackersberg;Gemeinde Wackersberg;Landkreis Bad Tölz-Wolfratshausen;Bayern;091730145145;Gemeinde
Einhausen;Gemeinde Einhausen;Landkreis Schmalkalden-Meiningen;Thüringen;160665014017;Gemeinde
Zingst;Gemeinde Zingst;Landkreis Vorpommern-Rügen;Mecklenburg-Vorpommern;130730105105;Gemeinde
Emmendorf;Gemeinde Emmendorf;Landkreis Uelzen;Niedersachsen;033605407008;Gemeinde
Nordhackstedt;Gemeinde Nordhackstedt;Kreis Schleswig-Flensburg;Schleswig-Holstein;010595952149;Gemeinde
Mözen;Gemeinde Mözen;Kreis Segeberg;Schleswig-Holstein;010605053057;Gemeinde
Buchhorst;Gemeinde Buchhorst;Kreis Herzogtum Lauenburg;Schleswig-Holstein;010535343019;Gemeinde
Kindsbach;Gemeinde Kindsbach;Landkreis Kaiserslautern;Rheinland-Pfalz;073355011018;Gemeinde
Schneverdingen;Stadt Schneverdingen;Landkreis Heidekreis;Niedersachsen;033580019019;Stadt
Schortens;Stadt Schortens;Landkreis Friesland;Niedersachsen;034550015015;Stadt
Thurmansbang;Gemeinde Thurmansbang;Landkreis Freyung-Grafenau;Bayern;092725213150;Gemeinde
Berg;Gemeinde Berg;Landkreis Hof;Bayern;094750113113;Gemeinde
Harburg (Schwaben);Stadt Harburg (Schwaben);Landkreis Donau-Ries;Bayern;097790155155;Stadt
Mittenwalde;Gemeinde Mittenwalde;Landkreis Uckermark;Brandenburg;120735305404;Gemeinde
Waltersdorf;Gemeinde Waltersdorf;Landkreis Saale-Holzland-Kreis;Thüringen;160745007107;Gemeinde
Dassow;Stadt Dassow;Landkreis Nordwestmecklenburg;Mecklenburg-Vorpommern;130745459017;Stadt
Nossen;Stadt Nossen;Landkreis Meißen;Sachsen;146270180180;Stadt
Gommern;Stadt Gommern;Landkreis Jerichower Land;Sachsen-Anhalt;150860055055;Stadt
Möser;Gemeinde Möser;Landkreis Jerichower Land;Sachsen-Anhalt;150860145145;Gemeinde
Frankenheim/Rhön;Gemeinde Frankenheim/Rhön;Landkreis Schmalkalden-Meiningen;Thüringen;160665005024;Gemeinde
Berching;Stadt Berching;Landkreis Neumarkt i.d.OPf.;Bayern;093730112112;Stadt
Grunow-Dammendorf;Gemeinde Grunow-Dammendorf;Landkreis Oder-Spree;Brandenburg;120675708205;Gemeinde
Spreenhagen;Gemeinde Spreenhagen;Landkreis Oder-Spree;Brandenburg;120675709469;Gemeinde
Penzlin;Stadt Penzlin;Landkreis Mecklenburgische Seenplatte;Mecklenburg-Vorpommern;130715158115;Stadt
Fürstenberg/Havel;Stadt Fürstenberg/Havel;Landkreis Oberhavel;Brandenburg;120650084084;Stadt
Görlitz;Stadt Görlitz;Landkreis Görlitz;Sachsen;146260110110;Stadt
Zerbst/Anhalt;Stadt Zerbst/Anhalt;Landkreis Anhalt-Bitterfeld;Sachsen-Anhalt;150820430430;Stadt
Oebisfelde-Weferlingen;Stadt Oebisfelde-Weferlingen;Landkreis Börde;Sachsen-Anhalt;150830411411;Stadt
Bellstedt;Gemeinde Bellstedt;Landkreis Kyffhäuserkreis;Thüringen;160655052005;Gemeinde
Sudwalde;Gemeinde Sudwalde;Landkreis Diepholz;Niedersachsen;032515406038;Gemeinde
Eimen;Gemeinde Eimen;Landkreis Holzminden;Niedersachsen;032555409012;Gemeinde
Beckedorf;Gemeinde Beckedorf;Landkreis Schaumburg;Niedersachsen;032575402007;Gemeinde
Meura;Gemeinde Meura;Landkreis Saalfeld-Rudolstadt;Thüringen;160735012055;Gemeinde
Südlohn;Gemeinde Südlohn;Kreis Borken;Nordrhein-Westfalen;055540060060;Gemeinde
Zöllnitz;Gemeinde Zöllnitz;Landkreis Saale-Holzland-Kreis;Thüringen;160745011114;Gemeinde
Breitscheidt;Gemeinde Breitscheidt;Landkreis Altenkirchen (Westerwald);Rheinland-Pfalz;071325006013;Gemeinde
Kirschkau;Gemeinde Kirschkau;Landkreis Saale-Orla-Kreis;Thüringen;160755004048;Gemeinde
Almersbach;Gemeinde Almersbach;Landkreis Altenkirchen (Westerwald);Rheinland-Pfalz;071325010001;Gemeinde
Gieleroth;Gemeinde Gieleroth;Landkreis Altenkirchen (Westerwald);Rheinland-Pfalz;071325010040;Gemeinde
Leitzweiler;Gemeinde Leitzweiler;Landkreis Birkenfeld;Rheinland-Pfalz;071345001051;Gemeinde
Eppenberg;Gemeinde Eppenberg;Landkreis Cochem-Zell;Rheinland-Pfalz;071355002026;Gemeinde
Eulgem;Gemeinde Eulgem;Landkreis Cochem-Zell;Rheinland-Pfalz;071355002028;Gemeinde
Kettig;Gemeinde Kettig;Landkreis Mayen-Koblenz;Rheinland-Pfalz;071375008211;Gemeinde
Holzmaden;Gemeinde Holzmaden;Landkreis Esslingen;Baden-Württemberg;081165008029;Gemeinde
Urmitz;Gemeinde Urmitz;Landkreis Mayen-Koblenz;Rheinland-Pfalz;071375008225;Gemeinde
Hirten;Gemeinde Hirten;Landkreis Mayen-Koblenz;Rheinland-Pfalz;071375003036;Gemeinde
Bad Boll;Gemeinde Bad Boll;Landkreis Göppingen;Baden-Württemberg;081175009012;Gemeinde
Hattenhofen;Gemeinde Hattenhofen;Landkreis Göppingen;Baden-Württemberg;081175009029;Gemeinde
Kuden;Gemeinde Kuden;Kreis Dithmarschen;Schleswig-Holstein;010515163064;Gemeinde
Walsheim;Gemeinde Walsheim;Landkreis Südliche Weinstraße;Rheinland-Pfalz;073375005082;Gemeinde
Heuchelheim bei Frankenthal;Gemeinde Heuchelheim bei Frankenthal;Landkreis Rhein-Pfalz-Kreis;Rheinland-Pfalz;073385006013;Gemeinde
Affalterbach;Gemeinde Affalterbach;Landkreis Ludwigsburg;Baden-Württemberg;081185005001;Gemeinde
Ochtendung;Gemeinde Ochtendung;Landkreis Mayen-Koblenz;Rheinland-Pfalz;071375002086;Gemeinde
Maxdorf;Gemeinde Maxdorf;Landkreis Rhein-Pfalz-Kreis;Rheinland-Pfalz;073385004018;Gemeinde
Uhler;Gemeinde Uhler;Landkreis Rhein-Hunsrück-Kreis;Rheinland-Pfalz;071405003153;Gemeinde
Wendtorf;Gemeinde Wendtorf;Kreis Plön;Schleswig-Holstein;010575755087;Gemeinde
Melchow;Gemeinde Melchow;Landkreis Barnim;Brandenburg;120605003161;Gemeinde
Wonsheim;Gemeinde Wonsheim;Landkreis Alzey-Worms;Rheinland-Pfalz;073315005075;Gemeinde
Felixsee;Gemeinde Felixsee;Landkreis Spree-Neiße;Brandenburg;120715102074;Gemeinde
Brockel;Gemeinde Brockel;Landkreis Rotenburg (Wümme);Niedersachsen;033575401009;Gemeinde
Oppertshausen;Gemeinde Oppertshausen;Landkreis Rhein-Hunsrück-Kreis;Rheinland-Pfalz;071405008115;Gemeinde
Kümbdchen;Gemeinde Kümbdchen;Landkreis Rhein-Hunsrück-Kreis;Rheinland-Pfalz;071405008077;Gemeinde
Handorf;Gemeinde Handorf;Landkreis Lüneburg;Niedersachsen;033555402017;Gemeinde
Lipporn;Gemeinde Lipporn;Landkreis Rhein-Lahn-Kreis;Rheinland-Pfalz;071415007080;Gemeinde
Lautert;Gemeinde Lautert;Landkreis Rhein-Lahn-Kreis;Rheinland-Pfalz;071415007078;Gemeinde
Kemmenau;Gemeinde Kemmenau;Landkreis Rhein-Lahn-Kreis;Rheinland-Pfalz;071415010071;Gemeinde
Niederwallmenach;Gemeinde Niederwallmenach;Landkreis Rhein-Lahn-Kreis;Rheinland-Pfalz;071415007097;Gemeinde
Rettershain;Gemeinde Rettershain;Landkreis Rhein-Lahn-Kreis;Rheinland-Pfalz;071415007116;Gemeinde
Nußbach;Gemeinde Nußbach;Landkreis Kusel;Rheinland-Pfalz;073365008069;Gemeinde
Gries;Gemeinde Gries;Landkreis Kusel;Rheinland-Pfalz;073365009032;Gemeinde
Matzenbach;Gemeinde Matzenbach;Landkreis Kusel;Rheinland-Pfalz;073365009107;Gemeinde
Reesdorf;Gemeinde Reesdorf;Kreis Rendsburg-Eckernförde;Schleswig-Holstein;010585889133;Gemeinde
Dohr;Gemeinde Dohr;Landkreis Cochem-Zell;Rheinland-Pfalz;071355001021;Gemeinde
Wagenhausen;Gemeinde Wagenhausen;Landkreis Cochem-Zell;Rheinland-Pfalz;071355003087;Gemeinde
Obernzenn;Gemeinde Obernzenn;Landkreis Neustadt a.d.Aisch-Bad Windsheim;Bayern;095750156156;Gemeinde
Tarnow;Gemeinde Tarnow;Landkreis Rostock;Mecklenburg-Vorpommern;130725252104;Gemeinde
Wittenbeck;Gemeinde Wittenbeck;Landkreis Rostock;Mecklenburg-Vorpommern;130725251117;Gemeinde
Lohmen;Gemeinde Lohmen;Landkreis Rostock;Mecklenburg-Vorpommern;130725255067;Gemeinde
Gnoien;Stadt Gnoien;Landkreis Rostock;Mecklenburg-Vorpommern;130725254035;Stadt
Schwarzenbruck;Gemeinde Schwarzenbruck;Landkreis Nürnberger Land;Bayern;095740157157;Gemeinde
Burghaslach;Gemeinde Burghaslach;Landkreis Neustadt a.d.Aisch-Bad Windsheim;Bayern;095750116116;Gemeinde
Dietersheim;Gemeinde Dietersheim;Landkreis Neustadt a.d.Aisch-Bad Windsheim;Bayern;095750119119;Gemeinde
Rögnitz;Gemeinde Rögnitz;Landkreis Nordwestmecklenburg;Mecklenburg-Vorpommern;130745452070;Gemeinde
Herbsleben;Gemeinde Herbsleben;Landkreis Unstrut-Hainich-Kreis;Thüringen;160645051022;Gemeinde
Pantelitz;Gemeinde Pantelitz;Landkreis Vorpommern-Rügen;Mecklenburg-Vorpommern;130735358061;Gemeinde
Zirkow;Gemeinde Zirkow;Landkreis Vorpommern-Rügen;Mecklenburg-Vorpommern;130735357106;Gemeinde
Iffeldorf;Gemeinde Iffeldorf;Landkreis Weilheim-Schongau;Bayern;091905179132;Gemeinde
Grevesmühlen;Stadt Grevesmühlen;Landkreis Nordwestmecklenburg;Mecklenburg-Vorpommern;130740026026;Stadt
Lützow;Gemeinde Lützow;Landkreis Nordwestmecklenburg;Mecklenburg-Vorpommern;130745455050;Gemeinde
Passee;Gemeinde Passee;Landkreis Nordwestmecklenburg;Mecklenburg-Vorpommern;130745457060;Gemeinde
Warnow;Gemeinde Warnow;Landkreis Nordwestmecklenburg;Mecklenburg-Vorpommern;130745453085;Gemeinde
Eppenschlag;Gemeinde Eppenschlag;Landkreis Freyung-Grafenau;Bayern;092725211116;Gemeinde
Neufahrn i.NB;Gemeinde Neufahrn i.NB;Landkreis Landshut;Bayern;092740153153;Gemeinde
Fürsteneck;Gemeinde Fürsteneck;Landkreis Freyung-Grafenau;Bayern;092725214119;Gemeinde
Sankt Oswald;Gemeindefreies Gebiet Sankt Oswald;Landkreis Freyung-Grafenau;Bayern;092729459459;Gemeindefreies Gebiet
Pleckensteiner Wald;Gemeindefreies Gebiet Pleckensteiner Wald;Landkreis Freyung-Grafenau;Bayern;092729458458;Gemeindefreies Gebiet
Neetzow-Liepen;Gemeinde Neetzow-Liepen;Landkreis Vorpommern-Greifswald;Mecklenburg-Vorpommern;130755553155;Gemeinde
Furth;Gemeinde Furth;Landkreis Landshut;Bayern;092745221132;Gemeinde
Schalkham;Gemeinde Schalkham;Landkreis Landshut;Bayern;092745223179;Gemeinde
Blankensee;Gemeinde Blankensee;Landkreis Vorpommern-Greifswald;Mecklenburg-Vorpommern;130755556012;Gemeinde
Rubenow;Gemeinde Rubenow;Landkreis Vorpommern-Greifswald;Mecklenburg-Vorpommern;130755557120;Gemeinde
Teisnach;Gemeinde Teisnach;Landkreis Regen;Bayern;092760143143;Gemeinde
Unterdietfurt;Gemeinde Unterdietfurt;Landkreis Rottal-Inn;Bayern;092770151151;Gemeinde
Hammer a.d.Uecker;Gemeinde Hammer a.d.Uecker;Landkreis Vorpommern-Greifswald;Mecklenburg-Vorpommern;130755559045;Gemeinde
Göldenitz;Gemeinde Göldenitz;Kreis Herzogtum Lauenburg;Schleswig-Holstein;010535308034;Gemeinde
Alt-Mölln;Gemeinde Alt-Mölln;Kreis Herzogtum Lauenburg;Schleswig-Holstein;010535313002;Gemeinde
Bliestorf;Gemeinde Bliestorf;Kreis Herzogtum Lauenburg;Schleswig-Holstein;010535308011;Gemeinde
Langenlehsten;Gemeinde Langenlehsten;Kreis Herzogtum Lauenburg;Schleswig-Holstein;010535318080;Gemeinde
Simbach a.Inn;Stadt Simbach a.Inn;Landkreis Rottal-Inn;Bayern;092770145145;Stadt
Rugendorf;Gemeinde Rugendorf;Landkreis Kulmbach;Bayern;094775435151;Gemeinde
Roseburg;Gemeinde Roseburg;Kreis Herzogtum Lauenburg;Schleswig-Holstein;010535318104;Gemeinde
Kastl;Gemeinde Kastl;Landkreis Amberg-Sulzbach;Bayern;093710132132;Gemeinde
Schneeberg;Gemeinde Schneeberg;Landkreis Miltenberg;Bayern;096760156156;Gemeinde
Obernburg a.Main;Stadt Obernburg a.Main;Landkreis Miltenberg;Bayern;096760145145;Stadt
Weilbach;Gemeinde Weilbach;Landkreis Miltenberg;Bayern;096760165165;Gemeinde
Loiching;Gemeinde Loiching;Landkreis Dingolfing-Landau;Bayern;092790124124;Gemeinde
Waffenbrunn;Gemeinde Waffenbrunn;Landkreis Cham;Bayern;093720168168;Gemeinde
Wald;Gemeinde Wald;Landkreis Cham;Bayern;093725317169;Gemeinde
Bordesholm;Gemeinde Bordesholm;Kreis Rendsburg-Eckernförde;Schleswig-Holstein;010585889022;Gemeinde
Pressath;Stadt Pressath;Landkreis Neustadt a.d.Waldnaab;Bayern;093745324149;Stadt
Pielenhofen;Gemeinde Pielenhofen;Landkreis Regensburg;Bayern;093755334184;Gemeinde
Altenthann;Gemeinde Altenthann;Landkreis Regensburg;Bayern;093755335114;Gemeinde
Pampow;Gemeinde Pampow;Landkreis Ludwigslust-Parchim;Mecklenburg-Vorpommern;130765665107;Gemeinde
Leezen;Gemeinde Leezen;Landkreis Ludwigslust-Parchim;Mecklenburg-Vorpommern;130765668082;Gemeinde
Großolbersdorf;Gemeinde Großolbersdorf;Landkreis Erzgebirgskreis;Sachsen;145210240240;Gemeinde
Dersenow;Gemeinde Dersenow;Landkreis Ludwigslust-Parchim;Mecklenburg-Vorpommern;130765652030;Gemeinde
Schwanheide;Gemeinde Schwanheide;Landkreis Ludwigslust-Parchim;Mecklenburg-Vorpommern;130765652122;Gemeinde
Bengerstorf;Gemeinde Bengerstorf;Landkreis Ludwigslust-Parchim;Mecklenburg-Vorpommern;130765652009;Gemeinde
Balow;Gemeinde Balow;Landkreis Ludwigslust-Parchim;Mecklenburg-Vorpommern;130765657003;Gemeinde
Gehlsbach;Gemeinde Gehlsbach;Landkreis Ludwigslust-Parchim;Mecklenburg-Vorpommern;130765655165;Gemeinde
Kirchseeon;Gemeinde Kirchseeon;Landkreis Ebersberg;Bayern;091750124124;Gemeinde
Emmering;Gemeinde Emmering;Landkreis Ebersberg;Bayern;091755112136;Gemeinde
Egmating;Gemeinde Egmating;Landkreis Ebersberg;Bayern;091755114116;Gemeinde
Hartmannsdorf;Gemeinde Hartmannsdorf;Landkreis Mittelsachsen;Sachsen;145220260260;Gemeinde
Gaißach;Gemeinde Gaißach;Landkreis Bad Tölz-Wolfratshausen;Bayern;091730124124;Gemeinde
Holtland;Gemeinde Holtland;Landkreis Leer;Niedersachsen;034575402011;Gemeinde
Ganderkesee;Gemeinde Ganderkesee;Landkreis Oldenburg;Niedersachsen;034580005005;Gemeinde
Lemwerder;Gemeinde Lemwerder;Landkreis Wesermarsch;Niedersachsen;034610006006;Gemeinde
Prinzhöfte;Gemeinde Prinzhöfte;Landkreis Oldenburg;Niedersachsen;034585401012;Gemeinde
Menslage;Gemeinde Menslage;Landkreis Osnabrück;Niedersachsen;034595401025;Gemeinde
Ankum;Gemeinde Ankum;Landkreis Osnabrück;Niedersachsen;034595402002;Gemeinde
Dünfus;Gemeinde Dünfus;Landkreis Cochem-Zell;Rheinland-Pfalz;071355002022;Gemeinde
Steinfeld (Oldenburg);Gemeinde Steinfeld (Oldenburg);Landkreis Vechta;Niedersachsen;034600008008;Gemeinde
Spelle;Gemeinde Spelle;Landkreis Emsland;Niedersachsen;034545408049;Gemeinde
Espelkamp;Stadt Espelkamp;Kreis Minden-Lübbecke;Nordrhein-Westfalen;057700008008;Stadt
Kevelaer;Stadt Kevelaer;Kreis Kleve;Nordrhein-Westfalen;051540032032;Stadt
Kranenburg;Gemeinde Kranenburg;Kreis Kleve;Nordrhein-Westfalen;051540040040;Gemeinde
Waldmühlen;Gemeinde Waldmühlen;Landkreis Westerwaldkreis;Rheinland-Pfalz;071435006303;Gemeinde
Frensdorf;Gemeinde Frensdorf;Landkreis Bamberg;Bayern;094710131131;Gemeinde
Gronau (Westf.);Stadt Gronau (Westf.);Kreis Borken;Nordrhein-Westfalen;055540020020;Stadt
Rhede;Stadt Rhede;Kreis Borken;Nordrhein-Westfalen;055540048048;Stadt
Löberschütz;Gemeinde Löberschütz;Landkreis Saale-Holzland-Kreis;Thüringen;160745015054;Gemeinde
Marienrachdorf;Gemeinde Marienrachdorf;Landkreis Westerwaldkreis;Rheinland-Pfalz;071435007044;Gemeinde
Badenhard;Gemeinde Badenhard;Landkreis Rhein-Hunsrück-Kreis;Rheinland-Pfalz;071405009005;Gemeinde
Nottuln;Gemeinde Nottuln;Kreis Coesfeld;Nordrhein-Westfalen;055580032032;Gemeinde
Leichlingen (Rhld.);Stadt Leichlingen (Rhld.);Kreis Rheinisch-Bergischer Kreis;Nordrhein-Westfalen;053780016016;Stadt
Kratzenburg;Gemeinde Kratzenburg;Landkreis Rhein-Hunsrück-Kreis;Rheinland-Pfalz;071405009075;Gemeinde
Recklinghausen;Stadt Recklinghausen;Kreis Recklinghausen;Nordrhein-Westfalen;055620032032;Stadt
Rückeroth;Gemeinde Rückeroth;Landkreis Westerwaldkreis;Rheinland-Pfalz;071435007064;Gemeinde
Hopsten;Gemeinde Hopsten;Kreis Steinfurt;Nordrhein-Westfalen;055660020020;Gemeinde
Lengerich;Stadt Lengerich;Kreis Steinfurt;Nordrhein-Westfalen;055660040040;Stadt
Staudt;Gemeinde Staudt;Landkreis Westerwaldkreis;Rheinland-Pfalz;071435010073;Gemeinde
Forst Neustädtlein a.Forst;Gemeindefreies Gebiet Forst Neustädtlein a.Forst;Landkreis Bayreuth;Bayern;094729454454;Gemeindefreies Gebiet
Prebitz;Gemeinde Prebitz;Landkreis Bayreuth;Bayern;094725416180;Gemeinde
Lügde;Stadt Lügde;Kreis Lippe;Nordrhein-Westfalen;057660052052;Stadt
Stemwede;Gemeinde Stemwede;Kreis Minden-Lübbecke;Nordrhein-Westfalen;057700044044;Gemeinde
Altenbeken;Gemeinde Altenbeken;Kreis Paderborn;Nordrhein-Westfalen;057740004004;Gemeinde
Ellscheid;Gemeinde Ellscheid;Landkreis Vulkaneifel;Rheinland-Pfalz;072335001021;Gemeinde
Ebersdorf b.Coburg;Gemeinde Ebersdorf b.Coburg;Landkreis Coburg;Bayern;094730121121;Gemeinde
Mannebach;Gemeinde Mannebach;Landkreis Vulkaneifel;Rheinland-Pfalz;072335004225;Gemeinde
Fürth;Gemeinde Fürth;Landkreis Bergstraße;Hessen;064310007007;Gemeinde
Hirschhorn (Neckar);Stadt Hirschhorn (Neckar);Landkreis Bergstraße;Hessen;064310012012;Stadt
Mörfelden-Walldorf;Stadt Mörfelden-Walldorf;Landkreis Groß-Gerau;Hessen;064330008008;Stadt
Stockstadt am Rhein;Gemeinde Stockstadt am Rhein;Landkreis Groß-Gerau;Hessen;064330013013;Gemeinde
Münchweiler an der Alsenz;Gemeinde Münchweiler an der Alsenz;Landkreis Donnersbergkreis;Rheinland-Pfalz;073335006048;Gemeinde
Schweisweiler;Gemeinde Schweisweiler;Landkreis Donnersbergkreis;Rheinland-Pfalz;073335006069;Gemeinde
Gundersweiler;Gemeinde Gundersweiler;Landkreis Donnersbergkreis;Rheinland-Pfalz;073335007028;Gemeinde
Selm;Stadt Selm;Kreis Unna;Nordrhein-Westfalen;059780032032;Stadt
Echzell;Gemeinde Echzell;Landkreis Wetteraukreis;Hessen;064400006006;Gemeinde
Münzenberg;Stadt Münzenberg;Landkreis Wetteraukreis;Hessen;064400015015;Stadt
Hattersheim am Main;Stadt Hattersheim am Main;Landkreis Main-Taunus-Kreis;Hessen;064360005005;Stadt
Langgöns;Gemeinde Langgöns;Landkreis Gießen;Hessen;065310009009;Gemeinde
Jugenheim in Rheinhessen;Gemeinde Jugenheim in Rheinhessen;Landkreis Mainz-Bingen;Rheinland-Pfalz;073395006031;Gemeinde
Ober-Olm;Gemeinde Ober-Olm;Landkreis Mainz-Bingen;Rheinland-Pfalz;073395006047;Gemeinde
Breidenbach;Gemeinde Breidenbach;Landkreis Marburg-Biedenkopf;Hessen;065340005005;Gemeinde
Bad Endbach;Gemeinde Bad Endbach;Landkreis Marburg-Biedenkopf;Hessen;065340003003;Gemeinde
Wetter (Hessen);Stadt Wetter (Hessen);Landkreis Marburg-Biedenkopf;Hessen;065340021021;Stadt
Röslau;Gemeinde Röslau;Landkreis Wunsiedel i.Fichtelgebirge;Bayern;094790145145;Gemeinde
Kalbach;Gemeinde Kalbach;Landkreis Fulda;Hessen;066310016016;Gemeinde
Altenkunstadt;Gemeinde Altenkunstadt;Landkreis Lichtenfels;Bayern;094780111111;Gemeinde
Elmenhorst/Lichtenhagen;Gemeinde Elmenhorst/Lichtenhagen;Landkreis Rostock;Mecklenburg-Vorpommern;130725263030;Gemeinde
Dahmen;Gemeinde Dahmen;Landkreis Rostock;Mecklenburg-Vorpommern;130725258023;Gemeinde
Thierstein;Gemeinde Thierstein;Landkreis Wunsiedel i.Fichtelgebirge;Bayern;094795442159;Gemeinde
Martinlamitzer Forst-Süd;Gemeindefreies Gebiet Martinlamitzer Forst-Süd;Landkreis Wunsiedel i.Fichtelgebirge;Bayern;094799455455;Gemeindefreies Gebiet
Papendorf;Gemeinde Papendorf;Landkreis Rostock;Mecklenburg-Vorpommern;130725263077;Gemeinde
Stäbelow;Gemeinde Stäbelow;Landkreis Rostock;Mecklenburg-Vorpommern;130725263098;Gemeinde
Neuching;Gemeinde Neuching;Landkreis Erding;Bayern;091775124131;Gemeinde
Höchberg;Gemeinde Höchberg;Landkreis Würzburg;Bayern;096790147147;Gemeinde
Zirndorf;Stadt Zirndorf;Landkreis Fürth;Bayern;095730134134;Stadt
Hersbruck;Stadt Hersbruck;Landkreis Nürnberger Land;Bayern;095740132132;Stadt
Schiffweiler;Gemeinde Schiffweiler;Landkreis Neunkirchen;Saarland;100430116116;Gemeinde
Egenhofen;Gemeinde Egenhofen;Landkreis Fürstenfeldbruck;Bayern;091790117117;Gemeinde
Berka v.d.Hainich;Gemeinde Berka v.d.Hainich;Landkreis Wartburgkreis;Thüringen;160635006006;Gemeinde
An der Schmücke;Stadt An der Schmücke;Landkreis Kyffhäuserkreis;Thüringen;160655056088;Stadt
Lunow-Stolzenhagen;Gemeinde Lunow-Stolzenhagen;Landkreis Barnim;Brandenburg;120605011149;Gemeinde
Blankenburg;Gemeinde Blankenburg;Landkreis Unstrut-Hainich-Kreis;Thüringen;160645001007;Gemeinde
Kühndorf;Gemeinde Kühndorf;Landkreis Schmalkalden-Meiningen;Thüringen;160665014038;Gemeinde
Neubrunn;Gemeinde Neubrunn;Landkreis Schmalkalden-Meiningen;Thüringen;160665014045;Gemeinde
Kindelbrück;Gemeinde Kindelbrück;Landkreis Sömmerda;Thüringen;160685005064;Gemeinde
Westhausen;Gemeinde Westhausen;Landkreis Hildburghausen;Thüringen;160695004056;Gemeinde
Hollnich;Gemeinde Hollnich;Landkreis Rhein-Hunsrück-Kreis;Rheinland-Pfalz;071405003055;Gemeinde
Beinerstadt;Gemeinde Beinerstadt;Landkreis Hildburghausen;Thüringen;160695002003;Gemeinde
Sankt Goarshausen;Stadt Sankt Goarshausen;Landkreis Rhein-Lahn-Kreis;Rheinland-Pfalz;071415009121;Stadt
Kleinich;Gemeinde Kleinich;Landkreis Bernkastel-Wittlich;Rheinland-Pfalz;072315001070;Gemeinde
Brauneberg;Gemeinde Brauneberg;Landkreis Bernkastel-Wittlich;Rheinland-Pfalz;072315001012;Gemeinde
Bergweiler;Gemeinde Bergweiler;Landkreis Bernkastel-Wittlich;Rheinland-Pfalz;072315008007;Gemeinde
Burtscheid;Gemeinde Burtscheid;Landkreis Bernkastel-Wittlich;Rheinland-Pfalz;072315006017;Gemeinde
Oevenum;Gemeinde Oevenum;Kreis Nordfriesland;Schleswig-Holstein;010545488094;Gemeinde
Lehesten;Stadt Lehesten;Landkreis Saalfeld-Rudolstadt;Thüringen;160735005046;Stadt
Schlepzig;Gemeinde Schlepzig;Landkreis Dahme-Spreewald;Brandenburg;120615114428;Gemeinde
Kremitzaue;Gemeinde Kremitzaue;Landkreis Elbe-Elster;Brandenburg;120625209282;Gemeinde
Altdöbern;Gemeinde Altdöbern;Landkreis Oberspreewald-Lausitz;Brandenburg;120665601008;Gemeinde
Atzelgift;Gemeinde Atzelgift;Landkreis Westerwaldkreis;Rheinland-Pfalz;071435002205;Gemeinde
Neuendorf;Gemeinde Neuendorf;Landkreis Eifelkreis Bitburg-Prüm;Rheinland-Pfalz;072325006272;Gemeinde
Heckelberg-Brunow;Gemeinde Heckelberg-Brunow;Landkreis Märkisch-Oderland;Brandenburg;120645403205;Gemeinde
Steinhöfel;Gemeinde Steinhöfel;Landkreis Oder-Spree;Brandenburg;120675706473;Gemeinde
Osterhorn;Gemeinde Osterhorn;Kreis Pinneberg;Schleswig-Holstein;010565636038;Gemeinde
Schülp b.Rendsburg;Gemeinde Schülp b.Rendsburg;Kreis Rendsburg-Eckernförde;Schleswig-Holstein;010585853148;Gemeinde
Gotteszell;Gemeinde Gotteszell;Landkreis Regen;Bayern;092765238123;Gemeinde
Naila;Stadt Naila;Landkreis Hof;Bayern;094750156156;Stadt
Rohrbach;Gemeinde Rohrbach;Landkreis Pfaffenhofen a.d.Ilm;Bayern;091860149149;Gemeinde
Münchsmünster;Gemeinde Münchsmünster;Landkreis Pfaffenhofen a.d.Ilm;Bayern;091860139139;Gemeinde
Ilmmünster;Gemeinde Ilmmünster;Landkreis Pfaffenhofen a.d.Ilm;Bayern;091865157130;Gemeinde
Rohrenfels;Gemeinde Rohrenfels;Landkreis Neuburg-Schrobenhausen;Bayern;091855154157;Gemeinde
Aschau i.Chiemgau;Gemeinde Aschau i.Chiemgau;Landkreis Rosenheim;Bayern;091870114114;Gemeinde
Taura;Gemeinde Taura;Landkreis Mittelsachsen;Sachsen;145225102550;Gemeinde
Mühlenfließ;Gemeinde Mühlenfließ;Landkreis Potsdam-Mittelmark;Brandenburg;120695910402;Gemeinde
Gartz (Oder);Stadt Gartz (Oder);Landkreis Uckermark;Brandenburg;120735304189;Stadt
Mescherin;Gemeinde Mescherin;Landkreis Uckermark;Brandenburg;120735304393;Gemeinde
Hohenmocker;Gemeinde Hohenmocker;Landkreis Mecklenburgische Seenplatte;Mecklenburg-Vorpommern;130715151065;Gemeinde
Bünsdorf;Gemeinde Bünsdorf;Kreis Rendsburg-Eckernförde;Schleswig-Holstein;010585890035;Gemeinde
Klixbüll;Gemeinde Klixbüll;Kreis Nordfriesland;Schleswig-Holstein;010545489068;Gemeinde
Leck;Gemeinde Leck;Kreis Nordfriesland;Schleswig-Holstein;010545489076;Gemeinde
Dietrichingen;Gemeinde Dietrichingen;Landkreis Südwestpfalz;Rheinland-Pfalz;073405008208;Gemeinde
Steinalben;Gemeinde Steinalben;Landkreis Südwestpfalz;Rheinland-Pfalz;073405006050;Gemeinde
Rosenkopf;Gemeinde Rosenkopf;Landkreis Südwestpfalz;Rheinland-Pfalz;073405008223;Gemeinde
Schönaich;Gemeinde Schönaich;Landkreis Böblingen;Baden-Württemberg;081150044044;Gemeinde
Paunzhausen;Gemeinde Paunzhausen;Landkreis Freising;Bayern;091785127150;Gemeinde
Oberboihingen;Gemeinde Oberboihingen;Landkreis Esslingen;Baden-Württemberg;081165005050;Gemeinde
Uhingen;Stadt Uhingen;Landkreis Göppingen;Baden-Württemberg;081175010051;Stadt
Hemmingen;Gemeinde Hemmingen;Landkreis Ludwigsburg;Baden-Württemberg;081185006027;Gemeinde
Lambrecht (Pfalz);Stadt Lambrecht (Pfalz);Landkreis Bad Dürkheim;Rheinland-Pfalz;073325005032;Stadt
Eisenberg (Pfalz);Stadt Eisenberg (Pfalz);Landkreis Donnersbergkreis;Rheinland-Pfalz;073335002019;Stadt
Hatzenbühl;Gemeinde Hatzenbühl;Landkreis Germersheim;Rheinland-Pfalz;073345003009;Gemeinde
Rheinzabern;Gemeinde Rheinzabern;Landkreis Germersheim;Rheinland-Pfalz;073345003024;Gemeinde
Kröv;Gemeinde Kröv;Landkreis Bernkastel-Wittlich;Rheinland-Pfalz;072315009072;Gemeinde
Schindhard;Gemeinde Schindhard;Landkreis Südwestpfalz;Rheinland-Pfalz;073405001043;Gemeinde
Heckhuscheid;Gemeinde Heckhuscheid;Landkreis Eifelkreis Bitburg-Prüm;Rheinland-Pfalz;072325006236;Gemeinde
Gerolstein;Stadt Gerolstein;Landkreis Vulkaneifel;Rheinland-Pfalz;072335006026;Stadt
Sommerau;Gemeinde Sommerau;Landkreis Trier-Saarburg;Rheinland-Pfalz;072355004129;Gemeinde
Bescheid;Gemeinde Bescheid;Landkreis Trier-Saarburg;Rheinland-Pfalz;072355001005;Gemeinde
Konz;Stadt Konz;Landkreis Trier-Saarburg;Rheinland-Pfalz;072355003068;Stadt
Mackenbach;Gemeinde Mackenbach;Landkreis Kaiserslautern;Rheinland-Pfalz;073355009024;Gemeinde
Oldenswort;Gemeinde Oldenswort;Kreis Nordfriesland;Schleswig-Holstein;010545417095;Gemeinde
Boksee;Gemeinde Boksee;Kreis Plön;Schleswig-Holstein;010575747010;Gemeinde
Delingsdorf;Gemeinde Delingsdorf;Kreis Stormarn;Schleswig-Holstein;010625218014;Gemeinde
Kasseedorf;Gemeinde Kasseedorf;Kreis Ostholstein;Schleswig-Holstein;010555591024;Gemeinde
Erfde;Gemeinde Erfde;Kreis Schleswig-Flensburg;Schleswig-Holstein;010595996024;Gemeinde
Rendsburg;Stadt Rendsburg;Kreis Rendsburg-Eckernförde;Schleswig-Holstein;010580135135;Stadt
Mechow;Gemeinde Mechow;Kreis Herzogtum Lauenburg;Schleswig-Holstein;010535358088;Gemeinde
Glücksburg (Ostsee);Stadt Glücksburg (Ostsee);Kreis Schleswig-Flensburg;Schleswig-Holstein;010590113113;Stadt
Schleswig;Stadt Schleswig;Kreis Schleswig-Flensburg;Schleswig-Holstein;010590075075;Stadt
Hamberge;Gemeinde Hamberge;Kreis Stormarn;Schleswig-Holstein;010625244025;Gemeinde
Sieverstedt;Gemeinde Sieverstedt;Kreis Schleswig-Flensburg;Schleswig-Holstein;010595940159;Gemeinde
Schnarup-Thumby;Gemeinde Schnarup-Thumby;Kreis Schleswig-Flensburg;Schleswig-Holstein;010595949076;Gemeinde
Struxdorf;Gemeinde Struxdorf;Kreis Schleswig-Flensburg;Schleswig-Holstein;010595987082;Gemeinde
Esgrus;Gemeinde Esgrus;Kreis Schleswig-Flensburg;Schleswig-Holstein;010595990109;Gemeinde
Pommerby;Gemeinde Pommerby;Kreis Schleswig-Flensburg;Schleswig-Holstein;010595990152;Gemeinde
Stangheck;Gemeinde Stangheck;Kreis Schleswig-Flensburg;Schleswig-Holstein;010595990163;Gemeinde
Rabel;Gemeinde Rabel;Kreis Schleswig-Flensburg;Schleswig-Holstein;010595990154;Gemeinde
Treia;Gemeinde Treia;Kreis Schleswig-Flensburg;Schleswig-Holstein;010595993092;Gemeinde
Wakendorf II;Gemeinde Wakendorf II;Kreis Segeberg;Schleswig-Holstein;010605048094;Gemeinde
Idenheim;Gemeinde Idenheim;Landkreis Eifelkreis Bitburg-Prüm;Rheinland-Pfalz;072325008060;Gemeinde
Hemmingen;Stadt Hemmingen;Landkreis Region Hannover;Niedersachsen;032410007007;Stadt
Hattorf am Harz;Gemeinde Hattorf am Harz;Landkreis Göttingen;Niedersachsen;031595403018;Gemeinde
Ebergötzen;Gemeinde Ebergötzen;Landkreis Göttingen;Niedersachsen;031595404011;Gemeinde
Sehestedt;Gemeinde Sehestedt;Kreis Rendsburg-Eckernförde;Schleswig-Holstein;010585890152;Gemeinde
Duingen;Gemeinde Duingen;Landkreis Hildesheim;Niedersachsen;032545406041;Gemeinde
Haßfurt;Stadt Haßfurt;Landkreis Haßberge;Bayern;096740147147;Stadt
Rentweinsdorf;Gemeinde Rentweinsdorf;Landkreis Haßberge;Bayern;096745611190;Gemeinde
Geroda;Gemeinde Geroda;Landkreis Bad Kissingen;Bayern;096725606126;Gemeinde
Nennslingen;Gemeinde Nennslingen;Landkreis Weißenburg-Gunzenhausen;Bayern;095775535151;Gemeinde
Springe;Stadt Springe;Landkreis Region Hannover;Niedersachsen;032410017017;Stadt
Walhausen;Gemeinde Walhausen;Landkreis Cochem-Zell;Rheinland-Pfalz;071355005088;Gemeinde
Brockum;Gemeinde Brockum;Landkreis Diepholz;Niedersachsen;032515401009;Gemeinde
Kirchdorf;Gemeinde Kirchdorf;Landkreis Diepholz;Niedersachsen;032515404021;Gemeinde
Bedburg;Stadt Bedburg;Kreis Rhein-Erft-Kreis;Nordrhein-Westfalen;053620004004;Stadt
Steimbke;Gemeinde Steimbke;Landkreis Nienburg (Weser);Niedersachsen;032565407029;Gemeinde
Hassel (Weser);Gemeinde Hassel (Weser);Landkreis Nienburg (Weser);Niedersachsen;032565409010;Gemeinde
Lauenau;Gemeinde Lauenau;Landkreis Schaumburg;Niedersachsen;032575406018;Gemeinde
Chiemsee;Gemeinde Chiemsee;Landkreis Rosenheim;Bayern;091875160123;Gemeinde
Berg;Gemeinde Berg;Landkreis Starnberg;Bayern;091880113113;Gemeinde
Gauting;Gemeinde Gauting;Landkreis Starnberg;Bayern;091880120120;Gemeinde
Seevetal;Gemeinde Seevetal;Landkreis Harburg;Niedersachsen;033530031031;Gemeinde
Gössenheim;Gemeinde Gössenheim;Landkreis Main-Spessart;Bayern;096775623132;Gemeinde
Forst Lohrerstraße;Gemeindefreies Gebiet Forst Lohrerstraße;Landkreis Main-Spessart;Bayern;096779454454;Gemeindefreies Gebiet
Dittelbrunn;Gemeinde Dittelbrunn;Landkreis Schweinfurt;Bayern;096780123123;Gemeinde
Grafenrheinfeld;Gemeinde Grafenrheinfeld;Landkreis Schweinfurt;Bayern;096780136136;Gemeinde
Leinach;Gemeinde Leinach;Landkreis Würzburg;Bayern;096790200200;Gemeinde
Röttingen;Stadt Röttingen;Landkreis Würzburg;Bayern;096795654182;Stadt
Ustersbach;Gemeinde Ustersbach;Landkreis Augsburg;Bayern;097725708211;Gemeinde
Fischach;Gemeinde Fischach;Landkreis Augsburg;Bayern;097720141141;Gemeinde
Königsbrunn;Stadt Königsbrunn;Landkreis Augsburg;Bayern;097720163163;Stadt
Welle;Gemeinde Welle;Landkreis Harburg;Niedersachsen;033535406038;Gemeinde
Luckau (Wendland);Gemeinde Luckau (Wendland);Landkreis Lüchow-Dannenberg;Niedersachsen;033545407016;Gemeinde
Günzburg;Stadt Günzburg;Landkreis Günzburg;Bayern;097740135135;Stadt
Leipheim;Stadt Leipheim;Landkreis Günzburg;Bayern;097740155155;Stadt
Oederquart;Gemeinde Oederquart;Landkreis Stade;Niedersachsen;033595407035;Gemeinde
Unkel;Stadt Unkel;Landkreis Neuwied;Rheinland-Pfalz;071385007073;Stadt
Spiegelberg;Gemeinde Spiegelberg;Landkreis Rems-Murr-Kreis;Baden-Württemberg;081195004069;Gemeinde
Seffern;Gemeinde Seffern;Landkreis Eifelkreis Bitburg-Prüm;Rheinland-Pfalz;072325008119;Gemeinde
Kubschütz;Gemeinde Kubschütz;Landkreis Bautzen;Sachsen;146250290290;Gemeinde
Elstra;Stadt Elstra;Landkreis Bautzen;Sachsen;146250130130;Stadt
Niesky;Stadt Niesky;Landkreis Görlitz;Sachsen;146260370370;Stadt
Hirschstein;Gemeinde Hirschstein;Landkreis Meißen;Sachsen;146270070070;Gemeinde
Weinböhla;Gemeinde Weinböhla;Landkreis Meißen;Sachsen;146270310310;Gemeinde
Floh-Seligenthal;Gemeinde Floh-Seligenthal;Landkreis Schmalkalden-Meiningen;Thüringen;160660023023;Gemeinde
Arnsdorf;Gemeinde Arnsdorf;Landkreis Bautzen;Sachsen;146250010010;Gemeinde
Bad Arolsen;Stadt Bad Arolsen;Landkreis Waldeck-Frankenberg;Hessen;066350002002;Stadt
Windhagen;Gemeinde Windhagen;Landkreis Neuwied;Rheinland-Pfalz;071385001077;Gemeinde
Wittighausen;Gemeinde Wittighausen;Landkreis Main-Tauber-Kreis;Baden-Württemberg;081285003137;Gemeinde
Zierenberg;Stadt Zierenberg;Landkreis Kassel;Hessen;066330029029;Stadt
Gaggenau;Stadt Gaggenau;Landkreis Rastatt;Baden-Württemberg;082160015015;Stadt
Au am Rhein;Gemeinde Au am Rhein;Landkreis Rastatt;Baden-Württemberg;082165003002;Gemeinde
Abtsgmünd;Gemeinde Abtsgmünd;Landkreis Ostalbkreis;Baden-Württemberg;081360002002;Gemeinde
Weinheim;Stadt Weinheim;Landkreis Rhein-Neckar-Kreis;Baden-Württemberg;082260096096;Stadt
Elztal;Gemeinde Elztal;Landkreis Neckar-Odenwald-Kreis;Baden-Württemberg;082255005117;Gemeinde
St. Leon-Rot;Gemeinde St. Leon-Rot;Landkreis Rhein-Neckar-Kreis;Baden-Württemberg;082260103103;Gemeinde
Ravenstein;Stadt Ravenstein;Landkreis Neckar-Odenwald-Kreis;Baden-Württemberg;082255007114;Stadt
Malsch;Gemeinde Malsch;Landkreis Rhein-Neckar-Kreis;Baden-Württemberg;082265006046;Gemeinde
Wiesenbach;Gemeinde Wiesenbach;Landkreis Rhein-Neckar-Kreis;Baden-Württemberg;082265005097;Gemeinde
Wildberg;Stadt Wildberg;Landkreis Calw;Baden-Württemberg;082350080080;Stadt
Remchingen;Gemeinde Remchingen;Landkreis Enzkreis;Baden-Württemberg;082360071071;Gemeinde
Freiamt;Gemeinde Freiamt;Landkreis Emmendingen;Baden-Württemberg;083165003054;Gemeinde
Ottenhöfen im Schwarzwald;Gemeinde Ottenhöfen im Schwarzwald;Landkreis Ortenaukreis;Baden-Württemberg;083175006102;Gemeinde
Simonswald;Gemeinde Simonswald;Landkreis Emmendingen;Baden-Württemberg;083165006042;Gemeinde
Ruppertshofen;Gemeinde Ruppertshofen;Landkreis Ostalbkreis;Baden-Württemberg;081365008061;Gemeinde
Schloen-Dratow;Gemeinde Schloen-Dratow;Landkreis Mecklenburgische Seenplatte;Mecklenburg-Vorpommern;130715160174;Gemeinde
Groß Teetzleben;Gemeinde Groß Teetzleben;Landkreis Mecklenburgische Seenplatte;Mecklenburg-Vorpommern;130715163057;Gemeinde
Hunderdorf;Gemeinde Hunderdorf;Landkreis Straubing-Bogen;Bayern;092785249139;Gemeinde
Wokuhl-Dabelow;Gemeinde Wokuhl-Dabelow;Landkreis Mecklenburgische Seenplatte;Mecklenburg-Vorpommern;130715156162;Gemeinde
Neuenkirchen;Gemeinde Neuenkirchen;Landkreis Mecklenburgische Seenplatte;Mecklenburg-Vorpommern;130715157108;Gemeinde
Kröpelin;Stadt Kröpelin;Landkreis Rostock;Mecklenburg-Vorpommern;130720058058;Stadt
Neustetten;Gemeinde Neustetten;Landkreis Tübingen;Baden-Württemberg;084165003049;Gemeinde
Dotternhausen;Gemeinde Dotternhausen;Landkreis Zollernalbkreis;Baden-Württemberg;084175006016;Gemeinde
Bisingen;Gemeinde Bisingen;Landkreis Zollernalbkreis;Baden-Württemberg;084175003008;Gemeinde
Beimerstetten;Gemeinde Beimerstetten;Landkreis Alb-Donau-Kreis;Baden-Württemberg;084255004014;Gemeinde
Guggenhausen;Gemeinde Guggenhausen;Landkreis Ravensburg;Baden-Württemberg;084365001040;Gemeinde
Inzigkofen;Gemeinde Inzigkofen;Landkreis Sigmaringen;Baden-Württemberg;084375006059;Gemeinde
Ebenweiler;Gemeinde Ebenweiler;Landkreis Ravensburg;Baden-Württemberg;084365001024;Gemeinde
Süderheistedt;Gemeinde Süderheistedt;Kreis Dithmarschen;Schleswig-Holstein;010515169141;Gemeinde
Hemmingstedt;Gemeinde Hemmingstedt;Kreis Dithmarschen;Schleswig-Holstein;010515172048;Gemeinde
Eglhartinger Forst;Gemeindefreies Gebiet Eglhartinger Forst;Landkreis Ebersberg;Bayern;091759453453;Gemeindefreies Gebiet
Hohentengen;Gemeinde Hohentengen;Landkreis Sigmaringen;Baden-Württemberg;084375002053;Gemeinde
Benediktbeuern;Gemeinde Benediktbeuern;Landkreis Bad Tölz-Wolfratshausen;Bayern;091735107113;Gemeinde
Marktschellenberg;Gemeinde Marktschellenberg;Landkreis Berchtesgadener Land;Bayern;091720124124;Gemeinde
Emstek;Gemeinde Emstek;Landkreis Cloppenburg;Niedersachsen;034530005005;Gemeinde
Werkhausen;Gemeinde Werkhausen;Landkreis Altenkirchen (Westerwald);Rheinland-Pfalz;071325010114;Gemeinde
Memmingerberg;Gemeinde Memmingerberg;Landkreis Unterallgäu;Bayern;097785765171;Gemeinde
Bad Grönenbach;Gemeinde Bad Grönenbach;Landkreis Unterallgäu;Bayern;097785768144;Gemeinde
Stetten;Gemeinde Stetten;Landkreis Unterallgäu;Bayern;097785766199;Gemeinde
Richtenberg;Stadt Richtenberg;Landkreis Vorpommern-Rügen;Mecklenburg-Vorpommern;130735355076;Stadt
Unteregg;Gemeinde Unteregg;Landkreis Unterallgäu;Bayern;097785766207;Gemeinde
Roßhaupten;Gemeinde Roßhaupten;Landkreis Ostallgäu;Bayern;097775770166;Gemeinde
Buxheim;Gemeinde Buxheim;Landkreis Unterallgäu;Bayern;097780123123;Gemeinde
Echternacherbrück;Gemeinde Echternacherbrück;Landkreis Eifelkreis Bitburg-Prüm;Rheinland-Pfalz;072325005028;Gemeinde
Waake;Gemeinde Waake;Landkreis Göttingen;Niedersachsen;031595404035;Gemeinde
Fahrdorf;Gemeinde Fahrdorf;Kreis Schleswig-Flensburg;Schleswig-Holstein;010595915026;Gemeinde
Evessen;Gemeinde Evessen;Landkreis Wolfenbüttel;Niedersachsen;031585406013;Gemeinde
Groß Niendorf;Gemeinde Groß Niendorf;Kreis Segeberg;Schleswig-Holstein;010605053029;Gemeinde
Kinzenburg;Gemeinde Kinzenburg;Landkreis Eifelkreis Bitburg-Prüm;Rheinland-Pfalz;072325001249;Gemeinde
Jakobsweiler;Gemeinde Jakobsweiler;Landkreis Donnersbergkreis;Rheinland-Pfalz;073335004035;Gemeinde
Bremen;Stadt Bremen;Kreisfreie Stadt Bremen;Bremen;040110000000;Stadt
Petershagen;Stadt Petershagen;Kreis Minden-Lübbecke;Nordrhein-Westfalen;057700028028;Stadt
Hergenroth;Gemeinde Hergenroth;Landkreis Westerwaldkreis;Rheinland-Pfalz;071435009238;Gemeinde
Merzhausen;Gemeinde Merzhausen;Landkreis Breisgau-Hochschwarzwald;Baden-Württemberg;083155007073;Gemeinde
Wittmar;Gemeinde Wittmar;Landkreis Wolfenbüttel;Niedersachsen;031585407036;Gemeinde
Racksen;Gemeinde Racksen;Landkreis Altenkirchen (Westerwald);Rheinland-Pfalz;071325010092;Gemeinde
Landau in der Pfalz;Stadt Landau in der Pfalz;Kreisfreie Stadt Landau in der Pfalz;Rheinland-Pfalz;073130000000;Stadt
Willwerscheid;Gemeinde Willwerscheid;Landkreis Bernkastel-Wittlich;Rheinland-Pfalz;072315009132;Gemeinde
Bötersen;Gemeinde Bötersen;Landkreis Rotenburg (Wümme);Niedersachsen;033575406005;Gemeinde
Riveris;Gemeinde Riveris;Landkreis Trier-Saarburg;Rheinland-Pfalz;072355004116;Gemeinde
Steingaden;Gemeinde Steingaden;Landkreis Weilheim-Schongau;Bayern;091905180154;Gemeinde
Eschelbronn;Gemeinde Eschelbronn;Landkreis Rhein-Neckar-Kreis;Baden-Württemberg;082265002020;Gemeinde
Marl;Gemeinde Marl;Landkreis Diepholz;Niedersachsen;032515401025;Gemeinde
Üttfeld;Gemeinde Üttfeld;Landkreis Eifelkreis Bitburg-Prüm;Rheinland-Pfalz;072325001333;Gemeinde
Salmtal;Gemeinde Salmtal;Landkreis Bernkastel-Wittlich;Rheinland-Pfalz;072315008113;Gemeinde
Groß Kummerfeld;Gemeinde Groß Kummerfeld;Kreis Segeberg;Schleswig-Holstein;010605063028;Gemeinde
Dreggers;Gemeinde Dreggers;Kreis Segeberg;Schleswig-Holstein;010605086018;Gemeinde
Fahrenkrug;Gemeinde Fahrenkrug;Kreis Segeberg;Schleswig-Holstein;010605086020;Gemeinde
Süsel;Gemeinde Süsel;Kreis Ostholstein;Schleswig-Holstein;010550041041;Gemeinde
Braunlage;Stadt Braunlage;Landkreis Goslar;Niedersachsen;031530016016;Stadt
Ottersberg;Gemeinde Ottersberg;Landkreis Verden;Niedersachsen;033610008008;Gemeinde
Zimmernsupra;Gemeinde Zimmernsupra;Landkreis Gotha;Thüringen;160675007082;Gemeinde
Quirnbach;Gemeinde Quirnbach;Landkreis Westerwaldkreis;Rheinland-Pfalz;071435007061;Gemeinde
Telgte;Stadt Telgte;Kreis Warendorf;Nordrhein-Westfalen;055700044044;Stadt
Murnau a.Staffelsee;Gemeinde Murnau a.Staffelsee;Landkreis Garmisch-Partenkirchen;Bayern;091800124124;Gemeinde
Starnberg;Stadt Starnberg;Landkreis Starnberg;Bayern;091880139139;Stadt
Regenstauf;Gemeinde Regenstauf;Landkreis Regensburg;Bayern;093750190190;Gemeinde
Herrieden;Stadt Herrieden;Landkreis Ansbach;Bayern;095710166166;Stadt
Oberthulba;Gemeinde Oberthulba;Landkreis Bad Kissingen;Bayern;096720139139;Gemeinde
Liebenwalde;Stadt Liebenwalde;Landkreis Oberhavel;Brandenburg;120650193193;Stadt
Schulzendorf;Gemeinde Schulzendorf;Landkreis Dahme-Spreewald;Brandenburg;120610444444;Gemeinde
Rechlin;Gemeinde Rechlin;Landkreis Mecklenburgische Seenplatte;Mecklenburg-Vorpommern;130715159122;Gemeinde
Benz;Gemeinde Benz;Landkreis Vorpommern-Greifswald;Mecklenburg-Vorpommern;130755562010;Gemeinde
Sonneberg;Stadt Sonneberg;Landkreis Sonneberg;Thüringen;160720018018;Stadt
Tanna;Stadt Tanna;Landkreis Saale-Orla-Kreis;Thüringen;160750132132;Stadt
Neustadt an der Orla;Stadt Neustadt an der Orla;Landkreis Saale-Orla-Kreis;Thüringen;160755050073;Stadt
Wahlhausen;Gemeinde Wahlhausen;Landkreis Eichsfeld;Thüringen;160615008102;Gemeinde
Arenshausen;Gemeinde Arenshausen;Landkreis Eichsfeld;Thüringen;160615008001;Gemeinde
Wingerode;Gemeinde Wingerode;Landkreis Eichsfeld;Thüringen;160615009107;Gemeinde
Flieth-Stegelitz;Gemeinde Flieth-Stegelitz;Landkreis Uckermark;Brandenburg;120735305157;Gemeinde
Barby;Stadt Barby;Landkreis Salzlandkreis;Sachsen-Anhalt;150890026026;Stadt
Annaburg;Stadt Annaburg;Landkreis Wittenberg;Sachsen-Anhalt;150910010010;Stadt
Unterwachingen;Gemeinde Unterwachingen;Landkreis Alb-Donau-Kreis;Baden-Württemberg;084255010125;Gemeinde
Elleben;Gemeinde Elleben;Landkreis Ilm-Kreis;Thüringen;160705009012;Gemeinde
Wiedensahl;Gemeinde Wiedensahl;Landkreis Schaumburg;Niedersachsen;032575404037;Gemeinde
Horst (Holstein);Gemeinde Horst (Holstein);Kreis Steinburg;Schleswig-Holstein;010615134044;Gemeinde
Bekdorf;Gemeinde Bekdorf;Kreis Steinburg;Schleswig-Holstein;010615138008;Gemeinde
Herzhorn;Gemeinde Herzhorn;Kreis Steinburg;Schleswig-Holstein;010615134037;Gemeinde
Groß Sarau;Gemeinde Groß Sarau;Kreis Herzogtum Lauenburg;Schleswig-Holstein;010535358043;Gemeinde
Heiligenstedtenerkamp;Gemeinde Heiligenstedtenerkamp;Kreis Steinburg;Schleswig-Holstein;010615138035;Gemeinde
Bahrenfleth;Gemeinde Bahrenfleth;Kreis Steinburg;Schleswig-Holstein;010615153006;Gemeinde
Quarnstedt;Gemeinde Quarnstedt;Kreis Steinburg;Schleswig-Holstein;010615189088;Gemeinde
Rodenberg;Stadt Rodenberg;Landkreis Schaumburg;Niedersachsen;032575406032;Stadt
Ellenberg;Gemeinde Ellenberg;Landkreis Birkenfeld;Rheinland-Pfalz;071345002023;Gemeinde
Kempfeld;Gemeinde Kempfeld;Landkreis Birkenfeld;Rheinland-Pfalz;071345005046;Gemeinde
Scheiditz;Gemeinde Scheiditz;Landkreis Saale-Holzland-Kreis;Thüringen;160745053082;Gemeinde
Quaschwitz;Gemeinde Quaschwitz;Landkreis Saale-Orla-Kreis;Thüringen;160755005087;Gemeinde
Oberlahr;Gemeinde Oberlahr;Landkreis Altenkirchen (Westerwald);Rheinland-Pfalz;071325010083;Gemeinde
Helmenzen;Gemeinde Helmenzen;Landkreis Altenkirchen (Westerwald);Rheinland-Pfalz;071325010047;Gemeinde
Horhausen (Westerwald);Gemeinde Horhausen (Westerwald);Landkreis Altenkirchen (Westerwald);Rheinland-Pfalz;071325010055;Gemeinde
Forst (Hunsrück);Gemeinde Forst (Hunsrück);Landkreis Cochem-Zell;Rheinland-Pfalz;071355005032;Gemeinde
Mettweiler;Gemeinde Mettweiler;Landkreis Birkenfeld;Rheinland-Pfalz;071345001054;Gemeinde
Beuren;Gemeinde Beuren;Landkreis Esslingen;Baden-Württemberg;081165004011;Gemeinde
Eddelak;Gemeinde Eddelak;Kreis Dithmarschen;Schleswig-Holstein;010515163024;Gemeinde
Weisenheim am Berg;Gemeinde Weisenheim am Berg;Landkreis Bad Dürkheim;Rheinland-Pfalz;073325002049;Gemeinde
Ebertsheim;Gemeinde Ebertsheim;Landkreis Bad Dürkheim;Rheinland-Pfalz;073325007012;Gemeinde
Waldweiler;Gemeinde Waldweiler;Landkreis Trier-Saarburg;Rheinland-Pfalz;072355008142;Gemeinde
Zerf;Gemeinde Zerf;Landkreis Trier-Saarburg;Rheinland-Pfalz;072355008152;Gemeinde
Gau-Bickelheim;Gemeinde Gau-Bickelheim;Landkreis Alzey-Worms;Rheinland-Pfalz;073315005030;Gemeinde
Wallertheim;Gemeinde Wallertheim;Landkreis Alzey-Worms;Rheinland-Pfalz;073315006068;Gemeinde
Kölln-Reisiek;Gemeinde Kölln-Reisiek;Kreis Pinneberg;Schleswig-Holstein;010565616031;Gemeinde
Winden im Elztal;Gemeinde Winden im Elztal;Landkreis Emmendingen;Baden-Württemberg;083165002055;Gemeinde
Kirch Jesar;Gemeinde Kirch Jesar;Landkreis Ludwigslust-Parchim;Mecklenburg-Vorpommern;130765658070;Gemeinde
Picher;Gemeinde Picher;Landkreis Ludwigslust-Parchim;Mecklenburg-Vorpommern;130765658111;Gemeinde
Gemmerich;Gemeinde Gemmerich;Landkreis Rhein-Lahn-Kreis;Rheinland-Pfalz;071415007047;Gemeinde
Schlierschied;Gemeinde Schlierschied;Landkreis Rhein-Hunsrück-Kreis;Rheinland-Pfalz;071405004135;Gemeinde
Quarnbek;Gemeinde Quarnbek;Kreis Rendsburg-Eckernförde;Schleswig-Holstein;010585803130;Gemeinde
Gosheim;Gemeinde Gosheim;Landkreis Tuttlingen;Baden-Württemberg;083275002019;Gemeinde
Lierschied;Gemeinde Lierschied;Landkreis Rhein-Lahn-Kreis;Rheinland-Pfalz;071415009079;Gemeinde
Durchhausen;Gemeinde Durchhausen;Landkreis Tuttlingen;Baden-Württemberg;083275005012;Gemeinde
Illerkirchberg;Gemeinde Illerkirchberg;Landkreis Alb-Donau-Kreis;Baden-Württemberg;084255006137;Gemeinde
Breitenbach;Gemeinde Breitenbach;Landkreis Kusel;Rheinland-Pfalz;073365009010;Gemeinde
Unnau;Gemeinde Unnau;Landkreis Westerwaldkreis;Rheinland-Pfalz;071435001300;Gemeinde
Burrweiler;Gemeinde Burrweiler;Landkreis Südliche Weinstraße;Rheinland-Pfalz;073375003015;Gemeinde
Wernersberg;Gemeinde Wernersberg;Landkreis Südliche Weinstraße;Rheinland-Pfalz;073375001083;Gemeinde
Hessisch Lichtenau;Stadt Hessisch Lichtenau;Landkreis Werra-Meißner-Kreis;Hessen;066360006006;Stadt
Ohlenhard;Gemeinde Ohlenhard;Landkreis Ahrweiler;Rheinland-Pfalz;071315001062;Gemeinde
Antweiler;Gemeinde Antweiler;Landkreis Ahrweiler;Rheinland-Pfalz;071315001004;Gemeinde
Leienkaul;Gemeinde Leienkaul;Landkreis Cochem-Zell;Rheinland-Pfalz;071355002502;Gemeinde
Lieg;Gemeinde Lieg;Landkreis Cochem-Zell;Rheinland-Pfalz;071355001053;Gemeinde
Senheim;Gemeinde Senheim;Landkreis Cochem-Zell;Rheinland-Pfalz;071355001079;Gemeinde
Bekond;Gemeinde Bekond;Landkreis Trier-Saarburg;Rheinland-Pfalz;072355006004;Gemeinde
Döttesfeld;Gemeinde Döttesfeld;Landkreis Neuwied;Rheinland-Pfalz;071385005013;Gemeinde
Acht;Gemeinde Acht;Landkreis Mayen-Koblenz;Rheinland-Pfalz;071375003001;Gemeinde
Hecken;Gemeinde Hecken;Landkreis Rhein-Hunsrück-Kreis;Rheinland-Pfalz;071405004048;Gemeinde
Gerhardshofen;Gemeinde Gerhardshofen;Landkreis Neustadt a.d.Aisch-Bad Windsheim;Bayern;095755522125;Gemeinde
Baudenbach;Gemeinde Baudenbach;Landkreis Neustadt a.d.Aisch-Bad Windsheim;Bayern;095755521113;Gemeinde
Münchsteinach;Gemeinde Münchsteinach;Landkreis Neustadt a.d.Aisch-Bad Windsheim;Bayern;095755521150;Gemeinde
Warnow;Gemeinde Warnow;Landkreis Rostock;Mecklenburg-Vorpommern;130725252114;Gemeinde
Simmelsdorf;Gemeinde Simmelsdorf;Landkreis Nürnberger Land;Bayern;095740158158;Gemeinde
Engelthal;Gemeinde Engelthal;Landkreis Nürnberger Land;Bayern;095745529120;Gemeinde
Ralswiek;Gemeinde Ralswiek;Landkreis Vorpommern-Rügen;Mecklenburg-Vorpommern;130735353072;Gemeinde
Wesselburen;Stadt Wesselburen;Kreis Dithmarschen;Schleswig-Holstein;010515178127;Stadt
Norddeich;Gemeinde Norddeich;Kreis Dithmarschen;Schleswig-Holstein;010515178079;Gemeinde
Süderholz;Gemeinde Süderholz;Landkreis Vorpommern-Rügen;Mecklenburg-Vorpommern;130730089089;Gemeinde
Trinwillershagen;Gemeinde Trinwillershagen;Landkreis Vorpommern-Rügen;Mecklenburg-Vorpommern;130735352094;Gemeinde
Palling;Gemeinde Palling;Landkreis Traunstein;Bayern;091890134134;Gemeinde
Obhausen;Gemeinde Obhausen;Landkreis Saalekreis;Sachsen-Anhalt;150885051265;Gemeinde
Wendisch Baggendorf;Gemeinde Wendisch Baggendorf;Landkreis Vorpommern-Rügen;Mecklenburg-Vorpommern;130735355098;Gemeinde
Grainet;Gemeinde Grainet;Landkreis Freyung-Grafenau;Bayern;092720121121;Gemeinde
Bibow;Gemeinde Bibow;Landkreis Nordwestmecklenburg;Mecklenburg-Vorpommern;130745457006;Gemeinde
Wörth a.d.Isar;Gemeinde Wörth a.d.Isar;Landkreis Landshut;Bayern;092745222191;Gemeinde
Painten;Gemeinde Painten;Landkreis Kelheim;Bayern;092730159159;Gemeinde
Abensberg;Stadt Abensberg;Landkreis Kelheim;Bayern;092730111111;Stadt
Bad Kissingen;Stadt Bad Kissingen;Landkreis Bad Kissingen;Bayern;096720114114;Stadt
Rottenburg a.d.Laaber;Stadt Rottenburg a.d.Laaber;Landkreis Landshut;Bayern;092740176176;Stadt
Velden;Gemeinde Velden;Landkreis Landshut;Bayern;092745227183;Gemeinde
Haarbach;Gemeinde Haarbach;Landkreis Passau;Bayern;092750125125;Gemeinde
Kleinsendelbach;Gemeinde Kleinsendelbach;Landkreis Forchheim;Bayern;094745426144;Gemeinde
Colditz;Stadt Colditz;Landkreis Leipzig;Sachsen;147290080080;Stadt
Hebertsfelden;Gemeinde Hebertsfelden;Landkreis Rottal-Inn;Bayern;092770124124;Gemeinde
Grambek;Gemeinde Grambek;Kreis Herzogtum Lauenburg;Schleswig-Holstein;010535313037;Gemeinde
Laudenbach;Gemeinde Laudenbach;Landkreis Miltenberg;Bayern;096765627135;Gemeinde
Sulzbach-Rosenberg;Stadt Sulzbach-Rosenberg;Landkreis Amberg-Sulzbach;Bayern;093710151151;Stadt
Alperstedt;Gemeinde Alperstedt;Landkreis Sömmerda;Thüringen;160685012001;Gemeinde
Sulzbach a.Main;Gemeinde Sulzbach a.Main;Landkreis Miltenberg;Bayern;096760160160;Gemeinde
Schwarzach;Gemeinde Schwarzach;Landkreis Straubing-Bogen;Bayern;092785252187;Gemeinde
Grönwohld;Gemeinde Grönwohld;Kreis Stormarn;Schleswig-Holstein;010625270021;Gemeinde
Moosbach;Gemeinde Moosbach;Landkreis Neustadt a.d.Waldnaab;Bayern;093740137137;Gemeinde
Berg b.Neumarkt i.d.OPf.;Gemeinde Berg b.Neumarkt i.d.OPf.;Landkreis Neumarkt i.d.OPf.;Bayern;093730113113;Gemeinde
Gnutz;Gemeinde Gnutz;Kreis Rendsburg-Eckernförde;Schleswig-Holstein;010585864059;Gemeinde
Nortorf;Stadt Nortorf;Kreis Rendsburg-Eckernförde;Schleswig-Holstein;010585864117;Stadt
Bissee;Gemeinde Bissee;Kreis Rendsburg-Eckernförde;Schleswig-Holstein;010585889016;Gemeinde
Alzenau;Stadt Alzenau;Landkreis Aschaffenburg;Bayern;096710111111;Stadt
Borkwalde;Gemeinde Borkwalde;Landkreis Potsdam-Mittelmark;Brandenburg;120695904056;Gemeinde
Haibach;Gemeinde Haibach;Landkreis Aschaffenburg;Bayern;096710124124;Gemeinde
Mömbris;Gemeinde Mömbris;Landkreis Aschaffenburg;Bayern;096710143143;Gemeinde
Sailauf;Gemeinde Sailauf;Landkreis Aschaffenburg;Bayern;096710150150;Gemeinde
Großrückerswalde;Gemeinde Großrückerswalde;Landkreis Erzgebirgskreis;Sachsen;145210250250;Gemeinde
Grünhain-Beierfeld;Stadt Grünhain-Beierfeld;Landkreis Erzgebirgskreis;Sachsen;145210260260;Stadt
Jöhstadt;Stadt Jöhstadt;Landkreis Erzgebirgskreis;Sachsen;145210330330;Stadt
Wolkenstein;Stadt Wolkenstein;Landkreis Erzgebirgskreis;Sachsen;145210670670;Stadt
Bandelin;Gemeinde Bandelin;Landkreis Vorpommern-Greifswald;Mecklenburg-Vorpommern;130755563006;Gemeinde
Gallin-Kuppentin;Gemeinde Gallin-Kuppentin;Landkreis Ludwigslust-Parchim;Mecklenburg-Vorpommern;130765655040;Gemeinde
Witzin;Gemeinde Witzin;Landkreis Ludwigslust-Parchim;Mecklenburg-Vorpommern;130765664155;Gemeinde
Großenstein;Gemeinde Großenstein;Landkreis Greiz;Thüringen;160765008023;Gemeinde
Aßling;Gemeinde Aßling;Landkreis Ebersberg;Bayern;091755112112;Gemeinde
Gaimersheim;Gemeinde Gaimersheim;Landkreis Eichstätt;Bayern;091760126126;Gemeinde
Pölzig;Gemeinde Pölzig;Landkreis Greiz;Thüringen;160765008058;Gemeinde
Limbach;Gemeinde Limbach;Landkreis Vogtlandkreis;Sachsen;145235120190;Gemeinde
Schwarzbach;Gemeinde Schwarzbach;Landkreis Greiz;Thüringen;160765006068;Gemeinde
Leubsdorf;Gemeinde Leubsdorf;Landkreis Mittelsachsen;Sachsen;145220320320;Gemeinde
Oberschöna;Gemeinde Oberschöna;Landkreis Mittelsachsen;Sachsen;145220430430;Gemeinde
Oederan;Stadt Oederan;Landkreis Mittelsachsen;Sachsen;145220440440;Stadt
Gernrode;Gemeinde Gernrode;Landkreis Eichsfeld;Thüringen;160615006037;Gemeinde
Lichtenau;Gemeinde Lichtenau;Landkreis Mittelsachsen;Sachsen;145220330330;Gemeinde
Schneppenbach;Gemeinde Schneppenbach;Landkreis Bad Kreuznach;Rheinland-Pfalz;071335009204;Gemeinde
Winkelsett;Gemeinde Winkelsett;Landkreis Oldenburg;Niedersachsen;034585401015;Gemeinde
Reiffelbach;Gemeinde Reiffelbach;Landkreis Bad Kreuznach;Rheinland-Pfalz;071335010084;Gemeinde
Ostercappeln;Gemeinde Ostercappeln;Landkreis Osnabrück;Niedersachsen;034590029029;Gemeinde
Bakum;Gemeinde Bakum;Landkreis Vechta;Niedersachsen;034600001001;Gemeinde
Dörpen;Gemeinde Dörpen;Landkreis Emsland;Niedersachsen;034545401008;Gemeinde
Büchenbeuren;Gemeinde Büchenbeuren;Landkreis Rhein-Hunsrück-Kreis;Rheinland-Pfalz;071405004024;Gemeinde
Oberlangen;Gemeinde Oberlangen;Landkreis Emsland;Niedersachsen;034545404040;Gemeinde
Werdum;Gemeinde Werdum;Landkreis Wittmund;Niedersachsen;034625401017;Gemeinde
Eversmeer;Gemeinde Eversmeer;Landkreis Wittmund;Niedersachsen;034625402004;Gemeinde
Groß Pampau;Gemeinde Groß Pampau;Kreis Herzogtum Lauenburg;Schleswig-Holstein;010535373042;Gemeinde
Watzerath;Gemeinde Watzerath;Landkreis Eifelkreis Bitburg-Prüm;Rheinland-Pfalz;072325006320;Gemeinde
Sickerode;Gemeinde Sickerode;Landkreis Eichsfeld;Thüringen;160615014086;Gemeinde
Arnshöfen;Gemeinde Arnshöfen;Landkreis Westerwaldkreis;Rheinland-Pfalz;071435008203;Gemeinde
Kreuzau;Gemeinde Kreuzau;Kreis Düren;Nordrhein-Westfalen;053580028028;Gemeinde
Ailertchen;Gemeinde Ailertchen;Landkreis Westerwaldkreis;Rheinland-Pfalz;071435009200;Gemeinde
Engelskirchen;Gemeinde Engelskirchen;Kreis Oberbergischer Kreis;Nordrhein-Westfalen;053740008008;Gemeinde
Brandscheid;Gemeinde Brandscheid;Landkreis Westerwaldkreis;Rheinland-Pfalz;071435009213;Gemeinde
Hörstel;Stadt Hörstel;Kreis Steinfurt;Nordrhein-Westfalen;055660016016;Stadt
Wettringen;Gemeinde Wettringen;Kreis Steinfurt;Nordrhein-Westfalen;055660096096;Gemeinde
Kalt;Gemeinde Kalt;Landkreis Mayen-Koblenz;Rheinland-Pfalz;071375002041;Gemeinde
Vlotho;Stadt Vlotho;Kreis Herford;Nordrhein-Westfalen;057580036036;Stadt
Orbis;Gemeinde Orbis;Landkreis Donnersbergkreis;Rheinland-Pfalz;073335004057;Gemeinde
Koberg;Gemeinde Koberg;Kreis Herzogtum Lauenburg;Schleswig-Holstein;010535391069;Gemeinde
Brakel;Stadt Brakel;Kreis Höxter;Nordrhein-Westfalen;057620016016;Stadt
Zierow;Gemeinde Zierow;Landkreis Nordwestmecklenburg;Mecklenburg-Vorpommern;130745454089;Gemeinde
Veldensteiner Forst;Gemeindefreies Gebiet Veldensteiner Forst;Landkreis Bayreuth;Bayern;094729468468;Gemeindefreies Gebiet
Lautertal;Gemeinde Lautertal;Landkreis Coburg;Bayern;094730141141;Gemeinde
Eisleben;Stadt Eisleben;Landkreis Mansfeld-Südharz;Sachsen-Anhalt;150870130130;Stadt
Hecklingen;Stadt Hecklingen;Landkreis Salzlandkreis;Sachsen-Anhalt;150890175175;Stadt
Cramonshagen;Gemeinde Cramonshagen;Landkreis Nordwestmecklenburg;Mecklenburg-Vorpommern;130745455014;Gemeinde
Gottesgabe;Gemeinde Gottesgabe;Landkreis Nordwestmecklenburg;Mecklenburg-Vorpommern;130745455024;Gemeinde
Silz;Gemeinde Silz;Landkreis Mecklenburgische Seenplatte;Mecklenburg-Vorpommern;130715154138;Gemeinde
Niederorschel;Gemeinde Niederorschel;Landkreis Eichsfeld;Thüringen;160610074074;Gemeinde
Bad Wünnenberg;Stadt Bad Wünnenberg;Kreis Paderborn;Nordrhein-Westfalen;057740040040;Stadt
Dietzenrode/Vatterode;Gemeinde Dietzenrode/Vatterode;Landkreis Eichsfeld;Thüringen;160615051024;Gemeinde
Üdersdorf;Gemeinde Üdersdorf;Landkreis Vulkaneifel;Rheinland-Pfalz;072335001075;Gemeinde
Gorxheimertal;Gemeinde Gorxheimertal;Landkreis Bergstraße;Hessen;064310008008;Gemeinde
Rimbach;Gemeinde Rimbach;Landkreis Bergstraße;Hessen;064310019019;Gemeinde
Winterborn;Gemeinde Winterborn;Landkreis Donnersbergkreis;Rheinland-Pfalz;073335007083;Gemeinde
Steinbach am Donnersberg;Gemeinde Steinbach am Donnersberg;Landkreis Donnersbergkreis;Rheinland-Pfalz;073335006075;Gemeinde
Bayerfeld-Steckweiler;Gemeinde Bayerfeld-Steckweiler;Landkreis Donnersbergkreis;Rheinland-Pfalz;073335007004;Gemeinde
Holzwickede;Gemeinde Holzwickede;Kreis Unna;Nordrhein-Westfalen;059780016016;Gemeinde
Schüller;Gemeinde Schüller;Landkreis Vulkaneifel;Rheinland-Pfalz;072335006239;Gemeinde
Horperath;Gemeinde Horperath;Landkreis Vulkaneifel;Rheinland-Pfalz;072335004216;Gemeinde
Lorch;Stadt Lorch;Landkreis Rheingau-Taunus-Kreis;Hessen;064390010010;Stadt
Oestrich-Winkel;Stadt Oestrich-Winkel;Landkreis Rheingau-Taunus-Kreis;Hessen;064390012012;Stadt
Maintal;Stadt Maintal;Landkreis Main-Kinzig-Kreis;Hessen;064350019019;Stadt
Schlüchtern;Stadt Schlüchtern;Landkreis Main-Kinzig-Kreis;Hessen;064350025025;Stadt
Geisig;Gemeinde Geisig;Landkreis Rhein-Lahn-Kreis;Rheinland-Pfalz;071415010046;Gemeinde
Brechen;Gemeinde Brechen;Landkreis Limburg-Weilburg;Hessen;065330002002;Gemeinde
Breitscheid;Gemeinde Breitscheid;Landkreis Lahn-Dill-Kreis;Hessen;065320004004;Gemeinde
Dalheim;Gemeinde Dalheim;Landkreis Mainz-Bingen;Rheinland-Pfalz;073395007010;Gemeinde
Kirchhain;Stadt Kirchhain;Landkreis Marburg-Biedenkopf;Hessen;065340011011;Stadt
Breitengüßbacher Forst;Gemeindefreies Gebiet Breitengüßbacher Forst;Landkreis Lichtenfels;Bayern;094789451451;Gemeindefreies Gebiet
Weißenstadt;Stadt Weißenstadt;Landkreis Wunsiedel i.Fichtelgebirge;Bayern;094790166166;Stadt
Gensingen;Gemeinde Gensingen;Landkreis Mainz-Bingen;Rheinland-Pfalz;073395008021;Gemeinde
Gielert;Gemeinde Gielert;Landkreis Bernkastel-Wittlich;Rheinland-Pfalz;072315006035;Gemeinde
Talling;Gemeinde Talling;Landkreis Bernkastel-Wittlich;Rheinland-Pfalz;072315006122;Gemeinde
Burgoberbach;Gemeinde Burgoberbach;Landkreis Ansbach;Bayern;095710127127;Gemeinde
Steinkirchen;Gemeinde Steinkirchen;Landkreis Erding;Bayern;091775125138;Gemeinde
Gerolfingen;Gemeinde Gerolfingen;Landkreis Ansbach;Bayern;095715509154;Gemeinde
Bürgerwald;Gemeindefreies Gebiet Bürgerwald;Landkreis Schweinfurt;Bayern;096789451451;Gemeindefreies Gebiet
Röttenbach;Gemeinde Röttenbach;Landkreis Erlangen-Höchstadt;Bayern;095720149149;Gemeinde
Rositz;Gemeinde Rositz;Landkreis Altenburger Land;Thüringen;160775005042;Gemeinde
Weisendorf;Gemeinde Weisendorf;Landkreis Erlangen-Höchstadt;Bayern;095720164164;Gemeinde
Kirchensittenbach;Gemeinde Kirchensittenbach;Landkreis Nürnberger Land;Bayern;095740135135;Gemeinde
Mammendorf;Gemeinde Mammendorf;Landkreis Fürstenfeldbruck;Bayern;091795131136;Gemeinde
Bad Bayersoien;Gemeinde Bad Bayersoien;Landkreis Garmisch-Partenkirchen;Bayern;091805133113;Gemeinde
Farchant;Gemeinde Farchant;Landkreis Garmisch-Partenkirchen;Bayern;091800116116;Gemeinde
Igling;Gemeinde Igling;Landkreis Landsberg am Lech;Bayern;091815139127;Gemeinde
Schiphorst;Gemeinde Schiphorst;Kreis Herzogtum Lauenburg;Schleswig-Holstein;010535391109;Gemeinde
Geisa;Stadt Geisa;Landkreis Wartburgkreis;Thüringen;160635056032;Stadt
Kleinschwabhausen;Gemeinde Kleinschwabhausen;Landkreis Weimarer Land;Thüringen;160715008042;Gemeinde
Rhönblick;Gemeinde Rhönblick;Landkreis Schmalkalden-Meiningen;Thüringen;160660093093;Gemeinde
Sömmerda;Stadt Sömmerda;Landkreis Sömmerda;Thüringen;160680051051;Stadt
Wiebelsheim;Gemeinde Wiebelsheim;Landkreis Rhein-Hunsrück-Kreis;Rheinland-Pfalz;071405009161;Gemeinde
Altendiez;Gemeinde Altendiez;Landkreis Rhein-Lahn-Kreis;Rheinland-Pfalz;071415003002;Gemeinde
Dörphof;Gemeinde Dörphof;Kreis Rendsburg-Eckernförde;Schleswig-Holstein;010585893042;Gemeinde
Plaue;Stadt Plaue;Landkreis Ilm-Kreis;Thüringen;160705002043;Stadt
Bad Blankenburg;Stadt Bad Blankenburg;Landkreis Saalfeld-Rudolstadt;Thüringen;160730005005;Stadt
Bad Lobenstein;Stadt Bad Lobenstein;Landkreis Saale-Orla-Kreis;Thüringen;160750062062;Stadt
Schöndorf;Gemeinde Schöndorf;Landkreis Saale-Orla-Kreis;Thüringen;160755013102;Gemeinde
Achtrup;Gemeinde Achtrup;Kreis Nordfriesland;Schleswig-Holstein;010545489001;Gemeinde
Gallin;Gemeinde Gallin;Landkreis Ludwigslust-Parchim;Mecklenburg-Vorpommern;130765667039;Gemeinde
Luckaitztal;Gemeinde Luckaitztal;Landkreis Oberspreewald-Lausitz;Brandenburg;120665601202;Gemeinde
Erkner;Stadt Erkner;Landkreis Oder-Spree;Brandenburg;120670124124;Stadt
Hausham;Gemeinde Hausham;Landkreis Miesbach;Bayern;091820119119;Gemeinde
Warngau;Gemeinde Warngau;Landkreis Miesbach;Bayern;091820136136;Gemeinde
Oderaue;Gemeinde Oderaue;Landkreis Märkisch-Oderland;Brandenburg;120645414371;Gemeinde
Polling;Gemeinde Polling;Landkreis Mühldorf a.Inn;Bayern;091835151136;Gemeinde
Biersdorf am See;Gemeinde Biersdorf am See;Landkreis Eifelkreis Bitburg-Prüm;Rheinland-Pfalz;072325008015;Gemeinde
Neubeuern;Gemeinde Neubeuern;Landkreis Rosenheim;Bayern;091870154154;Gemeinde
Jetzendorf;Gemeinde Jetzendorf;Landkreis Pfaffenhofen a.d.Ilm;Bayern;091860132132;Gemeinde
Oberfell;Gemeinde Oberfell;Landkreis Mayen-Koblenz;Rheinland-Pfalz;071375009220;Gemeinde
Schönberg;Gemeindefreies Gebiet Schönberg;Landkreis Nürnberger Land;Bayern;095749463463;Gemeindefreies Gebiet
Ziesar;Stadt Ziesar;Landkreis Potsdam-Mittelmark;Brandenburg;120695918696;Stadt
Nüdlingen;Gemeinde Nüdlingen;Landkreis Bad Kissingen;Bayern;096720136136;Gemeinde
Triglitz;Gemeinde Triglitz;Landkreis Prignitz;Brandenburg;120705009393;Gemeinde
Oberbodnitz;Gemeinde Oberbodnitz;Landkreis Saale-Holzland-Kreis;Thüringen;160745007064;Gemeinde
Hettenhausen;Gemeinde Hettenhausen;Landkreis Südwestpfalz;Rheinland-Pfalz;073405009018;Gemeinde
Steinenbronn;Gemeinde Steinenbronn;Landkreis Böblingen;Baden-Württemberg;081155006046;Gemeinde
Aidlingen;Gemeinde Aidlingen;Landkreis Böblingen;Baden-Württemberg;081155001001;Gemeinde
Deizisau;Gemeinde Deizisau;Landkreis Esslingen;Baden-Württemberg;081165006014;Gemeinde
Böhmenkirch;Gemeinde Böhmenkirch;Landkreis Göppingen;Baden-Württemberg;081170010010;Gemeinde
Kirchheim unter Teck;Stadt Kirchheim unter Teck;Landkreis Esslingen;Baden-Württemberg;081165001033;Stadt
Flußbach;Gemeinde Flußbach;Landkreis Bernkastel-Wittlich;Rheinland-Pfalz;072315009033;Gemeinde
Hütschenhausen;Gemeinde Hütschenhausen;Landkreis Kaiserslautern;Rheinland-Pfalz;073355008016;Gemeinde
Eußerthal;Gemeinde Eußerthal;Landkreis Südliche Weinstraße;Rheinland-Pfalz;073375001024;Gemeinde
Schneckenhausen;Gemeinde Schneckenhausen;Landkreis Kaiserslautern;Rheinland-Pfalz;073355010042;Gemeinde
Kirrweiler;Gemeinde Kirrweiler;Landkreis Kusel;Rheinland-Pfalz;073365008050;Gemeinde
Kinderbeuern;Gemeinde Kinderbeuern;Landkreis Bernkastel-Wittlich;Rheinland-Pfalz;072315009067;Gemeinde
Daleiden;Gemeinde Daleiden;Landkreis Eifelkreis Bitburg-Prüm;Rheinland-Pfalz;072325001213;Gemeinde
Büdesheim;Gemeinde Büdesheim;Landkreis Eifelkreis Bitburg-Prüm;Rheinland-Pfalz;072325006209;Gemeinde
Walsdorf;Gemeinde Walsdorf;Landkreis Vulkaneifel;Rheinland-Pfalz;072335006080;Gemeinde
Serrig;Gemeinde Serrig;Landkreis Trier-Saarburg;Rheinland-Pfalz;072355008126;Gemeinde
Beidenfleth;Gemeinde Beidenfleth;Kreis Steinburg;Schleswig-Holstein;010615179007;Gemeinde
Ahrensburg;Stadt Ahrensburg;Kreis Stormarn;Schleswig-Holstein;010620001001;Stadt
Kellenhusen (Ostsee);Gemeinde Kellenhusen (Ostsee);Kreis Ostholstein;Schleswig-Holstein;010550025025;Gemeinde
Lasbek;Gemeinde Lasbek;Kreis Stormarn;Schleswig-Holstein;010625207089;Gemeinde
Rümpel;Gemeinde Rümpel;Kreis Stormarn;Schleswig-Holstein;010625207065;Gemeinde
Prisdorf;Gemeinde Prisdorf;Kreis Pinneberg;Schleswig-Holstein;010565687040;Gemeinde
Neukirchen;Gemeinde Neukirchen;Kreis Ostholstein;Schleswig-Holstein;010555543031;Gemeinde
Wangels;Gemeinde Wangels;Kreis Ostholstein;Schleswig-Holstein;010555543043;Gemeinde
Gettorf;Gemeinde Gettorf;Kreis Rendsburg-Eckernförde;Schleswig-Holstein;010585824058;Gemeinde
Badendorf;Gemeinde Badendorf;Kreis Stormarn;Schleswig-Holstein;010625244003;Gemeinde
Grebin;Gemeinde Grebin;Kreis Plön;Schleswig-Holstein;010575739022;Gemeinde
Krummwisch;Gemeinde Krummwisch;Kreis Rendsburg-Eckernförde;Schleswig-Holstein;010585803093;Gemeinde
Schönhorst;Gemeinde Schönhorst;Kreis Rendsburg-Eckernförde;Schleswig-Holstein;010585896145;Gemeinde
Freienwill;Gemeinde Freienwill;Kreis Schleswig-Flensburg;Schleswig-Holstein;010595919182;Gemeinde
Katzenbach;Gemeinde Katzenbach;Landkreis Donnersbergkreis;Rheinland-Pfalz;073335007037;Gemeinde
Medelby;Gemeinde Medelby;Kreis Schleswig-Flensburg;Schleswig-Holstein;010595952143;Gemeinde
Bergenhusen;Gemeinde Bergenhusen;Kreis Schleswig-Flensburg;Schleswig-Holstein;010595996005;Gemeinde
Laatzen;Stadt Laatzen;Landkreis Region Hannover;Niedersachsen;032410009009;Stadt
Sehnde;Stadt Sehnde;Landkreis Region Hannover;Niedersachsen;032410016016;Stadt
Seesen;Stadt Seesen;Landkreis Goslar;Niedersachsen;031530012012;Stadt
Königslutter am Elm;Stadt Königslutter am Elm;Landkreis Helmstedt;Niedersachsen;031540013013;Stadt
Lengede;Gemeinde Lengede;Landkreis Peine;Niedersachsen;031570005005;Gemeinde
Katlenburg-Lindau;Gemeinde Katlenburg-Lindau;Landkreis Northeim;Niedersachsen;031550007007;Gemeinde
Edemissen;Gemeinde Edemissen;Landkreis Peine;Niedersachsen;031570001001;Gemeinde
Bilshausen;Gemeinde Bilshausen;Landkreis Göttingen;Niedersachsen;031595402005;Gemeinde
Hütterscheid;Gemeinde Hütterscheid;Landkreis Eifelkreis Bitburg-Prüm;Rheinland-Pfalz;072325008057;Gemeinde
Abtswind;Gemeinde Abtswind;Landkreis Kitzingen;Bayern;096755614111;Gemeinde
Polsingen;Gemeinde Polsingen;Landkreis Weißenburg-Gunzenhausen;Bayern;095770162162;Gemeinde
Markt Einersheim;Gemeinde Markt Einersheim;Landkreis Kitzingen;Bayern;096755616148;Gemeinde
Weißenburg i.Bay.;Stadt Weißenburg i.Bay.;Landkreis Weißenburg-Gunzenhausen;Bayern;095770177177;Stadt
Westheim;Gemeinde Westheim;Landkreis Weißenburg-Gunzenhausen;Bayern;095775536179;Gemeinde
Wennigsen (Deister);Gemeinde Wennigsen (Deister);Landkreis Region Hannover;Niedersachsen;032410020020;Gemeinde
Halle;Gemeinde Halle;Landkreis Holzminden;Niedersachsen;032555408016;Gemeinde
Coppenbrügge;Gemeinde Coppenbrügge;Landkreis Hameln-Pyrmont;Niedersachsen;032520004004;Gemeinde
Sachsenhagen;Stadt Sachsenhagen;Landkreis Schaumburg;Niedersachsen;032575407033;Stadt
Cronenberg;Gemeinde Cronenberg;Landkreis Kusel;Rheinland-Pfalz;073365008013;Gemeinde
Rohrdorf;Gemeinde Rohrdorf;Landkreis Rosenheim;Bayern;091870169169;Gemeinde
Wesseling;Stadt Wesseling;Kreis Rhein-Erft-Kreis;Nordrhein-Westfalen;053620040040;Stadt
Edling;Gemeinde Edling;Landkreis Rosenheim;Bayern;091870124124;Gemeinde
Andechs;Gemeinde Andechs;Landkreis Starnberg;Bayern;091880117117;Gemeinde
Kissing;Gemeinde Kissing;Landkreis Aichach-Friedberg;Bayern;097710142142;Gemeinde
Esselbach;Gemeinde Esselbach;Landkreis Main-Spessart;Bayern;096775621126;Gemeinde
Roden;Gemeinde Roden;Landkreis Main-Spessart;Bayern;096775621178;Gemeinde
Stadtlauringen;Gemeinde Stadtlauringen;Landkreis Schweinfurt;Bayern;096780181181;Gemeinde
Ellgau;Gemeinde Ellgau;Landkreis Augsburg;Bayern;097725706136;Gemeinde
Baar (Schwaben);Gemeinde Baar (Schwaben);Landkreis Aichach-Friedberg;Bayern;097715771176;Gemeinde
Tostedt;Gemeinde Tostedt;Landkreis Harburg;Niedersachsen;033535406035;Gemeinde
Westergellersen;Gemeinde Westergellersen;Landkreis Lüneburg;Niedersachsen;033555404041;Gemeinde
Haldenwang;Gemeinde Haldenwang;Landkreis Günzburg;Bayern;097745728140;Gemeinde
Westerhever;Gemeinde Westerhever;Kreis Nordfriesland;Schleswig-Holstein;010545417150;Gemeinde
Kutenholz;Gemeinde Kutenholz;Landkreis Stade;Niedersachsen;033595402031;Gemeinde
Neuenkirchen;Gemeinde Neuenkirchen;Landkreis Stade;Niedersachsen;033595406033;Gemeinde
Römstedt;Gemeinde Römstedt;Landkreis Uelzen;Niedersachsen;033605407017;Gemeinde
Lüder;Gemeinde Lüder;Landkreis Uelzen;Niedersachsen;033605408013;Gemeinde
Rott;Gemeinde Rott;Landkreis Altenkirchen (Westerwald);Rheinland-Pfalz;071325010097;Gemeinde
Korb;Gemeinde Korb;Landkreis Rems-Murr-Kreis;Baden-Württemberg;081190041041;Gemeinde
Langenburg;Stadt Langenburg;Landkreis Schwäbisch Hall;Baden-Württemberg;081275004047;Stadt
Leutenbach;Gemeinde Leutenbach;Landkreis Rems-Murr-Kreis;Baden-Württemberg;081195006042;Gemeinde
Schorndorf;Stadt Schorndorf;Landkreis Rems-Murr-Kreis;Baden-Württemberg;081195003067;Stadt
Winnenden;Stadt Winnenden;Landkreis Rems-Murr-Kreis;Baden-Württemberg;081195006085;Stadt
Cleebronn;Gemeinde Cleebronn;Landkreis Heilbronn;Baden-Württemberg;081255003017;Gemeinde
Roigheim;Gemeinde Roigheim;Landkreis Heilbronn;Baden-Württemberg;081255007084;Gemeinde
Obersulm;Gemeinde Obersulm;Landkreis Heilbronn;Baden-Württemberg;081255011110;Gemeinde
Vierden;Gemeinde Vierden;Landkreis Rotenburg (Wümme);Niedersachsen;033575405050;Gemeinde
Hipstedt;Gemeinde Hipstedt;Landkreis Rotenburg (Wümme);Niedersachsen;033575403027;Gemeinde
Aarbergen;Gemeinde Aarbergen;Landkreis Rheingau-Taunus-Kreis;Hessen;064390001001;Gemeinde
Oettern;Gemeinde Oettern;Landkreis Weimarer Land;Thüringen;160715008071;Gemeinde
Eilsleben;Gemeinde Eilsleben;Landkreis Börde;Sachsen-Anhalt;150835053190;Gemeinde
Steinigtwolmsdorf;Gemeinde Steinigtwolmsdorf;Landkreis Bautzen;Sachsen;146250590590;Gemeinde
Großharthau;Gemeinde Großharthau;Landkreis Bautzen;Sachsen;146255211170;Gemeinde
Lawalde;Gemeinde Lawalde;Landkreis Görlitz;Sachsen;146265220270;Gemeinde
Mittelherwigsdorf;Gemeinde Mittelherwigsdorf;Landkreis Görlitz;Sachsen;146260310310;Gemeinde
Hähnichen;Gemeinde Hähnichen;Landkreis Görlitz;Sachsen;146265235160;Gemeinde
Wefensleben;Gemeinde Wefensleben;Landkreis Börde;Sachsen-Anhalt;150835053535;Gemeinde
Völpke;Gemeinde Völpke;Landkreis Börde;Sachsen-Anhalt;150835053515;Gemeinde
Greiz;Stadt Greiz;Landkreis Greiz;Thüringen;160760022022;Stadt
Cunewalde;Gemeinde Cunewalde;Landkreis Bautzen;Sachsen;146250090090;Gemeinde
Iden;Gemeinde Iden;Landkreis Stendal;Sachsen-Anhalt;150905051270;Gemeinde
Malsfeld;Gemeinde Malsfeld;Landkreis Schwalm-Eder-Kreis;Hessen;066340013013;Gemeinde
Bötzingen;Gemeinde Bötzingen;Landkreis Breisgau-Hochschwarzwald;Baden-Württemberg;083155009013;Gemeinde
Rheinbrohl;Gemeinde Rheinbrohl;Landkreis Neuwied;Rheinland-Pfalz;071385002063;Gemeinde
Michelfeld;Gemeinde Michelfeld;Landkreis Schwäbisch Hall;Baden-Württemberg;081275009059;Gemeinde
Weikersheim;Stadt Weikersheim;Landkreis Main-Tauber-Kreis;Baden-Württemberg;081280126126;Stadt
Wolfhagen;Stadt Wolfhagen;Landkreis Kassel;Hessen;066330028028;Stadt
Rogätz;Gemeinde Rogätz;Landkreis Börde;Sachsen-Anhalt;150835051440;Gemeinde
Hügelsheim;Gemeinde Hügelsheim;Landkreis Rastatt;Baden-Württemberg;082165007022;Gemeinde
Hüffenhardt;Gemeinde Hüffenhardt;Landkreis Neckar-Odenwald-Kreis;Baden-Württemberg;082255002042;Gemeinde
Aglasterhausen;Gemeinde Aglasterhausen;Landkreis Neckar-Odenwald-Kreis;Baden-Württemberg;082255003002;Gemeinde
Walldürn;Stadt Walldürn;Landkreis Neckar-Odenwald-Kreis;Baden-Württemberg;082255001109;Stadt
Zwingenberg;Gemeinde Zwingenberg;Landkreis Neckar-Odenwald-Kreis;Baden-Württemberg;082255006113;Gemeinde
Bad Peterstal-Griesbach;Gemeinde Bad Peterstal-Griesbach;Landkreis Ortenaukreis;Baden-Württemberg;083175008008;Gemeinde
Oppenau;Stadt Oppenau;Landkreis Ortenaukreis;Baden-Württemberg;083175008098;Stadt
Utzenfeld;Gemeinde Utzenfeld;Landkreis Lörrach;Baden-Württemberg;083365006090;Gemeinde
Oberwolfach;Gemeinde Oberwolfach;Landkreis Ortenaukreis;Baden-Württemberg;083175013093;Gemeinde
Hardt;Gemeinde Hardt;Landkreis Rottweil;Baden-Württemberg;083255005024;Gemeinde
Fischerbach;Gemeinde Fischerbach;Landkreis Ortenaukreis;Baden-Württemberg;083175004029;Gemeinde
Sollwitt;Gemeinde Sollwitt;Kreis Nordfriesland;Schleswig-Holstein;010545453123;Gemeinde
Hornberg;Stadt Hornberg;Landkreis Ortenaukreis;Baden-Württemberg;083170051051;Stadt
Rammingen;Gemeinde Rammingen;Landkreis Unterallgäu;Bayern;097785764209;Gemeinde
Knorrendorf;Gemeinde Knorrendorf;Landkreis Mecklenburgische Seenplatte;Mecklenburg-Vorpommern;130715162079;Gemeinde
Lindetal;Gemeinde Lindetal;Landkreis Mecklenburgische Seenplatte;Mecklenburg-Vorpommern;130715161090;Gemeinde
Lamerdingen;Gemeinde Lamerdingen;Landkreis Ostallgäu;Bayern;097775748145;Gemeinde
Schönwald im Schwarzwald;Gemeinde Schönwald im Schwarzwald;Landkreis Schwarzwald-Baar-Kreis;Baden-Württemberg;083265003054;Gemeinde
Gailingen am Hochrhein;Gemeinde Gailingen am Hochrhein;Landkreis Konstanz;Baden-Württemberg;083355002026;Gemeinde
Böllen;Gemeinde Böllen;Landkreis Lörrach;Baden-Württemberg;083365006010;Gemeinde
Tunau;Gemeinde Tunau;Landkreis Lörrach;Baden-Württemberg;083365006089;Gemeinde
Kusterdingen;Gemeinde Kusterdingen;Landkreis Tübingen;Baden-Württemberg;084160023023;Gemeinde
Eckartsberga;Stadt Eckartsberga;Landkreis Burgenlandkreis;Sachsen-Anhalt;150845051125;Stadt
Börslingen;Gemeinde Börslingen;Landkreis Alb-Donau-Kreis;Baden-Württemberg;084255008022;Gemeinde
Riedlingen;Stadt Riedlingen;Landkreis Biberach;Baden-Württemberg;084265007097;Stadt
Burgberg i.Allgäu;Gemeinde Burgberg i.Allgäu;Landkreis Oberallgäu;Bayern;097800118118;Gemeinde
Kressbronn am Bodensee;Gemeinde Kressbronn am Bodensee;Landkreis Bodenseekreis;Baden-Württemberg;084355001029;Gemeinde
Langenargen;Gemeinde Langenargen;Landkreis Bodenseekreis;Baden-Württemberg;084355001030;Gemeinde
Ebersberger Forst;Gemeindefreies Gebiet Ebersberger Forst;Landkreis Ebersberg;Bayern;091759452452;Gemeindefreies Gebiet
Owingen;Gemeinde Owingen;Landkreis Bodenseekreis;Baden-Württemberg;084355007047;Gemeinde
Maihingen;Gemeinde Maihingen;Landkreis Donau-Ries;Bayern;097795720176;Gemeinde
Bargenstedt;Gemeinde Bargenstedt;Kreis Dithmarschen;Schleswig-Holstein;010515175004;Gemeinde
Wolfratshausen;Stadt Wolfratshausen;Landkreis Bad Tölz-Wolfratshausen;Bayern;091730147147;Stadt
Wolfegg;Gemeinde Wolfegg;Landkreis Ravensburg;Baden-Württemberg;084365006085;Gemeinde
Juist;Gemeinde Juist;Landkreis Aurich;Niedersachsen;034520013013;Gemeinde
Tottleben;Gemeinde Tottleben;Landkreis Unstrut-Hainich-Kreis;Thüringen;160645001062;Gemeinde
Burgsponheim;Gemeinde Burgsponheim;Landkreis Bad Kreuznach;Rheinland-Pfalz;071335006019;Gemeinde
Halbemond;Gemeinde Halbemond;Landkreis Aurich;Niedersachsen;034525403010;Gemeinde
Volkerzen;Gemeinde Volkerzen;Landkreis Altenkirchen (Westerwald);Rheinland-Pfalz;071325010110;Gemeinde
Saterland;Gemeinde Saterland;Landkreis Cloppenburg;Niedersachsen;034530013013;Gemeinde
Niederrieden;Gemeinde Niederrieden;Landkreis Unterallgäu;Bayern;097785761177;Gemeinde
Westerheim;Gemeinde Westerheim;Landkreis Unterallgäu;Bayern;097785762214;Gemeinde
Wasserthaleben;Gemeinde Wasserthaleben;Landkreis Kyffhäuserkreis;Thüringen;160655002077;Gemeinde
Stötten a.Auerberg;Gemeinde Stötten a.Auerberg;Landkreis Ostallgäu;Bayern;097775772171;Gemeinde
Andervenne;Gemeinde Andervenne;Landkreis Emsland;Niedersachsen;034545402001;Gemeinde
Negernbötel;Gemeinde Negernbötel;Kreis Segeberg;Schleswig-Holstein;010605086059;Gemeinde
Wolsdorf;Gemeinde Wolsdorf;Landkreis Helmstedt;Niedersachsen;031545403026;Gemeinde
Königslutter;Gemeindefreies Gebiet Königslutter;Landkreis Helmstedt;Niedersachsen;031549503503;Gemeindefreies Gebiet
Ringsberg;Gemeinde Ringsberg;Kreis Schleswig-Flensburg;Schleswig-Holstein;010595937157;Gemeinde
Kesfeld;Gemeinde Kesfeld;Landkreis Eifelkreis Bitburg-Prüm;Rheinland-Pfalz;072325001247;Gemeinde
Bad Lauterberg im Harz;Stadt Bad Lauterberg im Harz;Landkreis Göttingen;Niedersachsen;031590003003;Stadt
Grafenwöhr;Stadt Grafenwöhr;Landkreis Neustadt a.d.Waldnaab;Bayern;093740124124;Stadt
Bodenrode-Westhausen;Gemeinde Bodenrode-Westhausen;Landkreis Eichsfeld;Thüringen;160615009012;Gemeinde
Engelthaler Forst;Gemeindefreies Gebiet Engelthaler Forst;Landkreis Nürnberger Land;Bayern;095749453453;Gemeindefreies Gebiet
Osing;Gemeindefreies Gebiet Osing;Landkreis Neustadt a.d.Aisch-Bad Windsheim;Bayern;095759451451;Gemeindefreies Gebiet
Schwedt/Oder;Stadt Schwedt/Oder;Landkreis Uckermark;Brandenburg;120735051532;Stadt
Roth;Stadt Roth;Landkreis Roth;Bayern;095760143143;Stadt
Bobzin;Gemeinde Bobzin;Landkreis Ludwigslust-Parchim;Mecklenburg-Vorpommern;130765658013;Gemeinde
Markvippach;Gemeinde Markvippach;Landkreis Sömmerda;Thüringen;160685012036;Gemeinde
Suhl;Stadt Suhl;Kreisfreie Stadt Suhl;Thüringen;160540000000;Stadt
Dünsen;Gemeinde Dünsen;Landkreis Oldenburg;Niedersachsen;034585401004;Gemeinde
Looft;Gemeinde Looft;Kreis Steinburg;Schleswig-Holstein;010615168066;Gemeinde
Schenefeld;Gemeinde Schenefeld;Kreis Steinburg;Schleswig-Holstein;010615168097;Gemeinde
Mackenrodt;Gemeinde Mackenrodt;Landkreis Birkenfeld;Rheinland-Pfalz;071345005052;Gemeinde
Niederwörresbach;Gemeinde Niederwörresbach;Landkreis Birkenfeld;Rheinland-Pfalz;071345005060;Gemeinde
Sulza;Gemeinde Sulza;Landkreis Saale-Holzland-Kreis;Thüringen;160745011095;Gemeinde
Mörschied;Gemeinde Mörschied;Landkreis Birkenfeld;Rheinland-Pfalz;071345005056;Gemeinde
Langweiler;Gemeinde Langweiler;Landkreis Birkenfeld;Rheinland-Pfalz;071345005502;Gemeinde
Pörmitz;Gemeinde Pörmitz;Landkreis Saale-Orla-Kreis;Thüringen;160755004084;Gemeinde
Gertewitz;Gemeinde Gertewitz;Landkreis Saale-Orla-Kreis;Thüringen;160755005031;Gemeinde
Adelberg;Gemeinde Adelberg;Landkreis Göppingen;Baden-Württemberg;081175008001;Gemeinde
Horbach;Gemeinde Horbach;Landkreis Südwestpfalz;Rheinland-Pfalz;073405006025;Gemeinde
Grenderich;Gemeinde Grenderich;Landkreis Cochem-Zell;Rheinland-Pfalz;071355005037;Gemeinde
Oldsum;Gemeinde Oldsum;Kreis Nordfriesland;Schleswig-Holstein;010545488098;Gemeinde
Essingen;Gemeinde Essingen;Landkreis Südliche Weinstraße;Rheinland-Pfalz;073375007023;Gemeinde
Thaleischweiler-Fröschen;Gemeinde Thaleischweiler-Fröschen;Landkreis Südwestpfalz;Rheinland-Pfalz;073405009051;Gemeinde
Schnackenburg;Stadt Schnackenburg;Landkreis Lüchow-Dannenberg;Niedersachsen;033545403021;Stadt
Abstatt;Gemeinde Abstatt;Landkreis Heilbronn;Baden-Württemberg;081255012001;Gemeinde
Wendelsheim;Gemeinde Wendelsheim;Landkreis Alzey-Worms;Rheinland-Pfalz;073315005070;Gemeinde
Gau-Weinheim;Gemeinde Gau-Weinheim;Landkreis Alzey-Worms;Rheinland-Pfalz;073315006033;Gemeinde
Frettenheim;Gemeinde Frettenheim;Landkreis Alzey-Worms;Rheinland-Pfalz;073315007028;Gemeinde
Neu Kaliß;Gemeinde Neu Kaliß;Landkreis Ludwigslust-Parchim;Mecklenburg-Vorpommern;130765654103;Gemeinde
Knittlingen;Stadt Knittlingen;Landkreis Enzkreis;Baden-Württemberg;082360033033;Stadt
Reinstorf;Gemeinde Reinstorf;Landkreis Lüneburg;Niedersachsen;033555406030;Gemeinde
Lindenschied;Gemeinde Lindenschied;Landkreis Rhein-Hunsrück-Kreis;Rheinland-Pfalz;071405004086;Gemeinde
Todenroth;Gemeinde Todenroth;Landkreis Rhein-Hunsrück-Kreis;Rheinland-Pfalz;071405004151;Gemeinde
Rödern;Gemeinde Rödern;Landkreis Rhein-Hunsrück-Kreis;Rheinland-Pfalz;071405004129;Gemeinde
Pleizenhausen;Gemeinde Pleizenhausen;Landkreis Rhein-Hunsrück-Kreis;Rheinland-Pfalz;071405008118;Gemeinde
Belgweiler;Gemeinde Belgweiler;Landkreis Rhein-Hunsrück-Kreis;Rheinland-Pfalz;071405008008;Gemeinde
Ellern (Hunsrück);Gemeinde Ellern (Hunsrück);Landkreis Rhein-Hunsrück-Kreis;Rheinland-Pfalz;071405008035;Gemeinde
Bickenbach;Gemeinde Bickenbach;Landkreis Rhein-Hunsrück-Kreis;Rheinland-Pfalz;071405009014;Gemeinde
Horhausen;Gemeinde Horhausen;Landkreis Rhein-Lahn-Kreis;Rheinland-Pfalz;071415003062;Gemeinde
Strohkirchen;Gemeinde Strohkirchen;Landkreis Ludwigslust-Parchim;Mecklenburg-Vorpommern;130765658131;Gemeinde
Weyer;Gemeinde Weyer;Landkreis Rhein-Lahn-Kreis;Rheinland-Pfalz;071415009138;Gemeinde
Marienfels;Gemeinde Marienfels;Landkreis Rhein-Lahn-Kreis;Rheinland-Pfalz;071415007084;Gemeinde
Dörscheid;Gemeinde Dörscheid;Landkreis Rhein-Lahn-Kreis;Rheinland-Pfalz;071415009031;Gemeinde
Thallichtenberg;Gemeinde Thallichtenberg;Landkreis Kusel;Rheinland-Pfalz;073365010097;Gemeinde
Filsen;Gemeinde Filsen;Landkreis Rhein-Lahn-Kreis;Rheinland-Pfalz;071415009042;Gemeinde
Ortrand;Stadt Ortrand;Landkreis Oberspreewald-Lausitz;Brandenburg;120665606240;Stadt
Ramberg;Gemeinde Ramberg;Landkreis Südliche Weinstraße;Rheinland-Pfalz;073375001064;Gemeinde
Silz;Gemeinde Silz;Landkreis Südliche Weinstraße;Rheinland-Pfalz;073375001074;Gemeinde
Langenbach;Gemeinde Langenbach;Landkreis Kusel;Rheinland-Pfalz;073365009056;Gemeinde
Bremberg;Gemeinde Bremberg;Landkreis Rhein-Lahn-Kreis;Rheinland-Pfalz;071415011018;Gemeinde
Ehweiler;Gemeinde Ehweiler;Landkreis Kusel;Rheinland-Pfalz;073365010018;Gemeinde
Schiesheim;Gemeinde Schiesheim;Landkreis Rhein-Lahn-Kreis;Rheinland-Pfalz;071415011125;Gemeinde
Manubach;Gemeinde Manubach;Landkreis Mainz-Bingen;Rheinland-Pfalz;073395001036;Gemeinde
Lankau;Gemeinde Lankau;Kreis Herzogtum Lauenburg;Schleswig-Holstein;010535391081;Gemeinde
Hahnstätten;Gemeinde Hahnstätten;Landkreis Rhein-Lahn-Kreis;Rheinland-Pfalz;071415011051;Gemeinde
Alkersum;Gemeinde Alkersum;Kreis Nordfriesland;Schleswig-Holstein;010545488005;Gemeinde
Dorsel;Gemeinde Dorsel;Landkreis Ahrweiler;Rheinland-Pfalz;071315001018;Gemeinde
Winnerath;Gemeinde Winnerath;Landkreis Ahrweiler;Rheinland-Pfalz;071315001085;Gemeinde
Schmitt;Gemeinde Schmitt;Landkreis Cochem-Zell;Rheinland-Pfalz;071355003078;Gemeinde
Münstermaifeld;Stadt Münstermaifeld;Landkreis Mayen-Koblenz;Rheinland-Pfalz;071375002501;Stadt
Weigenheim;Gemeinde Weigenheim;Landkreis Neustadt a.d.Aisch-Bad Windsheim;Bayern;095755519179;Gemeinde
Sanitz;Gemeinde Sanitz;Landkreis Rostock;Mecklenburg-Vorpommern;130720091091;Gemeinde
Dreetz;Gemeinde Dreetz;Landkreis Rostock;Mecklenburg-Vorpommern;130725252028;Gemeinde
Oberscheinfeld;Gemeinde Oberscheinfeld;Landkreis Neustadt a.d.Aisch-Bad Windsheim;Bayern;095755518157;Gemeinde
Strübbel;Gemeinde Strübbel;Kreis Dithmarschen;Schleswig-Holstein;010515178108;Gemeinde
Ellefeld;Gemeinde Ellefeld;Landkreis Vogtlandkreis;Sachsen;145230090090;Gemeinde
Lüdershagen;Gemeinde Lüdershagen;Landkreis Vorpommern-Rügen;Mecklenburg-Vorpommern;130735352053;Gemeinde
Divitz-Spoldershagen;Gemeinde Divitz-Spoldershagen;Landkreis Vorpommern-Rügen;Mecklenburg-Vorpommern;130735352018;Gemeinde
Pähl;Gemeinde Pähl;Landkreis Weilheim-Schongau;Bayern;091900138138;Gemeinde
Elmenhorst;Gemeinde Elmenhorst;Landkreis Vorpommern-Rügen;Mecklenburg-Vorpommern;130735356023;Gemeinde
Hugoldsdorf;Gemeinde Hugoldsdorf;Landkreis Vorpommern-Rügen;Mecklenburg-Vorpommern;130735360039;Gemeinde
Philippsreut;Gemeinde Philippsreut;Landkreis Freyung-Grafenau;Bayern;092725212139;Gemeinde
Benz;Gemeinde Benz;Landkreis Nordwestmecklenburg;Mecklenburg-Vorpommern;130745456004;Gemeinde
Krusenhagen;Gemeinde Krusenhagen;Landkreis Nordwestmecklenburg;Mecklenburg-Vorpommern;130745456044;Gemeinde
Innernzell;Gemeinde Innernzell;Landkreis Freyung-Grafenau;Bayern;092725211128;Gemeinde
Bugewitz;Gemeinde Bugewitz;Landkreis Vorpommern-Greifswald;Mecklenburg-Vorpommern;130755553020;Gemeinde
Bentzin;Gemeinde Bentzin;Landkreis Vorpommern-Greifswald;Mecklenburg-Vorpommern;130755554009;Gemeinde
Grambow;Gemeinde Grambow;Landkreis Vorpommern-Greifswald;Mecklenburg-Vorpommern;130755556038;Gemeinde
Mesekenhagen;Gemeinde Mesekenhagen;Landkreis Vorpommern-Greifswald;Mecklenburg-Vorpommern;130755555091;Gemeinde
Windorf;Gemeinde Windorf;Landkreis Passau;Bayern;092750159159;Gemeinde
Kirchberg i.Wald;Gemeinde Kirchberg i.Wald;Landkreis Regen;Bayern;092760126126;Gemeinde
Kirchzell;Gemeinde Kirchzell;Landkreis Miltenberg;Bayern;096760131131;Gemeinde
Bäk;Gemeinde Bäk;Kreis Herzogtum Lauenburg;Schleswig-Holstein;010535358004;Gemeinde
Traitsching;Gemeinde Traitsching;Landkreis Cham;Bayern;093720164164;Gemeinde
Neutraubling;Stadt Neutraubling;Landkreis Regensburg;Bayern;093750174174;Stadt
Rothenfels;Stadt Rothenfels;Landkreis Main-Spessart;Bayern;096775621181;Stadt
Geisberger Forst;Gemeindefreies Gebiet Geisberger Forst;Landkreis Bamberg;Bayern;094719454454;Gemeindefreies Gebiet
Eineborn;Gemeinde Eineborn;Landkreis Saale-Holzland-Kreis;Thüringen;160745007017;Gemeinde
Zeitlarn;Gemeinde Zeitlarn;Landkreis Regensburg;Bayern;093750213213;Gemeinde
Hösbach;Gemeinde Hösbach;Landkreis Aschaffenburg;Bayern;096710130130;Gemeinde
Bad Neualbenreuth;Gemeinde Bad Neualbenreuth;Landkreis Tirschenreuth;Bayern;093770142142;Gemeinde
Friedenfels;Gemeinde Friedenfels;Landkreis Tirschenreuth;Bayern;093770118118;Gemeinde
Mainaschaff;Gemeinde Mainaschaff;Landkreis Aschaffenburg;Bayern;096710140140;Gemeinde
Stadlern;Gemeinde Stadlern;Landkreis Schwandorf;Bayern;093765344167;Gemeinde
Holthusen;Gemeinde Holthusen;Landkreis Ludwigslust-Parchim;Mecklenburg-Vorpommern;130765665063;Gemeinde
Blankenbach;Gemeinde Blankenbach;Landkreis Aschaffenburg;Bayern;096715604113;Gemeinde
Gelenau/Erzgeb.;Gemeinde Gelenau/Erzgeb.;Landkreis Erzgebirgskreis;Sachsen;145210200200;Gemeinde
Brunstorf;Gemeinde Brunstorf;Kreis Herzogtum Lauenburg;Schleswig-Holstein;010535373017;Gemeinde
Wiesau;Gemeinde Wiesau;Landkreis Tirschenreuth;Bayern;093775351159;Gemeinde
Jahnsdorf/Erzgeb.;Gemeinde Jahnsdorf/Erzgeb.;Landkreis Erzgebirgskreis;Sachsen;145210310310;Gemeinde
Zschopau;Stadt Zschopau;Landkreis Erzgebirgskreis;Sachsen;145215138690;Stadt
Nieden;Gemeinde Nieden;Landkreis Vorpommern-Greifswald;Mecklenburg-Vorpommern;130755560103;Gemeinde
Stolpe auf Usedom;Gemeinde Stolpe auf Usedom;Landkreis Vorpommern-Greifswald;Mecklenburg-Vorpommern;130755562129;Gemeinde
Eppendorf;Gemeinde Eppendorf;Landkreis Mittelsachsen;Sachsen;145220110110;Gemeinde
Pudagla;Gemeinde Pudagla;Landkreis Vorpommern-Greifswald;Mecklenburg-Vorpommern;130755562111;Gemeinde
Gorlosen;Gemeinde Gorlosen;Landkreis Ludwigslust-Parchim;Mecklenburg-Vorpommern;130765657049;Gemeinde
Schmalstede;Gemeinde Schmalstede;Kreis Rendsburg-Eckernförde;Schleswig-Holstein;010585889143;Gemeinde
Forstinning;Gemeinde Forstinning;Landkreis Ebersberg;Bayern;091750118118;Gemeinde
Rossau;Gemeinde Rossau;Landkreis Mittelsachsen;Sachsen;145220500500;Gemeinde
Kella;Gemeinde Kella;Landkreis Eichsfeld;Thüringen;160615014056;Gemeinde
Braunichswalde;Gemeinde Braunichswalde;Landkreis Greiz;Thüringen;160765004009;Gemeinde
Icking;Gemeinde Icking;Landkreis Bad Tölz-Wolfratshausen;Bayern;091730130130;Gemeinde
Uplengen;Gemeinde Uplengen;Landkreis Leer;Niedersachsen;034570020020;Gemeinde
Simmertal;Gemeinde Simmertal;Landkreis Bad Kreuznach;Rheinland-Pfalz;071335009096;Gemeinde
Bissendorf;Gemeinde Bissendorf;Landkreis Osnabrück;Niedersachsen;034590012012;Gemeinde
Quakenbrück;Stadt Quakenbrück;Landkreis Osnabrück;Niedersachsen;034595401030;Stadt
Dinklage;Stadt Dinklage;Landkreis Vechta;Niedersachsen;034600003003;Stadt
Hargesheim;Gemeinde Hargesheim;Landkreis Bad Kreuznach;Rheinland-Pfalz;071335006040;Gemeinde
Kluse;Gemeinde Kluse;Landkreis Emsland;Niedersachsen;034545401025;Gemeinde
Oberelbert;Gemeinde Oberelbert;Landkreis Westerwaldkreis;Rheinland-Pfalz;071435004057;Gemeinde
Dormagen;Stadt Dormagen;Kreis Rhein-Kreis Neuss;Nordrhein-Westfalen;051620004004;Stadt
Neuss;Stadt Neuss;Kreis Rhein-Kreis Neuss;Nordrhein-Westfalen;051620024024;Stadt
Schwalbach am Taunus;Stadt Schwalbach am Taunus;Landkreis Main-Taunus-Kreis;Hessen;064360011011;Stadt
Niederkrüchten;Gemeinde Niederkrüchten;Kreis Viersen;Nordrhein-Westfalen;051660020020;Gemeinde
Sonsbeck;Gemeinde Sonsbeck;Kreis Wesel;Nordrhein-Westfalen;051700040040;Gemeinde
Gersdorf;Gemeinde Gersdorf;Landkreis Zwickau;Sachsen;145240070070;Gemeinde
Wesel;Stadt Wesel;Kreis Wesel;Nordrhein-Westfalen;051700048048;Stadt
Mülsen;Gemeinde Mülsen;Landkreis Zwickau;Sachsen;145240200200;Gemeinde
Hundsangen;Gemeinde Hundsangen;Landkreis Westerwaldkreis;Rheinland-Pfalz;071435008037;Gemeinde
Coesfeld;Stadt Coesfeld;Kreis Coesfeld;Nordrhein-Westfalen;055580012012;Stadt
Heinsberg;Stadt Heinsberg;Kreis Heinsberg;Nordrhein-Westfalen;053700016016;Stadt
Kemmern;Gemeinde Kemmern;Landkreis Bamberg;Bayern;094710150150;Gemeinde
Waldbröl;Stadt Waldbröl;Kreis Oberbergischer Kreis;Nordrhein-Westfalen;053740044044;Stadt
Wirges;Stadt Wirges;Landkreis Westerwaldkreis;Rheinland-Pfalz;071435010081;Stadt
Nalbach;Gemeinde Nalbach;Landkreis Saarlouis;Saarland;100440113113;Gemeinde
Gesees;Gemeinde Gesees;Landkreis Bayreuth;Bayern;094725414140;Gemeinde
Ludwigsstadt;Stadt Ludwigsstadt;Landkreis Kronach;Bayern;094760152152;Stadt
Mitwitz;Gemeinde Mitwitz;Landkreis Kronach;Bayern;094765434154;Gemeinde
Altenburg;Stadt Altenburg;Landkreis Altenburger Land;Thüringen;160770001001;Stadt
Pretzfeld;Gemeinde Pretzfeld;Landkreis Forchheim;Bayern;094740161161;Gemeinde
Schwarzenbach a.Wald;Stadt Schwarzenbach a.Wald;Landkreis Hof;Bayern;094750169169;Stadt
Trogen;Gemeinde Trogen;Landkreis Hof;Bayern;094755430182;Gemeinde
Am Ettersberg;Gemeinde Am Ettersberg;Landkreis Weimarer Land;Thüringen;160715053102;Gemeinde
Asbach-Sickenberg;Gemeinde Asbach-Sickenberg;Landkreis Eichsfeld;Thüringen;160615051002;Gemeinde
Teistungen;Gemeinde Teistungen;Landkreis Eichsfeld;Thüringen;160615001114;Gemeinde
Seeheim-Jugenheim;Gemeinde Seeheim-Jugenheim;Landkreis Darmstadt-Dieburg;Hessen;064320022022;Gemeinde
Weilrod;Gemeinde Weilrod;Landkreis Hochtaunuskreis;Hessen;064340013013;Gemeinde
Erlensee;Stadt Erlensee;Landkreis Main-Kinzig-Kreis;Hessen;064350007007;Stadt
Bad Sassendorf;Gemeinde Bad Sassendorf;Kreis Soest;Nordrhein-Westfalen;059740008008;Gemeinde
Gelnhausen;Stadt Gelnhausen;Landkreis Main-Kinzig-Kreis;Hessen;064350010010;Stadt
Ranstadt;Gemeinde Ranstadt;Landkreis Wetteraukreis;Hessen;064400020020;Gemeinde
Ortenberg;Stadt Ortenberg;Landkreis Wetteraukreis;Hessen;064400019019;Stadt
Langenselbold;Stadt Langenselbold;Landkreis Main-Kinzig-Kreis;Hessen;064350017017;Stadt
Flörsheim am Main;Stadt Flörsheim am Main;Landkreis Main-Taunus-Kreis;Hessen;064360004004;Stadt
Reichelsheim (Odenwald);Gemeinde Reichelsheim (Odenwald);Landkreis Odenwaldkreis;Hessen;064370013013;Gemeinde
Lich;Stadt Lich;Landkreis Gießen;Hessen;065310011011;Stadt
Selzen;Gemeinde Selzen;Landkreis Mainz-Bingen;Rheinland-Pfalz;073395007053;Gemeinde
Stadtallendorf;Stadt Stadtallendorf;Landkreis Marburg-Biedenkopf;Hessen;065340018018;Stadt
Burghaun;Gemeinde Burghaun;Landkreis Fulda;Hessen;066310002002;Gemeinde
Ebersburg;Gemeinde Ebersburg;Landkreis Fulda;Hessen;066310004004;Gemeinde
Eichenzell;Gemeinde Eichenzell;Landkreis Fulda;Hessen;066310006006;Gemeinde
Fuldatal;Gemeinde Fuldatal;Landkreis Kassel;Hessen;066330009009;Gemeinde
Marktzeuln;Gemeinde Marktzeuln;Landkreis Lichtenfels;Bayern;094785446144;Gemeinde
Tröstauer Forst-Ost;Gemeindefreies Gebiet Tröstauer Forst-Ost;Landkreis Wunsiedel i.Fichtelgebirge;Bayern;094799459459;Gemeindefreies Gebiet
Wellheim;Gemeinde Wellheim;Landkreis Eichstätt;Bayern;091760166166;Gemeinde
Waldaschaffer Forst;Gemeindefreies Gebiet Waldaschaffer Forst;Landkreis Aschaffenburg;Bayern;096719460460;Gemeindefreies Gebiet
Heilsbronn;Stadt Heilsbronn;Landkreis Ansbach;Bayern;095710165165;Stadt
Erding;Stadt Erding;Landkreis Erding;Bayern;091770117117;Stadt
Hohenpolding;Gemeinde Hohenpolding;Landkreis Erding;Bayern;091775125121;Gemeinde
Fahrenzhausen;Gemeinde Fahrenzhausen;Landkreis Freising;Bayern;091780123123;Gemeinde
Geslau;Gemeinde Geslau;Landkreis Ansbach;Bayern;095715501155;Gemeinde
Ehingen;Gemeinde Ehingen;Landkreis Ansbach;Bayern;095715509141;Gemeinde
Kalchreuther Forst;Gemeindefreies Gebiet Kalchreuther Forst;Landkreis Erlangen-Höchstadt;Bayern;095729457457;Gemeindefreies Gebiet
Mitteleschenbach;Gemeinde Mitteleschenbach;Landkreis Ansbach;Bayern;095715538178;Gemeinde
Kraftshofer Forst;Gemeindefreies Gebiet Kraftshofer Forst;Landkreis Erlangen-Höchstadt;Bayern;095729458458;Gemeindefreies Gebiet
Feucht;Gemeinde Feucht;Landkreis Nürnberger Land;Bayern;095740123123;Gemeinde
Unterföhring;Gemeinde Unterföhring;Landkreis München;Bayern;091840147147;Gemeinde
Egling a.d.Paar;Gemeinde Egling a.d.Paar;Landkreis Landsberg am Lech;Bayern;091810116116;Gemeinde
Fuchstal;Gemeinde Fuchstal;Landkreis Landsberg am Lech;Bayern;091815138121;Gemeinde
Borgstedt;Gemeinde Borgstedt;Kreis Rendsburg-Eckernförde;Schleswig-Holstein;010585890024;Gemeinde
Bad Liebenstein;Stadt Bad Liebenstein;Landkreis Wartburgkreis;Thüringen;160630099099;Stadt
Wildau;Stadt Wildau;Landkreis Dahme-Spreewald;Brandenburg;120610540540;Stadt
Kleinneuhausen;Gemeinde Kleinneuhausen;Landkreis Sömmerda;Thüringen;160685006033;Gemeinde
Lengfeld;Gemeinde Lengfeld;Landkreis Hildburghausen;Thüringen;160695002026;Gemeinde
Straufhain;Gemeinde Straufhain;Landkreis Hildburghausen;Thüringen;160695004049;Gemeinde
Ilmenau;Stadt Ilmenau;Landkreis Ilm-Kreis;Thüringen;160700029029;Stadt
Bettenfeld;Gemeinde Bettenfeld;Landkreis Bernkastel-Wittlich;Rheinland-Pfalz;072315008009;Gemeinde
Dodenburg;Gemeinde Dodenburg;Landkreis Bernkastel-Wittlich;Rheinland-Pfalz;072315008023;Gemeinde
Eckfeld;Gemeinde Eckfeld;Landkreis Bernkastel-Wittlich;Rheinland-Pfalz;072315008025;Gemeinde
Piesport;Gemeinde Piesport;Landkreis Bernkastel-Wittlich;Rheinland-Pfalz;072315001105;Gemeinde
Langeneß;Gemeinde Langeneß;Kreis Nordfriesland;Schleswig-Holstein;010545459074;Gemeinde
Nebel;Gemeinde Nebel;Kreis Nordfriesland;Schleswig-Holstein;010545488085;Gemeinde
Milda;Gemeinde Milda;Landkreis Saale-Holzland-Kreis;Thüringen;160745011057;Gemeinde
Eisenberg;Stadt Eisenberg;Landkreis Saale-Holzland-Kreis;Thüringen;160745052018;Stadt
Jenalöbnitz;Gemeinde Jenalöbnitz;Landkreis Saale-Holzland-Kreis;Thüringen;160745015043;Gemeinde
Dreitzsch;Gemeinde Dreitzsch;Landkreis Saale-Orla-Kreis;Thüringen;160755011019;Gemeinde
Lübben (Spreewald);Stadt Lübben (Spreewald);Landkreis Dahme-Spreewald;Brandenburg;120610316316;Stadt
Fredersdorf-Vogelsdorf;Gemeinde Fredersdorf-Vogelsdorf;Landkreis Märkisch-Oderland;Brandenburg;120640136136;Gemeinde
Lohe-Föhrden;Gemeinde Lohe-Föhrden;Kreis Rendsburg-Eckernförde;Schleswig-Holstein;010585847097;Gemeinde
Hamdorf;Gemeinde Hamdorf;Kreis Rendsburg-Eckernförde;Schleswig-Holstein;010585847070;Gemeinde
Oberneukirchen;Gemeinde Oberneukirchen;Landkreis Mühldorf a.Inn;Bayern;091835151134;Gemeinde
Vohburg a.d.Donau;Stadt Vohburg a.d.Donau;Landkreis Pfaffenhofen a.d.Ilm;Bayern;091860158158;Stadt
Leinburg;Gemeindefreies Gebiet Leinburg;Landkreis Nürnberger Land;Bayern;095749461461;Gemeindefreies Gebiet
Kassow;Gemeinde Kassow;Landkreis Rostock;Mecklenburg-Vorpommern;130725261051;Gemeinde
Weichering;Gemeinde Weichering;Landkreis Neuburg-Schrobenhausen;Bayern;091850168168;Gemeinde
Rheinsberg;Stadt Rheinsberg;Landkreis Ostprignitz-Ruppin;Brandenburg;120680353353;Stadt
Stüdenitz-Schönermark;Gemeinde Stüdenitz-Schönermark;Landkreis Ostprignitz-Ruppin;Brandenburg;120685805417;Gemeinde
Stahnsdorf;Gemeinde Stahnsdorf;Landkreis Potsdam-Mittelmark;Brandenburg;120690604604;Gemeinde
Milmersdorf;Gemeinde Milmersdorf;Landkreis Uckermark;Brandenburg;120735305396;Gemeinde
Sonderhofen;Gemeinde Sonderhofen;Landkreis Würzburg;Bayern;096795644188;Gemeinde
Gerdshagen;Gemeinde Gerdshagen;Landkreis Prignitz;Brandenburg;120705006096;Gemeinde
Zettlitz;Gemeinde Zettlitz;Landkreis Mittelsachsen;Sachsen;145225126600;Gemeinde
Leimen;Gemeinde Leimen;Landkreis Südwestpfalz;Rheinland-Pfalz;073405004027;Gemeinde
Kuchen;Gemeinde Kuchen;Landkreis Göppingen;Baden-Württemberg;081175004033;Gemeinde
Albig;Gemeinde Albig;Landkreis Alzey-Worms;Rheinland-Pfalz;073315001001;Gemeinde
Donzdorf;Stadt Donzdorf;Landkreis Göppingen;Baden-Württemberg;081175006015;Stadt
Drackenstein;Gemeinde Drackenstein;Landkreis Göppingen;Baden-Württemberg;081175007016;Gemeinde
Bellheim;Gemeinde Bellheim;Landkreis Germersheim;Rheinland-Pfalz;073345001001;Gemeinde
Niedermohr;Gemeinde Niedermohr;Landkreis Kaiserslautern;Rheinland-Pfalz;073355008030;Gemeinde
Adenbach;Gemeinde Adenbach;Landkreis Kusel;Rheinland-Pfalz;073365008001;Gemeinde
Homberg;Gemeinde Homberg;Landkreis Kusel;Rheinland-Pfalz;073365008044;Gemeinde
Irmenach;Gemeinde Irmenach;Landkreis Bernkastel-Wittlich;Rheinland-Pfalz;072315009501;Gemeinde
Kirrweiler (Pfalz);Gemeinde Kirrweiler (Pfalz);Landkreis Südliche Weinstraße;Rheinland-Pfalz;073375006047;Gemeinde
Bruchweiler-Bärenbach;Gemeinde Bruchweiler-Bärenbach;Landkreis Südwestpfalz;Rheinland-Pfalz;073405001501;Gemeinde
Lützkampen;Gemeinde Lützkampen;Landkreis Eifelkreis Bitburg-Prüm;Rheinland-Pfalz;072325001263;Gemeinde
Leiwen;Gemeinde Leiwen;Landkreis Trier-Saarburg;Rheinland-Pfalz;072355006074;Gemeinde
Longuich;Gemeinde Longuich;Landkreis Trier-Saarburg;Rheinland-Pfalz;072355006078;Gemeinde
Ayl;Gemeinde Ayl;Landkreis Trier-Saarburg;Rheinland-Pfalz;072355008002;Gemeinde
Mannebach;Gemeinde Mannebach;Landkreis Trier-Saarburg;Rheinland-Pfalz;072355008082;Gemeinde
Glückstadt;Stadt Glückstadt;Kreis Steinburg;Schleswig-Holstein;010610029029;Stadt
Reckendorf;Gemeinde Reckendorf;Landkreis Bamberg;Bayern;094715401175;Gemeinde
Brunsbüttel;Stadt Brunsbüttel;Kreis Dithmarschen;Schleswig-Holstein;010510011011;Stadt
Michelbach;Gemeinde Michelbach;Landkreis Rhein-Hunsrück-Kreis;Rheinland-Pfalz;071405003095;Gemeinde
Sessenbach;Gemeinde Sessenbach;Landkreis Westerwaldkreis;Rheinland-Pfalz;071435005068;Gemeinde
Heringsdorf;Gemeinde Heringsdorf;Kreis Ostholstein;Schleswig-Holstein;010555543022;Gemeinde
Tangstedt;Gemeinde Tangstedt;Kreis Pinneberg;Schleswig-Holstein;010565687047;Gemeinde
Bösdorf;Gemeinde Bösdorf;Kreis Plön;Schleswig-Holstein;010570009009;Gemeinde
Schönberg (Holstein);Gemeinde Schönberg (Holstein);Kreis Plön;Schleswig-Holstein;010575755073;Gemeinde
Heikendorf;Gemeinde Heikendorf;Kreis Plön;Schleswig-Holstein;010575782025;Gemeinde
Noer;Gemeinde Noer;Kreis Rendsburg-Eckernförde;Schleswig-Holstein;010585822116;Gemeinde
Kulpin;Gemeinde Kulpin;Kreis Herzogtum Lauenburg;Schleswig-Holstein;010535358078;Gemeinde
Sörup;Gemeinde Sörup;Kreis Schleswig-Flensburg;Schleswig-Holstein;010595949161;Gemeinde
Idstedt;Gemeinde Idstedt;Kreis Schleswig-Flensburg;Schleswig-Holstein;010595987042;Gemeinde
Glasau;Gemeinde Glasau;Kreis Segeberg;Schleswig-Holstein;010605086025;Gemeinde
Gifhorn;Stadt Gifhorn;Landkreis Gifhorn;Niedersachsen;031510009009;Stadt
Calberlah;Gemeinde Calberlah;Landkreis Gifhorn;Niedersachsen;031515404006;Gemeinde
Odisheim;Gemeinde Odisheim;Landkreis Cuxhaven;Niedersachsen;033525411043;Gemeinde
Wulften am Harz;Gemeinde Wulften am Harz;Landkreis Göttingen;Niedersachsen;031595403039;Gemeinde
Hollstadt;Gemeinde Hollstadt;Landkreis Rhön-Grabfeld;Bayern;096735638136;Gemeinde
Maroldsweisach;Gemeinde Maroldsweisach;Landkreis Haßberge;Bayern;096740171171;Gemeinde
Kirchlauter;Gemeinde Kirchlauter;Landkreis Haßberge;Bayern;096745610160;Gemeinde
Ebern;Stadt Ebern;Landkreis Haßberge;Bayern;096745611130;Stadt
Dettelbach;Stadt Dettelbach;Landkreis Kitzingen;Bayern;096750117117;Stadt
Holzkirchen;Gemeinde Holzkirchen;Landkreis Würzburg;Bayern;096795649149;Gemeinde
Absberg;Gemeinde Absberg;Landkreis Weißenburg-Gunzenhausen;Bayern;095775532111;Gemeinde
Buchbrunn;Gemeinde Buchbrunn;Landkreis Kitzingen;Bayern;096755617114;Gemeinde
Diepholz;Stadt Diepholz;Landkreis Diepholz;Niedersachsen;032510012012;Stadt
Aerzen;Gemeinde Aerzen;Landkreis Hameln-Pyrmont;Niedersachsen;032520001001;Gemeinde
Kammerforst;Gemeinde Kammerforst;Landkreis Westerwaldkreis;Rheinland-Pfalz;071435003040;Gemeinde
Holle;Gemeinde Holle;Landkreis Hildesheim;Niedersachsen;032540022022;Gemeinde
Bergheim;Stadt Bergheim;Kreis Rhein-Erft-Kreis;Nordrhein-Westfalen;053620008008;Stadt
Balge;Gemeinde Balge;Landkreis Nienburg (Weser);Niedersachsen;032565411001;Gemeinde
Frechen;Stadt Frechen;Kreis Rhein-Erft-Kreis;Nordrhein-Westfalen;053620024024;Stadt
Hambühren;Gemeinde Hambühren;Landkreis Celle;Niedersachsen;033510012012;Gemeinde
Eggstätt;Gemeinde Eggstätt;Landkreis Rosenheim;Bayern;091870125125;Gemeinde
Gödenstorf;Gemeinde Gödenstorf;Landkreis Harburg;Niedersachsen;033535405013;Gemeinde
Zellingen;Gemeinde Zellingen;Landkreis Main-Spessart;Bayern;096775625203;Gemeinde
Greußenheim;Gemeinde Greußenheim;Landkreis Würzburg;Bayern;096795655141;Gemeinde
Altertheim;Gemeinde Altertheim;Landkreis Würzburg;Bayern;096795651165;Gemeinde
Bülkau;Gemeinde Bülkau;Landkreis Cuxhaven;Niedersachsen;033525411008;Gemeinde
Langenneufnach;Gemeinde Langenneufnach;Landkreis Augsburg;Bayern;097725709168;Gemeinde
Kühlenthal;Gemeinde Kühlenthal;Landkreis Augsburg;Bayern;097725706166;Gemeinde
Aindling;Gemeinde Aindling;Landkreis Aichach-Friedberg;Bayern;097715701114;Gemeinde
Amelinghausen;Gemeinde Amelinghausen;Landkreis Lüneburg;Niedersachsen;033555401002;Gemeinde
Bibertal;Gemeinde Bibertal;Landkreis Günzburg;Bayern;097740119119;Gemeinde
Thomasburg;Gemeinde Thomasburg;Landkreis Lüneburg;Niedersachsen;033555406036;Gemeinde
Lüdersburg;Gemeinde Lüdersburg;Landkreis Lüneburg;Niedersachsen;033555407021;Gemeinde
Waldstetten;Gemeinde Waldstetten;Landkreis Günzburg;Bayern;097745730191;Gemeinde
Weißenhorn;Stadt Weißenhorn;Landkreis Neu-Ulm;Bayern;097750164164;Stadt
Mandel;Gemeinde Mandel;Landkreis Bad Kreuznach;Rheinland-Pfalz;071335006061;Gemeinde
Westertimke;Gemeinde Westertimke;Landkreis Rotenburg (Wümme);Niedersachsen;033575407053;Gemeinde
Usch;Gemeinde Usch;Landkreis Eifelkreis Bitburg-Prüm;Rheinland-Pfalz;072325008129;Gemeinde
Wiegendorf;Gemeinde Wiegendorf;Landkreis Weimarer Land;Thüringen;160715008095;Gemeinde
Vierkirchen;Gemeinde Vierkirchen;Landkreis Görlitz;Sachsen;146265232570;Gemeinde
Tharandt;Stadt Tharandt;Landkreis Sächsische Schweiz-Osterzgebirge;Sachsen;146285240400;Stadt
Dorfhain;Gemeinde Dorfhain;Landkreis Sächsische Schweiz-Osterzgebirge;Sachsen;146285240090;Gemeinde
Röderaue;Gemeinde Röderaue;Landkreis Meißen;Sachsen;146275234240;Gemeinde
Hohnstein;Stadt Hohnstein;Landkreis Sächsische Schweiz-Osterzgebirge;Sachsen;146280190190;Stadt
Rathen;Gemeinde Rathen;Landkreis Sächsische Schweiz-Osterzgebirge;Sachsen;146285219310;Gemeinde
Hartmannsdorf-Reichenau;Gemeinde Hartmannsdorf-Reichenau;Landkreis Sächsische Schweiz-Osterzgebirge;Sachsen;146285230150;Gemeinde
Bautzen;Stadt Bautzen;Landkreis Bautzen;Sachsen;146250020020;Stadt
Burkau;Gemeinde Burkau;Landkreis Bautzen;Sachsen;146250060060;Gemeinde
Wittenförden;Gemeinde Wittenförden;Landkreis Ludwigslust-Parchim;Mecklenburg-Vorpommern;130765665154;Gemeinde
Wabern;Gemeinde Wabern;Landkreis Schwalm-Eder-Kreis;Hessen;066340025025;Gemeinde
Löbnitz;Gemeinde Löbnitz;Landkreis Nordsachsen;Sachsen;147300180180;Gemeinde
Mansfeld;Stadt Mansfeld;Landkreis Mansfeld-Südharz;Sachsen-Anhalt;150870275275;Stadt
Battenberg (Eder);Stadt Battenberg (Eder);Landkreis Waldeck-Frankenberg;Hessen;066350004004;Stadt
Löffingen;Stadt Löffingen;Landkreis Breisgau-Hochschwarzwald;Baden-Württemberg;083155010070;Stadt
Dähre;Gemeinde Dähre;Landkreis Altmarkkreis Salzwedel;Sachsen-Anhalt;150815051095;Gemeinde
Kreßberg;Gemeinde Kreßberg;Landkreis Schwäbisch Hall;Baden-Württemberg;081275003101;Gemeinde
Fichtenau;Gemeinde Fichtenau;Landkreis Schwäbisch Hall;Baden-Württemberg;081275003102;Gemeinde
Niederstetten;Stadt Niederstetten;Landkreis Main-Tauber-Kreis;Baden-Württemberg;081280082082;Stadt
Regis-Breitingen;Stadt Regis-Breitingen;Landkreis Leipzig;Sachsen;147290360360;Stadt
Busenberg;Gemeinde Busenberg;Landkreis Südwestpfalz;Rheinland-Pfalz;073405001002;Gemeinde
Durmersheim;Gemeinde Durmersheim;Landkreis Rastatt;Baden-Württemberg;082165003009;Gemeinde
Königsbronn;Gemeinde Königsbronn;Landkreis Heidenheim;Baden-Württemberg;081350025025;Gemeinde
Rainau;Gemeinde Rainau;Landkreis Ostalbkreis;Baden-Württemberg;081365003089;Gemeinde
Heidelberg;Stadt Heidelberg;Stadtkreis Heidelberg;Baden-Württemberg;082210000000;Stadt
Dossenheim;Gemeinde Dossenheim;Landkreis Rhein-Neckar-Kreis;Baden-Württemberg;082260012012;Gemeinde
Ebhausen;Gemeinde Ebhausen;Landkreis Calw;Baden-Württemberg;082355007020;Gemeinde
Alpirsbach;Stadt Alpirsbach;Landkreis Freudenstadt;Baden-Württemberg;082370002002;Stadt
Vöhringen;Gemeinde Vöhringen;Landkreis Rottweil;Baden-Württemberg;083255006061;Gemeinde
Kirchzarten;Gemeinde Kirchzarten;Landkreis Breisgau-Hochschwarzwald;Baden-Württemberg;083155003064;Gemeinde
Appenweier;Gemeinde Appenweier;Landkreis Ortenaukreis;Baden-Württemberg;083170005005;Gemeinde
Waldbronn;Gemeinde Waldbronn;Landkreis Karlsruhe;Baden-Württemberg;082150110110;Gemeinde
Östringen;Stadt Östringen;Landkreis Karlsruhe;Baden-Württemberg;082150064064;Stadt
Philippsburg;Stadt Philippsburg;Landkreis Karlsruhe;Baden-Württemberg;082155006066;Stadt
Groß Nemerow;Gemeinde Groß Nemerow;Landkreis Mecklenburgische Seenplatte;Mecklenburg-Vorpommern;130715161055;Gemeinde
Wester-Ohrstedt;Gemeinde Wester-Ohrstedt;Kreis Nordfriesland;Schleswig-Holstein;010545453152;Gemeinde
Auerbach/Vogtl.;Stadt Auerbach/Vogtl.;Landkreis Vogtlandkreis;Sachsen;145230020020;Stadt
Mirow;Stadt Mirow;Landkreis Mecklenburgische Seenplatte;Mecklenburg-Vorpommern;130715155099;Stadt
Klein Upahl;Gemeinde Klein Upahl;Landkreis Rostock;Mecklenburg-Vorpommern;130725255055;Gemeinde
Neenstetten;Gemeinde Neenstetten;Landkreis Alb-Donau-Kreis;Baden-Württemberg;084255008083;Gemeinde
Karsdorf;Gemeinde Karsdorf;Landkreis Burgenlandkreis;Sachsen-Anhalt;150845053250;Gemeinde
Hainsfarth;Gemeinde Hainsfarth;Landkreis Donau-Ries;Bayern;097795721154;Gemeinde
Biederitz;Gemeinde Biederitz;Landkreis Jerichower Land;Sachsen-Anhalt;150860005005;Gemeinde
Albersdorf;Gemeinde Albersdorf;Kreis Dithmarschen;Schleswig-Holstein;010515175001;Gemeinde
Ahrenshöft;Gemeinde Ahrenshöft;Kreis Nordfriesland;Schleswig-Holstein;010545494002;Gemeinde
Stammham;Gemeinde Stammham;Landkreis Altötting;Bayern;091715103130;Gemeinde
Illmensee;Gemeinde Illmensee;Landkreis Sigmaringen;Baden-Württemberg;084375004056;Gemeinde
Scheer;Stadt Scheer;Landkreis Sigmaringen;Baden-Württemberg;084375002101;Stadt
Sauldorf;Gemeinde Sauldorf;Landkreis Sigmaringen;Baden-Württemberg;084375003123;Gemeinde
Feichten a.d.Alz;Gemeinde Feichten a.d.Alz;Landkreis Altötting;Bayern;091715102116;Gemeinde
Pupplinger Au;Gemeindefreies Gebiet Pupplinger Au;Landkreis Bad Tölz-Wolfratshausen;Bayern;091739451451;Gemeindefreies Gebiet
Wiefelstede;Gemeinde Wiefelstede;Landkreis Ammerland;Niedersachsen;034510008008;Gemeinde
Immenstadt i.Allgäu;Stadt Immenstadt i.Allgäu;Landkreis Oberallgäu;Bayern;097800124124;Stadt
Friesoythe;Stadt Friesoythe;Landkreis Cloppenburg;Niedersachsen;034530007007;Stadt
Emsbüren;Gemeinde Emsbüren;Landkreis Emsland;Niedersachsen;034540010010;Gemeinde
Wölmersen;Gemeinde Wölmersen;Landkreis Altenkirchen (Westerwald);Rheinland-Pfalz;071325010118;Gemeinde
Ziegenhain;Gemeinde Ziegenhain;Landkreis Altenkirchen (Westerwald);Rheinland-Pfalz;071325010119;Gemeinde
Waldorf;Gemeinde Waldorf;Landkreis Ahrweiler;Rheinland-Pfalz;071315003081;Gemeinde
Reichenow-Möglin;Gemeinde Reichenow-Möglin;Landkreis Märkisch-Oderland;Brandenburg;120645414417;Gemeinde
Lauben;Gemeinde Lauben;Landkreis Unterallgäu;Bayern;097785762163;Gemeinde
Benningen;Gemeinde Benningen;Landkreis Unterallgäu;Bayern;097785765118;Gemeinde
Beesten;Gemeinde Beesten;Landkreis Emsland;Niedersachsen;034545402003;Gemeinde
Böhen;Gemeinde Böhen;Landkreis Unterallgäu;Bayern;097785757119;Gemeinde
Böklund;Gemeinde Böklund;Kreis Schleswig-Flensburg;Schleswig-Holstein;010595987008;Gemeinde
Stocksee;Gemeinde Stocksee;Kreis Segeberg;Schleswig-Holstein;010605024080;Gemeinde
Ernzen;Gemeinde Ernzen;Landkreis Eifelkreis Bitburg-Prüm;Rheinland-Pfalz;072325005033;Gemeinde
Niederraden;Gemeinde Niederraden;Landkreis Eifelkreis Bitburg-Prüm;Rheinland-Pfalz;072325005090;Gemeinde
Struvenhütten;Gemeinde Struvenhütten;Kreis Segeberg;Schleswig-Holstein;010605048082;Gemeinde
Sinspelt;Gemeinde Sinspelt;Landkreis Eifelkreis Bitburg-Prüm;Rheinland-Pfalz;072325005122;Gemeinde
Harsleben;Gemeinde Harsleben;Landkreis Harz;Sachsen-Anhalt;150855051140;Gemeinde
Mechtersen;Gemeinde Mechtersen;Landkreis Lüneburg;Niedersachsen;033555402023;Gemeinde
Stemmen;Gemeinde Stemmen;Landkreis Rotenburg (Wümme);Niedersachsen;033575402046;Gemeinde
Hausten;Gemeinde Hausten;Landkreis Mayen-Koblenz;Rheinland-Pfalz;071375003034;Gemeinde
Valwig;Gemeinde Valwig;Landkreis Cochem-Zell;Rheinland-Pfalz;071355001086;Gemeinde
Lautzenbrücken;Gemeinde Lautzenbrücken;Landkreis Westerwaldkreis;Rheinland-Pfalz;071435001255;Gemeinde
Bechenheim;Gemeinde Bechenheim;Landkreis Alzey-Worms;Rheinland-Pfalz;073315001005;Gemeinde
Großfischlingen;Gemeinde Großfischlingen;Landkreis Südliche Weinstraße;Rheinland-Pfalz;073375003035;Gemeinde
Bolanden;Gemeinde Bolanden;Landkreis Donnersbergkreis;Rheinland-Pfalz;073335004010;Gemeinde
Bad Tabarz;Gemeinde Bad Tabarz;Landkreis Gotha;Thüringen;160670064064;Gemeinde
Kipfenberg;Gemeinde Kipfenberg;Landkreis Eichstätt;Bayern;091760138138;Gemeinde
Daldorf;Gemeinde Daldorf;Kreis Segeberg;Schleswig-Holstein;010605063016;Gemeinde
Köln;Stadt Köln;Kreisfreie Stadt Köln;Nordrhein-Westfalen;053150000000;Stadt
Rauhenebrach;Gemeinde Rauhenebrach;Landkreis Haßberge;Bayern;096740187187;Gemeinde
Detern;Gemeinde Detern;Landkreis Leer;Niedersachsen;034575403006;Gemeinde
Auen;Gemeinde Auen;Landkreis Bad Kreuznach;Rheinland-Pfalz;071335010005;Gemeinde
Kürten;Gemeinde Kürten;Kreis Rheinisch-Bergischer Kreis;Nordrhein-Westfalen;053780012012;Gemeinde
Becheln;Gemeinde Becheln;Landkreis Rhein-Lahn-Kreis;Rheinland-Pfalz;071415010008;Gemeinde
Bischofswiesen;Gemeinde Bischofswiesen;Landkreis Berchtesgadener Land;Bayern;091720117117;Gemeinde
Altomünster;Gemeinde Altomünster;Landkreis Dachau;Bayern;091740111111;Gemeinde
Geisenfeld;Stadt Geisenfeld;Landkreis Pfaffenhofen a.d.Ilm;Bayern;091865156122;Stadt
Waginger See;Gemeindefreies Gebiet Waginger See;Landkreis Traunstein;Bayern;091899452452;Gemeindefreies Gebiet
Seeon-Seebruck;Gemeinde Seeon-Seebruck;Landkreis Traunstein;Bayern;091890143143;Gemeinde
Hirschau;Stadt Hirschau;Landkreis Amberg-Sulzbach;Bayern;093710127127;Stadt
Waldsassen;Stadt Waldsassen;Landkreis Tirschenreuth;Bayern;093770158158;Stadt
Windsbach;Stadt Windsbach;Landkreis Ansbach;Bayern;095710226226;Stadt
Untermaßfeld;Gemeinde Untermaßfeld;Landkreis Schmalkalden-Meiningen;Thüringen;160665050076;Gemeinde
Mühlhausen/Thüringen;Stadt Mühlhausen/Thüringen;Landkreis Unstrut-Hainich-Kreis;Thüringen;160640046046;Stadt
Malchin;Stadt Malchin;Landkreis Mecklenburgische Seenplatte;Mecklenburg-Vorpommern;130715153092;Stadt
Oberstaufen;Gemeinde Oberstaufen;Landkreis Oberallgäu;Bayern;097800132132;Gemeinde
Lipprechterode;Gemeinde Lipprechterode;Landkreis Nordhausen;Thüringen;160625054033;Gemeinde
Dümpelfeld;Gemeinde Dümpelfeld;Landkreis Ahrweiler;Rheinland-Pfalz;071315001501;Gemeinde
Sebnitz;Stadt Sebnitz;Landkreis Sächsische Schweiz-Osterzgebirge;Sachsen;146280360360;Stadt
Aland;Gemeinde Aland;Landkreis Stendal;Sachsen-Anhalt;150905053003;Gemeinde
Jerichow;Stadt Jerichow;Landkreis Jerichower Land;Sachsen-Anhalt;150860080080;Stadt
Gangloffsömmern;Gemeinde Gangloffsömmern;Landkreis Sömmerda;Thüringen;160685009013;Gemeinde
Itterbeck;Gemeinde Itterbeck;Landkreis Grafschaft Bentheim;Niedersachsen;034565404011;Gemeinde
Groß Berßen;Gemeinde Groß Berßen;Landkreis Emsland;Niedersachsen;034545407016;Gemeinde
Wangelnstedt;Gemeinde Wangelnstedt;Landkreis Holzminden;Niedersachsen;032555409036;Gemeinde
Blomesche Wildnis;Gemeinde Blomesche Wildnis;Kreis Steinburg;Schleswig-Holstein;010615134012;Gemeinde
Oldendorf;Gemeinde Oldendorf;Kreis Steinburg;Schleswig-Holstein;010615138082;Gemeinde
Ellweiler;Gemeinde Ellweiler;Landkreis Birkenfeld;Rheinland-Pfalz;071345002024;Gemeinde
Hattgenstein;Gemeinde Hattgenstein;Landkreis Birkenfeld;Rheinland-Pfalz;071345002034;Gemeinde
Leisel;Gemeinde Leisel;Landkreis Birkenfeld;Rheinland-Pfalz;071345002050;Gemeinde
Unterbodnitz;Gemeinde Unterbodnitz;Landkreis Saale-Holzland-Kreis;Thüringen;160745011104;Gemeinde
Schwerbach;Gemeinde Schwerbach;Landkreis Birkenfeld;Rheinland-Pfalz;071345005079;Gemeinde
Weitersbach;Gemeinde Weitersbach;Landkreis Birkenfeld;Rheinland-Pfalz;071345005092;Gemeinde
Weißenborn;Gemeinde Weißenborn;Landkreis Saale-Holzland-Kreis;Thüringen;160745053109;Gemeinde
Briedern;Gemeinde Briedern;Landkreis Cochem-Zell;Rheinland-Pfalz;071355001015;Gemeinde
Molzhain;Gemeinde Molzhain;Landkreis Altenkirchen (Westerwald);Rheinland-Pfalz;071325009071;Gemeinde
Bachenberg;Gemeinde Bachenberg;Landkreis Altenkirchen (Westerwald);Rheinland-Pfalz;071325010004;Gemeinde
Mudersbach;Gemeinde Mudersbach;Landkreis Altenkirchen (Westerwald);Rheinland-Pfalz;071325007072;Gemeinde
Bürdenbach;Gemeinde Bürdenbach;Landkreis Altenkirchen (Westerwald);Rheinland-Pfalz;071325010015;Gemeinde
Görkwitz;Gemeinde Görkwitz;Landkreis Saale-Orla-Kreis;Thüringen;160755004033;Gemeinde
Rohrbach;Gemeinde Rohrbach;Landkreis Birkenfeld;Rheinland-Pfalz;071345001073;Gemeinde
Bullay;Gemeinde Bullay;Landkreis Cochem-Zell;Rheinland-Pfalz;071355005019;Gemeinde
Kottenheim;Gemeinde Kottenheim;Landkreis Mayen-Koblenz;Rheinland-Pfalz;071375003055;Gemeinde
Zell unter Aichelberg;Gemeinde Zell unter Aichelberg;Landkreis Göppingen;Baden-Württemberg;081175009060;Gemeinde
Mundelsheim;Gemeinde Mundelsheim;Landkreis Ludwigsburg;Baden-Württemberg;081185001053;Gemeinde
Hornbach;Stadt Hornbach;Landkreis Südwestpfalz;Rheinland-Pfalz;073405008211;Stadt
Talheim;Gemeinde Talheim;Landkreis Heilbronn;Baden-Württemberg;081255005094;Gemeinde
Stinstedt;Gemeinde Stinstedt;Landkreis Cuxhaven;Niedersachsen;033525404052;Gemeinde
Westhofen;Gemeinde Westhofen;Landkreis Alzey-Worms;Rheinland-Pfalz;073315007071;Gemeinde
Kirchgellersen;Gemeinde Kirchgellersen;Landkreis Lüneburg;Niedersachsen;033555404020;Gemeinde
Oberweiler;Gemeinde Oberweiler;Landkreis Eifelkreis Bitburg-Prüm;Rheinland-Pfalz;072325008098;Gemeinde
Schriesheim;Stadt Schriesheim;Landkreis Rhein-Neckar-Kreis;Baden-Württemberg;082260082082;Stadt
Schwedelbach;Gemeinde Schwedelbach;Landkreis Kaiserslautern;Rheinland-Pfalz;073355009043;Gemeinde
Niederweiler;Gemeinde Niederweiler;Landkreis Rhein-Hunsrück-Kreis;Rheinland-Pfalz;071405004109;Gemeinde
Frittlingen;Gemeinde Frittlingen;Landkreis Tuttlingen;Baden-Württemberg;083275004017;Gemeinde
Steinsberg;Gemeinde Steinsberg;Landkreis Rhein-Lahn-Kreis;Rheinland-Pfalz;071415003130;Gemeinde
Königsheim;Gemeinde Königsheim;Landkreis Tuttlingen;Baden-Württemberg;083275002029;Gemeinde
Kroppen;Gemeinde Kroppen;Landkreis Oberspreewald-Lausitz;Brandenburg;120665606168;Gemeinde
Schöneck;Gemeinde Schöneck;Landkreis Main-Kinzig-Kreis;Hessen;064350026026;Gemeinde
Lohnweiler;Gemeinde Lohnweiler;Landkreis Kusel;Rheinland-Pfalz;073365008060;Gemeinde
Mossautal;Gemeinde Mossautal;Landkreis Odenwaldkreis;Hessen;064370012012;Gemeinde
Reckenroth;Gemeinde Reckenroth;Landkreis Rhein-Lahn-Kreis;Rheinland-Pfalz;071415011113;Gemeinde
Hardt;Gemeinde Hardt;Landkreis Westerwaldkreis;Rheinland-Pfalz;071435001234;Gemeinde
Alpenrod;Gemeinde Alpenrod;Landkreis Westerwaldkreis;Rheinland-Pfalz;071435002202;Gemeinde
Otterbach;Gemeinde Otterbach;Landkreis Kaiserslautern;Rheinland-Pfalz;073355010034;Gemeinde
Bad Neuenahr-Ahrweiler;Stadt Bad Neuenahr-Ahrweiler;Landkreis Ahrweiler;Rheinland-Pfalz;071310007007;Stadt
Rech;Gemeinde Rech;Landkreis Ahrweiler;Rheinland-Pfalz;071315002068;Gemeinde
Remagen;Stadt Remagen;Landkreis Ahrweiler;Rheinland-Pfalz;071310070070;Stadt
Kliding;Gemeinde Kliding;Landkreis Cochem-Zell;Rheinland-Pfalz;071355003048;Gemeinde
Dernbach;Gemeinde Dernbach;Landkreis Neuwied;Rheinland-Pfalz;071385005011;Gemeinde
Peterswald-Löffelscheid;Gemeinde Peterswald-Löffelscheid;Landkreis Cochem-Zell;Rheinland-Pfalz;071355005071;Gemeinde
Gelchsheim;Gemeinde Gelchsheim;Landkreis Würzburg;Bayern;096795644135;Gemeinde
Jürgenshagen;Gemeinde Jürgenshagen;Landkreis Rostock;Mecklenburg-Vorpommern;130725252050;Gemeinde
Zepelin;Gemeinde Zepelin;Landkreis Rostock;Mecklenburg-Vorpommern;130725252120;Gemeinde
Ergersheim;Gemeinde Ergersheim;Landkreis Neustadt a.d.Aisch-Bad Windsheim;Bayern;095755519122;Gemeinde
Reinsbüttel;Gemeinde Reinsbüttel;Kreis Dithmarschen;Schleswig-Holstein;010515178093;Gemeinde
Bad Elster;Stadt Bad Elster;Landkreis Vogtlandkreis;Sachsen;145230040040;Stadt
Büsumer Deichhausen;Gemeinde Büsumer Deichhausen;Kreis Dithmarschen;Schleswig-Holstein;010515178014;Gemeinde
Schongau;Stadt Schongau;Landkreis Weilheim-Schongau;Bayern;091900148148;Stadt
Wiek;Gemeinde Wiek;Landkreis Vorpommern-Rügen;Mecklenburg-Vorpommern;130735359101;Gemeinde
Semlow;Gemeinde Semlow;Landkreis Vorpommern-Rügen;Mecklenburg-Vorpommern;130735361085;Gemeinde
Altefähr;Gemeinde Altefähr;Landkreis Vorpommern-Rügen;Mecklenburg-Vorpommern;130735362003;Gemeinde
Schaprode;Gemeinde Schaprode;Landkreis Vorpommern-Rügen;Mecklenburg-Vorpommern;130735362081;Gemeinde
Künzing;Gemeinde Künzing;Landkreis Deggendorf;Bayern;092710128128;Gemeinde
Rückersdorf;Gemeinde Rückersdorf;Landkreis Nürnberger Land;Bayern;095740154154;Gemeinde
Schwabhausen;Gemeinde Schwabhausen;Landkreis Gotha;Thüringen;160675052059;Gemeinde
Essing;Gemeinde Essing;Landkreis Kelheim;Bayern;092735215121;Gemeinde
Attenhofen;Gemeinde Attenhofen;Landkreis Kelheim;Bayern;092735219115;Gemeinde
Volkenschwand;Gemeinde Volkenschwand;Landkreis Kelheim;Bayern;092735219178;Gemeinde
Daberkow;Gemeinde Daberkow;Landkreis Vorpommern-Greifswald;Mecklenburg-Vorpommern;130755554023;Gemeinde
Eging a.See;Gemeinde Eging a.See;Landkreis Passau;Bayern;092750120120;Gemeinde
Wrangelsburg;Gemeinde Wrangelsburg;Landkreis Vorpommern-Greifswald;Mecklenburg-Vorpommern;130755563145;Gemeinde
Langdorf;Gemeinde Langdorf;Landkreis Regen;Bayern;092760129129;Gemeinde
Lehmrade;Gemeinde Lehmrade;Kreis Herzogtum Lauenburg;Schleswig-Holstein;010535313084;Gemeinde
Wundersleben;Gemeinde Wundersleben;Landkreis Sömmerda;Thüringen;160685009062;Gemeinde
Arrach;Gemeinde Arrach;Landkreis Cham;Bayern;093720113113;Gemeinde
Eschlkam;Gemeinde Eschlkam;Landkreis Cham;Bayern;093720124124;Gemeinde
Albsfelde;Gemeinde Albsfelde;Kreis Herzogtum Lauenburg;Schleswig-Holstein;010535358001;Gemeinde
Stadtprozelten;Stadt Stadtprozelten;Landkreis Miltenberg;Bayern;096765632158;Stadt
Wieck a.Darß;Gemeinde Wieck a.Darß;Landkreis Vorpommern-Rügen;Mecklenburg-Vorpommern;130735354100;Gemeinde
Falkenstein;Gemeinde Falkenstein;Landkreis Cham;Bayern;093725318125;Gemeinde
Osterrönfeld;Gemeinde Osterrönfeld;Kreis Rendsburg-Eckernförde;Schleswig-Holstein;010585888124;Gemeinde
Köfering;Gemeinde Köfering;Landkreis Regensburg;Bayern;093750161161;Gemeinde
Crossen an der Elster;Gemeinde Crossen an der Elster;Landkreis Saale-Holzland-Kreis;Thüringen;160745005012;Gemeinde
Sinzing;Gemeinde Sinzing;Landkreis Regensburg;Bayern;093750199199;Gemeinde
Kahl a.Main;Gemeinde Kahl a.Main;Landkreis Aschaffenburg;Bayern;096710134134;Gemeinde
Schwarzach b.Nabburg;Gemeinde Schwarzach b.Nabburg;Landkreis Schwandorf;Bayern;093765342162;Gemeinde
Aue-Bad Schlema;Stadt Aue-Bad Schlema;Landkreis Erzgebirgskreis;Sachsen;145210035035;Stadt
Drebach;Gemeinde Drebach;Landkreis Erzgebirgskreis;Sachsen;145210150150;Gemeinde
Lugau/Erzgeb.;Stadt Lugau/Erzgeb.;Landkreis Erzgebirgskreis;Sachsen;145215115380;Stadt
Niederwürschnitz;Gemeinde Niederwürschnitz;Landkreis Erzgebirgskreis;Sachsen;145215115430;Gemeinde
Gornau/Erzgeb.;Gemeinde Gornau/Erzgeb.;Landkreis Erzgebirgskreis;Sachsen;145215138220;Gemeinde
Börnichen/Erzgeb.;Gemeinde Börnichen/Erzgeb.;Landkreis Erzgebirgskreis;Sachsen;145215405090;Gemeinde
Greven;Gemeinde Greven;Landkreis Ludwigslust-Parchim;Mecklenburg-Vorpommern;130765652055;Gemeinde
Neu Gülze;Gemeinde Neu Gülze;Landkreis Ludwigslust-Parchim;Mecklenburg-Vorpommern;130765652102;Gemeinde
Kremmin;Gemeinde Kremmin;Landkreis Ludwigslust-Parchim;Mecklenburg-Vorpommern;130765657076;Gemeinde
Rastow;Gemeinde Rastow;Landkreis Ludwigslust-Parchim;Mecklenburg-Vorpommern;130765659118;Gemeinde
Reinsberg;Gemeinde Reinsberg;Landkreis Mittelsachsen;Sachsen;145220480480;Gemeinde
Rechenberg-Bienenmühle;Gemeinde Rechenberg-Bienenmühle;Landkreis Mittelsachsen;Sachsen;145220470470;Gemeinde
Caaschwitz;Gemeinde Caaschwitz;Landkreis Greiz;Thüringen;160765051012;Gemeinde
Großmehring;Gemeinde Großmehring;Landkreis Eichstätt;Bayern;091760129129;Gemeinde
Hartha;Stadt Hartha;Landkreis Mittelsachsen;Sachsen;145220250250;Stadt
Bocka;Gemeinde Bocka;Landkreis Greiz;Thüringen;160765006007;Gemeinde
Dill;Gemeinde Dill;Landkreis Rhein-Hunsrück-Kreis;Rheinland-Pfalz;071405004029;Gemeinde
Hude (Oldb);Gemeinde Hude (Oldb);Landkreis Oldenburg;Niedersachsen;034580010010;Gemeinde
Callbach;Gemeinde Callbach;Landkreis Bad Kreuznach;Rheinland-Pfalz;071335010020;Gemeinde
Odernheim am Glan;Gemeinde Odernheim am Glan;Landkreis Bad Kreuznach;Rheinland-Pfalz;071335010076;Gemeinde
Hasbergen;Gemeinde Hasbergen;Landkreis Osnabrück;Niedersachsen;034590021021;Gemeinde
Haselünne;Stadt Haselünne;Landkreis Emsland;Niedersachsen;034540019019;Stadt
Neuenkirchen-Vörden;Gemeinde Neuenkirchen-Vörden;Landkreis Vechta;Niedersachsen;034600007007;Gemeinde
Hergenfeld;Gemeinde Hergenfeld;Landkreis Bad Kreuznach;Rheinland-Pfalz;071335006044;Gemeinde
Werpeloh;Gemeinde Werpeloh;Landkreis Emsland;Niedersachsen;034545407058;Gemeinde
Freren;Stadt Freren;Landkreis Emsland;Niedersachsen;034545402012;Stadt
Elmenhorst;Gemeinde Elmenhorst;Kreis Herzogtum Lauenburg;Schleswig-Holstein;010535373027;Gemeinde
Neuhäusel;Gemeinde Neuhäusel;Landkreis Westerwaldkreis;Rheinland-Pfalz;071435004052;Gemeinde
Elsoff (Westerwald);Gemeinde Elsoff (Westerwald);Landkreis Westerwaldkreis;Rheinland-Pfalz;071435006218;Gemeinde
Wülfrath;Stadt Wülfrath;Kreis Mettmann;Nordrhein-Westfalen;051580036036;Stadt
Hüllhorst;Gemeinde Hüllhorst;Kreis Minden-Lübbecke;Nordrhein-Westfalen;057700016016;Gemeinde
Rennerod;Stadt Rennerod;Landkreis Westerwaldkreis;Rheinland-Pfalz;071435006286;Stadt
Wipperfürth;Stadt Wipperfürth;Kreis Oberbergischer Kreis;Nordrhein-Westfalen;053740052052;Stadt
Hohenstein-Ernstthal;Stadt Hohenstein-Ernstthal;Landkreis Zwickau;Sachsen;145240120120;Stadt
Werdau;Stadt Werdau;Landkreis Zwickau;Sachsen;145240300300;Stadt
Westernohe;Gemeinde Westernohe;Landkreis Westerwaldkreis;Rheinland-Pfalz;071435006309;Gemeinde
Breitengüßbach;Gemeinde Breitengüßbach;Landkreis Bamberg;Bayern;094710119119;Gemeinde
Siegburg;Stadt Siegburg;Kreis Rhein-Sieg-Kreis;Nordrhein-Westfalen;053820060060;Stadt
Gelsenkirchen;Stadt Gelsenkirchen;Kreisfreie Stadt Gelsenkirchen;Nordrhein-Westfalen;055130000000;Stadt
Niederwambach;Gemeinde Niederwambach;Landkreis Neuwied;Rheinland-Pfalz;071385005050;Gemeinde
Wallmerod;Gemeinde Wallmerod;Landkreis Westerwaldkreis;Rheinland-Pfalz;071435008304;Gemeinde
Elbingen;Gemeinde Elbingen;Landkreis Westerwaldkreis;Rheinland-Pfalz;071435008501;Gemeinde
Bad Sobernheim;Stadt Bad Sobernheim;Landkreis Bad Kreuznach;Rheinland-Pfalz;071335010501;Stadt
Hückelhoven;Stadt Hückelhoven;Kreis Heinsberg;Nordrhein-Westfalen;053700020020;Stadt
Guldental;Gemeinde Guldental;Landkreis Bad Kreuznach;Rheinland-Pfalz;071335011035;Gemeinde
Nümbrecht;Gemeinde Nümbrecht;Kreis Oberbergischer Kreis;Nordrhein-Westfalen;053740032032;Gemeinde
Litzendorf;Gemeinde Litzendorf;Landkreis Bamberg;Bayern;094710155155;Gemeinde
Pettstadt;Gemeinde Pettstadt;Landkreis Bamberg;Bayern;094710169169;Gemeinde
Haltern am See;Stadt Haltern am See;Kreis Recklinghausen;Nordrhein-Westfalen;055620016016;Stadt
Gierschnach;Gemeinde Gierschnach;Landkreis Mayen-Koblenz;Rheinland-Pfalz;071375002030;Gemeinde
Ennigerloh;Stadt Ennigerloh;Kreis Warendorf;Nordrhein-Westfalen;055700020020;Stadt
Hemmersheim;Gemeinde Hemmersheim;Landkreis Neustadt a.d.Aisch-Bad Windsheim;Bayern;095755519130;Gemeinde
Schönecken;Gemeinde Schönecken;Landkreis Eifelkreis Bitburg-Prüm;Rheinland-Pfalz;072325006304;Gemeinde
Winringen;Gemeinde Winringen;Landkreis Eifelkreis Bitburg-Prüm;Rheinland-Pfalz;072325006327;Gemeinde
Dockweiler;Gemeinde Dockweiler;Landkreis Vulkaneifel;Rheinland-Pfalz;072335001018;Gemeinde
Waidacher Forst;Gemeindefreies Gebiet Waidacher Forst;Landkreis Bayreuth;Bayern;094729469469;Gemeindefreies Gebiet
Sonnefeld;Gemeinde Sonnefeld;Landkreis Coburg;Bayern;094730166166;Gemeinde
Bad Dürrenberg;Stadt Bad Dürrenberg;Landkreis Saalekreis;Sachsen-Anhalt;150880020020;Stadt
Hergisdorf;Gemeinde Hergisdorf;Landkreis Mansfeld-Südharz;Sachsen-Anhalt;150875052210;Gemeinde
Teutschenthal;Gemeinde Teutschenthal;Landkreis Saalekreis;Sachsen-Anhalt;150880365365;Gemeinde
Brüsewitz;Gemeinde Brüsewitz;Landkreis Nordwestmecklenburg;Mecklenburg-Vorpommern;130745455012;Gemeinde
Grambow;Gemeinde Grambow;Landkreis Nordwestmecklenburg;Mecklenburg-Vorpommern;130745455025;Gemeinde
Berenbach;Gemeinde Berenbach;Landkreis Vulkaneifel;Rheinland-Pfalz;072335004203;Gemeinde
Daun;Stadt Daun;Landkreis Vulkaneifel;Rheinland-Pfalz;072335001501;Stadt
Wiesbaden;Stadt Wiesbaden;Kreisfreie Stadt Wiesbaden;Hessen;064140000000;Stadt
Grasellenbach;Gemeinde Grasellenbach;Landkreis Bergstraße;Hessen;064310009009;Gemeinde
Lindenfels;Stadt Lindenfels;Landkreis Bergstraße;Hessen;064310015015;Stadt
Groß-Gerau;Stadt Groß-Gerau;Landkreis Groß-Gerau;Hessen;064330006006;Stadt
Grävenwiesbach;Gemeinde Grävenwiesbach;Landkreis Hochtaunuskreis;Hessen;064340004004;Gemeinde
Berlingen;Gemeinde Berlingen;Landkreis Vulkaneifel;Rheinland-Pfalz;072335006004;Gemeinde
Alsenz;Gemeinde Alsenz;Landkreis Donnersbergkreis;Rheinland-Pfalz;073335007003;Gemeinde
Gaugrehweiler;Gemeinde Gaugrehweiler;Landkreis Donnersbergkreis;Rheinland-Pfalz;073335007023;Gemeinde
Ockenheim;Gemeinde Ockenheim;Landkreis Mainz-Bingen;Rheinland-Pfalz;073395003048;Gemeinde
Weinbach;Gemeinde Weinbach;Landkreis Limburg-Weilburg;Hessen;065330019019;Gemeinde
Wohratal;Gemeinde Wohratal;Landkreis Marburg-Biedenkopf;Hessen;065340022022;Gemeinde
Ehrenberg (Rhön);Gemeinde Ehrenberg (Rhön);Landkreis Fulda;Hessen;066310005005;Gemeinde
Grolsheim;Gemeinde Grolsheim;Landkreis Mainz-Bingen;Rheinland-Pfalz;073395008022;Gemeinde
Nieste;Gemeinde Nieste;Landkreis Kassel;Hessen;066330019019;Gemeinde
Selpin;Gemeinde Selpin;Landkreis Rostock;Mecklenburg-Vorpommern;130725262097;Gemeinde
Rosendorf;Gemeinde Rosendorf;Landkreis Saale-Orla-Kreis;Thüringen;160755011093;Gemeinde
Schweinfurt;Stadt Schweinfurt;Kreisfreie Stadt Schweinfurt;Bayern;096620000000;Stadt
Steinsfeld;Gemeinde Steinsfeld;Landkreis Ansbach;Bayern;095715501205;Gemeinde
Rügland;Gemeinde Rügland;Landkreis Ansbach;Bayern;095715504194;Gemeinde
Kalchreuth;Gemeinde Kalchreuth;Landkreis Erlangen-Höchstadt;Bayern;095720137137;Gemeinde
Großhabersdorf;Gemeinde Großhabersdorf;Landkreis Fürth;Bayern;095730115115;Gemeinde
Germering;Stadt Germering;Landkreis Fürstenfeldbruck;Bayern;091790123123;Stadt
Reichling;Gemeinde Reichling;Landkreis Landsberg am Lech;Bayern;091815142135;Gemeinde
Unterammergau;Gemeinde Unterammergau;Landkreis Garmisch-Partenkirchen;Bayern;091805135135;Gemeinde
Seehausen a.Staffelsee;Gemeinde Seehausen a.Staffelsee;Landkreis Garmisch-Partenkirchen;Bayern;091805137132;Gemeinde
Denklingen;Gemeinde Denklingen;Landkreis Landsberg am Lech;Bayern;091810113113;Gemeinde
Hohenstein;Gemeinde Hohenstein;Landkreis Nordhausen;Thüringen;160620062062;Gemeinde
Krayenberggemeinde;Gemeinde Krayenberggemeinde;Landkreis Wartburgkreis;Thüringen;160630101101;Gemeinde
Dermbach;Gemeinde Dermbach;Landkreis Wartburgkreis;Thüringen;160635059015;Gemeinde
Haussömmern;Gemeinde Haussömmern;Landkreis Unstrut-Hainich-Kreis;Thüringen;160645001021;Gemeinde
Schwallungen;Gemeinde Schwallungen;Landkreis Schmalkalden-Meiningen;Thüringen;160665013064;Gemeinde
Leutersdorf;Gemeinde Leutersdorf;Landkreis Schmalkalden-Meiningen;Thüringen;160665014039;Gemeinde
Gebesee;Stadt Gebesee;Landkreis Sömmerda;Thüringen;160685002014;Stadt
Zilshausen;Gemeinde Zilshausen;Landkreis Rhein-Hunsrück-Kreis;Rheinland-Pfalz;071405003504;Gemeinde
Hausbay;Gemeinde Hausbay;Landkreis Rhein-Hunsrück-Kreis;Rheinland-Pfalz;071405009047;Gemeinde
Winterwerb;Gemeinde Winterwerb;Landkreis Rhein-Lahn-Kreis;Rheinland-Pfalz;071415007140;Gemeinde
Esch;Gemeinde Esch;Landkreis Bernkastel-Wittlich;Rheinland-Pfalz;072315008031;Gemeinde
Heidweiler;Gemeinde Heidweiler;Landkreis Bernkastel-Wittlich;Rheinland-Pfalz;072315008051;Gemeinde
Martinroda;Gemeinde Martinroda;Landkreis Ilm-Kreis;Thüringen;160705002034;Gemeinde
Neuengönna;Gemeinde Neuengönna;Landkreis Saale-Holzland-Kreis;Thüringen;160745015063;Gemeinde
Weira;Gemeinde Weira;Landkreis Saale-Orla-Kreis;Thüringen;160755005121;Gemeinde
Ziegenrück;Stadt Ziegenrück;Landkreis Saale-Orla-Kreis;Thüringen;160755013127;Stadt
Rhinow;Stadt Rhinow;Landkreis Havelland;Brandenburg;120635309260;Stadt
Rietz-Neuendorf;Gemeinde Rietz-Neuendorf;Landkreis Oder-Spree;Brandenburg;120670426426;Gemeinde
Neuenhagen bei Berlin;Gemeinde Neuenhagen bei Berlin;Landkreis Märkisch-Oderland;Brandenburg;120640336336;Gemeinde
Köditz;Gemeinde Köditz;Landkreis Hof;Bayern;094750141141;Gemeinde
Fichtenhöhe;Gemeinde Fichtenhöhe;Landkreis Märkisch-Oderland;Brandenburg;120645412130;Gemeinde
Mühldorfer Hart;Gemeindefreies Gebiet Mühldorfer Hart;Landkreis Mühldorf a.Inn;Bayern;091839451451;Gemeindefreies Gebiet
Ernsgaden;Gemeinde Ernsgaden;Landkreis Pfaffenhofen a.d.Ilm;Bayern;091865156116;Gemeinde
Carinerland;Gemeinde Carinerland;Landkreis Rostock;Mecklenburg-Vorpommern;130725259022;Gemeinde
Nörtershausen;Gemeinde Nörtershausen;Landkreis Mayen-Koblenz;Rheinland-Pfalz;071375009219;Gemeinde
Schwaan;Stadt Schwaan;Landkreis Rostock;Mecklenburg-Vorpommern;130725261095;Stadt
Laufamholzer Forst;Gemeindefreies Gebiet Laufamholzer Forst;Landkreis Nürnberger Land;Bayern;095749460460;Gemeindefreies Gebiet
Lenzerwische;Gemeinde Lenzerwische;Landkreis Prignitz;Brandenburg;120705005246;Gemeinde
Contwig;Gemeinde Contwig;Landkreis Südwestpfalz;Rheinland-Pfalz;073405008206;Gemeinde
Reifenberg;Gemeinde Reifenberg;Landkreis Südwestpfalz;Rheinland-Pfalz;073405009220;Gemeinde
Altdorf;Gemeinde Altdorf;Landkreis Esslingen;Baden-Württemberg;081165003005;Gemeinde
Göppingen;Stadt Göppingen;Landkreis Göppingen;Baden-Württemberg;081175005026;Stadt
Kerzenheim;Gemeinde Kerzenheim;Landkreis Donnersbergkreis;Rheinland-Pfalz;073335002038;Gemeinde
Erlenbach bei Kandel;Gemeinde Erlenbach bei Kandel;Landkreis Germersheim;Rheinland-Pfalz;073345004004;Gemeinde
Kottweiler-Schwanden;Gemeinde Kottweiler-Schwanden;Landkreis Kaiserslautern;Rheinland-Pfalz;073355008020;Gemeinde
Vorderweidenthal;Gemeinde Vorderweidenthal;Landkreis Südliche Weinstraße;Rheinland-Pfalz;073375002079;Gemeinde
Maikammer;Gemeinde Maikammer;Landkreis Südliche Weinstraße;Rheinland-Pfalz;073375006052;Gemeinde
Gleisweiler;Gemeinde Gleisweiler;Landkreis Südliche Weinstraße;Rheinland-Pfalz;073375003028;Gemeinde
Baldringen;Gemeinde Baldringen;Landkreis Trier-Saarburg;Rheinland-Pfalz;072355008003;Gemeinde
Wakendorf I;Gemeinde Wakendorf I;Kreis Segeberg;Schleswig-Holstein;010605086093;Gemeinde
Neufelderkoog;Gemeinde Neufelderkoog;Kreis Dithmarschen;Schleswig-Holstein;010515166077;Gemeinde
Heide;Stadt Heide;Kreis Dithmarschen;Schleswig-Holstein;010510044044;Stadt
Kirchspiel Garding;Gemeinde Kirchspiel Garding;Kreis Nordfriesland;Schleswig-Holstein;010545417035;Gemeinde
Manhagen;Gemeinde Manhagen;Kreis Ostholstein;Schleswig-Holstein;010555546029;Gemeinde
Beschendorf;Gemeinde Beschendorf;Kreis Ostholstein;Schleswig-Holstein;010555546006;Gemeinde
Brodersdorf;Gemeinde Brodersdorf;Kreis Plön;Schleswig-Holstein;010575755012;Gemeinde
Hohwacht (Ostsee);Gemeinde Hohwacht (Ostsee);Kreis Plön;Schleswig-Holstein;010575727030;Gemeinde
Postfeld;Gemeinde Postfeld;Kreis Plön;Schleswig-Holstein;010575747059;Gemeinde
Ruhwinkel;Gemeinde Ruhwinkel;Kreis Plön;Schleswig-Holstein;010575785069;Gemeinde
Luckenbach;Gemeinde Luckenbach;Landkreis Westerwaldkreis;Rheinland-Pfalz;071435002260;Gemeinde
Kisdorf;Gemeinde Kisdorf;Kreis Segeberg;Schleswig-Holstein;010605048047;Gemeinde
Pittenbach;Gemeinde Pittenbach;Landkreis Eifelkreis Bitburg-Prüm;Rheinland-Pfalz;072325006292;Gemeinde
Wollmerath;Gemeinde Wollmerath;Landkreis Cochem-Zell;Rheinland-Pfalz;071355003091;Gemeinde
Bredstedt;Stadt Bredstedt;Kreis Nordfriesland;Schleswig-Holstein;010545494019;Stadt
Vordorf;Gemeinde Vordorf;Landkreis Gifhorn;Niedersachsen;031515406034;Gemeinde
Enzen;Gemeinde Enzen;Landkreis Eifelkreis Bitburg-Prüm;Rheinland-Pfalz;072325008032;Gemeinde
Ahlefeld-Bistensee;Gemeinde Ahlefeld-Bistensee;Kreis Rendsburg-Eckernförde;Schleswig-Holstein;010585890175;Gemeinde
Willmars;Gemeinde Willmars;Landkreis Rhön-Grabfeld;Bayern;096735639182;Gemeinde
Stockheim;Gemeinde Stockheim;Landkreis Rhön-Grabfeld;Bayern;096735633170;Gemeinde
Theres;Gemeinde Theres;Landkreis Haßberge;Bayern;096745613180;Gemeinde
Geiselwind;Gemeinde Geiselwind;Landkreis Kitzingen;Bayern;096750127127;Gemeinde
Feldhorst;Gemeinde Feldhorst;Kreis Stormarn;Schleswig-Holstein;010625244093;Gemeinde
Uetze;Gemeinde Uetze;Landkreis Region Hannover;Niedersachsen;032410018018;Gemeinde
Stuhr;Gemeinde Stuhr;Landkreis Diepholz;Niedersachsen;032510037037;Gemeinde
Algermissen;Gemeinde Algermissen;Landkreis Hildesheim;Niedersachsen;032540003003;Gemeinde
Hameln;Stadt Hameln;Landkreis Hameln-Pyrmont;Niedersachsen;032520006006;Stadt
Bockenem;Stadt Bockenem;Landkreis Hildesheim;Niedersachsen;032540008008;Stadt
Leimbach;Gemeinde Leimbach;Landkreis Eifelkreis Bitburg-Prüm;Rheinland-Pfalz;072325005073;Gemeinde
Eschershausen;Gemeindefreies Gebiet Eschershausen;Landkreis Holzminden;Niedersachsen;032559503503;Gemeindefreies Gebiet
Steyerberg;Gemeinde Steyerberg;Landkreis Nienburg (Weser);Niedersachsen;032560030030;Gemeinde
Landesbergen;Gemeinde Landesbergen;Landkreis Nienburg (Weser);Niedersachsen;032565410017;Gemeinde
Großkarolinenfeld;Gemeinde Großkarolinenfeld;Landkreis Rosenheim;Bayern;091870137137;Gemeinde
Kolbermoor;Stadt Kolbermoor;Landkreis Rosenheim;Bayern;091870150150;Stadt
Rimsting;Gemeinde Rimsting;Landkreis Rosenheim;Bayern;091870168168;Gemeinde
Südheide;Gemeinde Südheide;Landkreis Celle;Niedersachsen;033510026026;Gemeinde
Wiendorf;Gemeinde Wiendorf;Landkreis Rostock;Mecklenburg-Vorpommern;130725261116;Gemeinde
Wiesthal;Gemeinde Wiesthal;Landkreis Main-Spessart;Bayern;096775656200;Gemeinde
Theilheim;Gemeinde Theilheim;Landkreis Würzburg;Bayern;096790193193;Gemeinde
Irtenberger Wald;Gemeindefreies Gebiet Irtenberger Wald;Landkreis Würzburg;Bayern;096799453453;Gemeindefreies Gebiet
Tauberrettersheim;Gemeinde Tauberrettersheim;Landkreis Würzburg;Bayern;096795654192;Gemeinde
Guttenberger Wald;Gemeindefreies Gebiet Guttenberger Wald;Landkreis Würzburg;Bayern;096799452452;Gemeindefreies Gebiet
Wingst;Gemeinde Wingst;Landkreis Cuxhaven;Niedersachsen;033525411056;Gemeinde
Mittelneufnach;Gemeinde Mittelneufnach;Landkreis Augsburg;Bayern;097725709179;Gemeinde
Scherstetten;Gemeinde Scherstetten;Landkreis Augsburg;Bayern;097725709197;Gemeinde
Dasing;Gemeinde Dasing;Landkreis Aichach-Friedberg;Bayern;097715704122;Gemeinde
Obergriesbach;Gemeinde Obergriesbach;Landkreis Aichach-Friedberg;Bayern;097715704149;Gemeinde
Griesheim;Stadt Griesheim;Landkreis Darmstadt-Dieburg;Hessen;064320008008;Stadt
Mödingen;Gemeinde Mödingen;Landkreis Dillingen a.d.Donau;Bayern;097735715147;Gemeinde
Asendorf;Gemeinde Asendorf;Landkreis Harburg;Niedersachsen;033535402002;Gemeinde
Olsdorf;Gemeinde Olsdorf;Landkreis Eifelkreis Bitburg-Prüm;Rheinland-Pfalz;072325008100;Gemeinde
Oetzen;Gemeinde Oetzen;Landkreis Uelzen;Niedersachsen;033605404015;Gemeinde
Zaberfeld;Gemeinde Zaberfeld;Landkreis Heilbronn;Baden-Württemberg;081255010108;Gemeinde
Elsdorf;Gemeinde Elsdorf;Landkreis Rotenburg (Wümme);Niedersachsen;033575408013;Gemeinde
Sottrum;Gemeinde Sottrum;Landkreis Rotenburg (Wümme);Niedersachsen;033575406045;Gemeinde
Gemünden (Felda);Gemeinde Gemünden (Felda);Landkreis Vogelsbergkreis;Hessen;065350005005;Gemeinde
Ottendorf-Okrilla;Gemeinde Ottendorf-Okrilla;Landkreis Bautzen;Sachsen;146250430430;Gemeinde
Puschwitz;Gemeinde Puschwitz;Landkreis Bautzen;Sachsen;146255223460;Gemeinde
Böhlen;Stadt Böhlen;Landkreis Leipzig;Sachsen;147290040040;Stadt
Hoffeld;Gemeinde Hoffeld;Landkreis Ahrweiler;Rheinland-Pfalz;071315001030;Gemeinde
Neuental;Gemeinde Neuental;Landkreis Schwalm-Eder-Kreis;Hessen;066340016016;Gemeinde
Morschen;Gemeinde Morschen;Landkreis Schwalm-Eder-Kreis;Hessen;066340015015;Gemeinde
Vaihingen an der Enz;Stadt Vaihingen an der Enz;Landkreis Ludwigsburg;Baden-Württemberg;081185008073;Stadt
Breitnau;Gemeinde Breitnau;Landkreis Breisgau-Hochschwarzwald;Baden-Württemberg;083155008016;Gemeinde
Gaildorf;Stadt Gaildorf;Landkreis Schwäbisch Hall;Baden-Württemberg;081275006025;Stadt
Bülstringen;Gemeinde Bülstringen;Landkreis Börde;Sachsen-Anhalt;150835052115;Gemeinde
Biederbach;Gemeinde Biederbach;Landkreis Emmendingen;Baden-Württemberg;083165002003;Gemeinde
Hüttlingen;Gemeinde Hüttlingen;Landkreis Ostalbkreis;Baden-Württemberg;081365001033;Gemeinde
Mosbach;Stadt Mosbach;Landkreis Neckar-Odenwald-Kreis;Baden-Württemberg;082255005058;Stadt
Angelbachtal;Gemeinde Angelbachtal;Landkreis Rhein-Neckar-Kreis;Baden-Württemberg;082265008102;Gemeinde
Elzach;Stadt Elzach;Landkreis Emmendingen;Baden-Württemberg;083165002010;Stadt
Grömbach;Gemeinde Grömbach;Landkreis Freudenstadt;Baden-Württemberg;082375005032;Gemeinde
Rottweil;Stadt Rottweil;Landkreis Rottweil;Baden-Württemberg;083255003049;Stadt
Rust;Gemeinde Rust;Landkreis Ortenaukreis;Baden-Württemberg;083175002114;Gemeinde
Pfinztal;Gemeinde Pfinztal;Landkreis Karlsruhe;Baden-Württemberg;082150101101;Gemeinde
Pfronten;Gemeinde Pfronten;Landkreis Ostallgäu;Bayern;097770159159;Gemeinde
Nesselwang;Gemeinde Nesselwang;Landkreis Ostallgäu;Bayern;097770153153;Gemeinde
Vollrathsruhe;Gemeinde Vollrathsruhe;Landkreis Mecklenburgische Seenplatte;Mecklenburg-Vorpommern;130715160154;Gemeinde
Peenehagen;Gemeinde Peenehagen;Landkreis Mecklenburgische Seenplatte;Mecklenburg-Vorpommern;130715160172;Gemeinde
Bartow;Gemeinde Bartow;Landkreis Mecklenburgische Seenplatte;Mecklenburg-Vorpommern;130715163006;Gemeinde
Obergünzburg;Gemeinde Obergünzburg;Landkreis Ostallgäu;Bayern;097775754154;Gemeinde
Immendingen;Gemeinde Immendingen;Landkreis Tuttlingen;Baden-Württemberg;083275003025;Gemeinde
Geisingen;Stadt Geisingen;Landkreis Tuttlingen;Baden-Württemberg;083275003018;Stadt
Konstanz;Stadt Konstanz;Landkreis Konstanz;Baden-Württemberg;083355004043;Stadt
Eimeldingen;Gemeinde Eimeldingen;Landkreis Lörrach;Baden-Württemberg;083365008019;Gemeinde
Albbruck;Gemeinde Albbruck;Landkreis Waldshut;Baden-Württemberg;083370002002;Gemeinde
Lauchringen;Gemeinde Lauchringen;Landkreis Waldshut;Baden-Württemberg;083375007065;Gemeinde
Dettingen an der Erms;Gemeinde Dettingen an der Erms;Landkreis Reutlingen;Baden-Württemberg;084150014014;Gemeinde
Walow;Gemeinde Walow;Landkreis Mecklenburgische Seenplatte;Mecklenburg-Vorpommern;130715154155;Gemeinde
Utzedel;Gemeinde Utzedel;Landkreis Mecklenburgische Seenplatte;Mecklenburg-Vorpommern;130715151148;Gemeinde
Walddorfhäslach;Gemeinde Walddorfhäslach;Landkreis Reutlingen;Baden-Württemberg;084155004087;Gemeinde
Öllingen;Gemeinde Öllingen;Landkreis Alb-Donau-Kreis;Baden-Württemberg;084255008092;Gemeinde
Blaubeuren;Stadt Blaubeuren;Landkreis Alb-Donau-Kreis;Baden-Württemberg;084255002020;Stadt
Ummendorf;Gemeinde Ummendorf;Landkreis Biberach;Baden-Württemberg;084265003120;Gemeinde
Meersburg;Stadt Meersburg;Landkreis Bodenseekreis;Baden-Württemberg;084355004036;Stadt
Gierstädt;Gemeinde Gierstädt;Landkreis Gotha;Thüringen;160675012026;Gemeinde
Goseck;Gemeinde Goseck;Landkreis Burgenlandkreis;Sachsen-Anhalt;150845053170;Gemeinde
Nebra (Unstrut);Stadt Nebra (Unstrut);Landkreis Burgenlandkreis;Sachsen-Anhalt;150845053360;Stadt
Marktoffingen;Gemeinde Marktoffingen;Landkreis Donau-Ries;Bayern;097795720177;Gemeinde
Lohe-Rickelshof;Gemeinde Lohe-Rickelshof;Kreis Dithmarschen;Schleswig-Holstein;010515172069;Gemeinde
Hedersleben;Gemeinde Hedersleben;Landkreis Harz;Sachsen-Anhalt;150855051160;Gemeinde
Waldburg;Gemeinde Waldburg;Landkreis Ravensburg;Baden-Württemberg;084365003079;Gemeinde
Hagermarsch;Gemeinde Hagermarsch;Landkreis Aurich;Niedersachsen;034525403009;Gemeinde
Barßel;Gemeinde Barßel;Landkreis Cloppenburg;Niedersachsen;034530001001;Gemeinde
Lachen;Gemeinde Lachen;Landkreis Unterallgäu;Bayern;097785765162;Gemeinde
Friedrichsthal;Stadt Friedrichsthal;Landkreis Regionalverband Saarbrücken;Saarland;100410511511;Stadt
Sulzberg;Gemeinde Sulzberg;Landkreis Oberallgäu;Bayern;097800140140;Gemeinde
Mühlenberge;Gemeinde Mühlenberge;Landkreis Havelland;Brandenburg;120635302202;Gemeinde
Losheim am See;Gemeinde Losheim am See;Landkreis Merzig-Wadern;Saarland;100420112112;Gemeinde
Ottobeuren;Gemeinde Ottobeuren;Landkreis Unterallgäu;Bayern;097785757186;Gemeinde
Ellingstedt;Gemeinde Ellingstedt;Kreis Schleswig-Flensburg;Schleswig-Holstein;010595993023;Gemeinde
Bornhöved;Gemeinde Bornhöved;Kreis Segeberg;Schleswig-Holstein;010605024012;Gemeinde
Pelm;Gemeinde Pelm;Landkreis Vulkaneifel;Rheinland-Pfalz;072335006056;Gemeinde
Herzberg am Harz;Stadt Herzberg am Harz;Landkreis Göttingen;Niedersachsen;031590019019;Stadt
Königsau;Gemeinde Königsau;Landkreis Bad Kreuznach;Rheinland-Pfalz;071335009203;Gemeinde
Ueß;Gemeinde Ueß;Landkreis Vulkaneifel;Rheinland-Pfalz;072335004243;Gemeinde
Lippstadt;Stadt Lippstadt;Kreis Soest;Nordrhein-Westfalen;059740028028;Stadt
Kempenich;Gemeinde Kempenich;Landkreis Ahrweiler;Rheinland-Pfalz;071315004502;Gemeinde
Holzerath;Gemeinde Holzerath;Landkreis Trier-Saarburg;Rheinland-Pfalz;072355004050;Gemeinde
Wilstedt;Gemeinde Wilstedt;Landkreis Rotenburg (Wümme);Niedersachsen;033575407055;Gemeinde
Wahlheim;Gemeinde Wahlheim;Landkreis Alzey-Worms;Rheinland-Pfalz;073315001067;Gemeinde
Hausweiler;Gemeinde Hausweiler;Landkreis Kusel;Rheinland-Pfalz;073365008035;Gemeinde
Brest;Gemeinde Brest;Landkreis Stade;Niedersachsen;033595403008;Gemeinde
Walschleben;Gemeinde Walschleben;Landkreis Sömmerda;Thüringen;160685002057;Gemeinde
Eppelheim;Stadt Eppelheim;Landkreis Rhein-Neckar-Kreis;Baden-Württemberg;082260018018;Stadt
Sandhausen;Gemeinde Sandhausen;Landkreis Rhein-Neckar-Kreis;Baden-Württemberg;082260076076;Gemeinde
Irschenberg;Gemeinde Irschenberg;Landkreis Miesbach;Bayern;091820123123;Gemeinde
Neversdorf;Gemeinde Neversdorf;Kreis Segeberg;Schleswig-Holstein;010605053062;Gemeinde
Neulehe;Gemeinde Neulehe;Landkreis Emsland;Niedersachsen;034545401038;Gemeinde
Bad Oldesloe;Stadt Bad Oldesloe;Kreis Stormarn;Schleswig-Holstein;010620004004;Stadt
Krummhörn;Gemeinde Krummhörn;Landkreis Aurich;Niedersachsen;034520014014;Gemeinde
Dötlingen;Gemeinde Dötlingen;Landkreis Oldenburg;Niedersachsen;034580003003;Gemeinde
Monschau;Stadt Monschau;Kreis Städteregion Aachen;Nordrhein-Westfalen;053340020020;Stadt
Hinzert-Pölert;Gemeinde Hinzert-Pölert;Landkreis Trier-Saarburg;Rheinland-Pfalz;072355001047;Gemeinde
Frankfurt am Main;Stadt Frankfurt am Main;Kreisfreie Stadt Frankfurt am Main;Hessen;064120000000;Stadt
Schwäbisch Hall;Stadt Schwäbisch Hall;Landkreis Schwäbisch Hall;Baden-Württemberg;081275009076;Stadt
Dischingen;Gemeinde Dischingen;Landkreis Heidenheim;Baden-Württemberg;081350010010;Gemeinde
Dachwig;Gemeinde Dachwig;Landkreis Gotha;Thüringen;160675012009;Gemeinde
Egling;Gemeinde Egling;Landkreis Bad Tölz-Wolfratshausen;Bayern;091730120120;Gemeinde
Gars a.Inn;Gemeinde Gars a.Inn;Landkreis Mühldorf a.Inn;Bayern;091835146118;Gemeinde
Wipfeld;Gemeinde Wipfeld;Landkreis Schweinfurt;Bayern;096785643196;Gemeinde
Wessobrunn;Gemeinde Wessobrunn;Landkreis Weilheim-Schongau;Bayern;091900158158;Gemeinde
Regensburg;Stadt Regensburg;Kreisfreie Stadt Regensburg;Bayern;093620000000;Stadt
Dinkelsbühl;Stadt Dinkelsbühl;Landkreis Ansbach;Bayern;095710136136;Stadt
Geiersnest-Ost;Gemeindefreies Gebiet Geiersnest-Ost;Landkreis Bad Kissingen;Bayern;096729455455;Gemeindefreies Gebiet
Blieskastel;Stadt Blieskastel;Landkreis Saarpfalz-Kreis;Saarland;100450112112;Stadt
Kapellendorf;Gemeinde Kapellendorf;Landkreis Weimarer Land;Thüringen;160715008037;Gemeinde
Eberswalde;Stadt Eberswalde;Landkreis Barnim;Brandenburg;120600052052;Stadt
Joachimsthal;Stadt Joachimsthal;Landkreis Barnim;Brandenburg;120605006100;Stadt
Heidesee;Gemeinde Heidesee;Landkreis Dahme-Spreewald;Brandenburg;120610217217;Gemeinde
Nauen;Stadt Nauen;Landkreis Havelland;Brandenburg;120630208208;Stadt
Neustadt (Dosse);Stadt Neustadt (Dosse);Landkreis Ostprignitz-Ruppin;Brandenburg;120685805324;Stadt
Bernitt;Gemeinde Bernitt;Landkreis Rostock;Mecklenburg-Vorpommern;130725252013;Gemeinde
Weischlitz;Gemeinde Weischlitz;Landkreis Vogtlandkreis;Sachsen;145230450450;Gemeinde
Magdeburg;Stadt Magdeburg;Kreisfreie Stadt Magdeburg;Sachsen-Anhalt;150030000000;Stadt
Bitterfeld-Wolfen;Stadt Bitterfeld-Wolfen;Landkreis Anhalt-Bitterfeld;Sachsen-Anhalt;150820015015;Stadt
Ilsenburg (Harz);Stadt Ilsenburg (Harz);Landkreis Harz;Sachsen-Anhalt;150850190190;Stadt
Elbe-Parey;Gemeinde Elbe-Parey;Landkreis Jerichower Land;Sachsen-Anhalt;150860035035;Gemeinde
Altmärkische Wische;Gemeinde Altmärkische Wische;Landkreis Stendal;Sachsen-Anhalt;150905053008;Gemeinde
Hörselberg-Hainich;Gemeinde Hörselberg-Hainich;Landkreis Wartburgkreis;Thüringen;160630098098;Gemeinde
Königsee;Stadt Königsee;Landkreis Saalfeld-Rudolstadt;Thüringen;160735054112;Stadt
Galenberg;Gemeinde Galenberg;Landkreis Ahrweiler;Rheinland-Pfalz;071315004204;Gemeinde
Utarp;Gemeinde Utarp;Landkreis Wittmund;Niedersachsen;034625402016;Gemeinde
Münster;Stadt Münster;Kreisfreie Stadt Münster;Nordrhein-Westfalen;055150000000;Stadt
Klein-Winternheim;Gemeinde Klein-Winternheim;Landkreis Mainz-Bingen;Rheinland-Pfalz;073395006032;Gemeinde
Oberbettingen;Gemeinde Oberbettingen;Landkreis Vulkaneifel;Rheinland-Pfalz;072335006053;Gemeinde
Hinzenburg;Gemeinde Hinzenburg;Landkreis Trier-Saarburg;Rheinland-Pfalz;072355004046;Gemeinde
Eickeloh;Gemeinde Eickeloh;Landkreis Heidekreis;Niedersachsen;033585401006;Gemeinde
Bornheim;Gemeinde Bornheim;Landkreis Südliche Weinstraße;Rheinland-Pfalz;073375007014;Gemeinde
Etgert;Gemeinde Etgert;Landkreis Bernkastel-Wittlich;Rheinland-Pfalz;072315006032;Gemeinde
Eberstadt;Gemeinde Eberstadt;Landkreis Heilbronn;Baden-Württemberg;081255014021;Gemeinde
Barnstorf-Warle;Gemeindefreies Gebiet Barnstorf-Warle;Landkreis Wolfenbüttel;Niedersachsen;031589502502;Gemeindefreies Gebiet
Wangen im Allgäu;Stadt Wangen im Allgäu;Landkreis Ravensburg;Baden-Württemberg;084365007081;Stadt
Saulgrub;Gemeinde Saulgrub;Landkreis Garmisch-Partenkirchen;Bayern;091805133129;Gemeinde
Fischbachau;Gemeinde Fischbachau;Landkreis Miesbach;Bayern;091820114114;Gemeinde
Putbus;Stadt Putbus;Landkreis Vorpommern-Rügen;Mecklenburg-Vorpommern;130730070070;Stadt
Kükels;Gemeinde Kükels;Kreis Segeberg;Schleswig-Holstein;010605053051;Gemeinde
Ottersheim;Gemeinde Ottersheim;Landkreis Donnersbergkreis;Rheinland-Pfalz;073335003058;Gemeinde
Goslar;Stadt Goslar;Landkreis Goslar;Niedersachsen;031530017017;Stadt
Wildeshausen;Stadt Wildeshausen;Landkreis Oldenburg;Niedersachsen;034580014014;Stadt
Gutsbezirk Spessart;Gemeindefreies Gebiet Gutsbezirk Spessart;Landkreis Main-Kinzig-Kreis;Hessen;064359200200;Gemeindefreies Gebiet
Frankenberg (Eder);Stadt Frankenberg (Eder);Landkreis Waldeck-Frankenberg;Hessen;066350011011;Stadt
Kehl;Stadt Kehl;Landkreis Ortenaukreis;Baden-Württemberg;083170057057;Stadt
Großvargula;Gemeinde Großvargula;Landkreis Unstrut-Hainich-Kreis;Thüringen;160645051019;Gemeinde
Thyrnau;Gemeinde Thyrnau;Landkreis Passau;Bayern;092750150150;Gemeinde
Gangkofen;Gemeinde Gangkofen;Landkreis Rottal-Inn;Bayern;092770121121;Gemeinde
Hergatz;Gemeinde Hergatz;Landkreis Lindau (Bodensee);Bayern;097760131131;Gemeinde
Balderschwang;Gemeinde Balderschwang;Landkreis Oberallgäu;Bayern;097805742113;Gemeinde
Waltenhofen;Gemeinde Waltenhofen;Landkreis Oberallgäu;Bayern;097800143143;Gemeinde
Gülzow-Prüzen;Gemeinde Gülzow-Prüzen;Landkreis Rostock;Mecklenburg-Vorpommern;130725255042;Gemeinde
Rothenstein;Gemeinde Rothenstein;Landkreis Saale-Holzland-Kreis;Thüringen;160745011079;Gemeinde
Ballenstedt;Stadt Ballenstedt;Landkreis Harz;Sachsen-Anhalt;150850040040;Stadt
Arnstein;Stadt Arnstein;Landkreis Mansfeld-Südharz;Sachsen-Anhalt;150870031031;Stadt
Rittersdorf;Gemeinde Rittersdorf;Landkreis Weimarer Land;Thüringen;160715007079;Gemeinde
Küllstedt;Gemeinde Küllstedt;Landkreis Eichsfeld;Thüringen;160615013063;Gemeinde
Genthin;Stadt Genthin;Landkreis Jerichower Land;Sachsen-Anhalt;150860040040;Stadt
Barenburg;Gemeinde Barenburg;Landkreis Diepholz;Niedersachsen;032515404004;Gemeinde
Freistatt;Gemeinde Freistatt;Landkreis Diepholz;Niedersachsen;032515404018;Gemeinde
Sprötau;Gemeinde Sprötau;Landkreis Sömmerda;Thüringen;160685012052;Gemeinde
Hallig Hooge;Gemeinde Hallig Hooge;Kreis Nordfriesland;Schleswig-Holstein;010545459050;Gemeinde
Klein Berßen;Gemeinde Klein Berßen;Landkreis Emsland;Niedersachsen;034545407024;Gemeinde
Lägerdorf;Gemeinde Lägerdorf;Kreis Steinburg;Schleswig-Holstein;010615104061;Gemeinde
Helpsen;Gemeinde Helpsen;Landkreis Schaumburg;Niedersachsen;032575405013;Gemeinde
Krummendiek;Gemeinde Krummendiek;Kreis Steinburg;Schleswig-Holstein;010615138059;Gemeinde
Nienbüttel;Gemeinde Nienbüttel;Kreis Steinburg;Schleswig-Holstein;010615168076;Gemeinde
Altenberga;Gemeinde Altenberga;Landkreis Saale-Holzland-Kreis;Thüringen;160745011002;Gemeinde
Auderath;Gemeinde Auderath;Landkreis Cochem-Zell;Rheinland-Pfalz;071355003005;Gemeinde
Kircheib;Gemeinde Kircheib;Landkreis Altenkirchen (Westerwald);Rheinland-Pfalz;071325010062;Gemeinde
Kescheid;Gemeinde Kescheid;Landkreis Altenkirchen (Westerwald);Rheinland-Pfalz;071325010060;Gemeinde
Welmbüttel;Gemeinde Welmbüttel;Kreis Dithmarschen;Schleswig-Holstein;010515169125;Gemeinde
Börtlingen;Gemeinde Börtlingen;Landkreis Göppingen;Baden-Württemberg;081175008011;Gemeinde
Süderhastedt;Gemeinde Süderhastedt;Kreis Dithmarschen;Schleswig-Holstein;010515163110;Gemeinde
Weyher in der Pfalz;Gemeinde Weyher in der Pfalz;Landkreis Südliche Weinstraße;Rheinland-Pfalz;073375003084;Gemeinde
Helse;Gemeinde Helse;Kreis Dithmarschen;Schleswig-Holstein;010515166046;Gemeinde
Großkarlbach;Gemeinde Großkarlbach;Landkreis Bad Dürkheim;Rheinland-Pfalz;073325007023;Gemeinde
Prasdorf;Gemeinde Prasdorf;Kreis Plön;Schleswig-Holstein;010575755060;Gemeinde
Oldendorf (Luhe);Gemeinde Oldendorf (Luhe);Landkreis Lüneburg;Niedersachsen;033555401027;Gemeinde
Stein-Bockenheim;Gemeinde Stein-Bockenheim;Landkreis Alzey-Worms;Rheinland-Pfalz;073315005062;Gemeinde
Wathlingen;Gemeinde Wathlingen;Landkreis Celle;Niedersachsen;033515404021;Gemeinde
Monsheim;Gemeinde Monsheim;Landkreis Alzey-Worms;Rheinland-Pfalz;073315003048;Gemeinde
Drestedt;Gemeinde Drestedt;Landkreis Harburg;Niedersachsen;033535403008;Gemeinde
Wapelfeld;Gemeinde Wapelfeld;Kreis Rendsburg-Eckernförde;Schleswig-Holstein;010585895167;Gemeinde
Hülseburg;Gemeinde Hülseburg;Landkreis Ludwigslust-Parchim;Mecklenburg-Vorpommern;130765658065;Gemeinde
Nieder Kostenz;Gemeinde Nieder Kostenz;Landkreis Rhein-Hunsrück-Kreis;Rheinland-Pfalz;071405004105;Gemeinde
Zell am Harmersbach;Stadt Zell am Harmersbach;Landkreis Ortenaukreis;Baden-Württemberg;083175014146;Stadt
Riesweiler;Gemeinde Riesweiler;Landkreis Rhein-Hunsrück-Kreis;Rheinland-Pfalz;071405008127;Gemeinde
Oelsberg;Gemeinde Oelsberg;Landkreis Rhein-Lahn-Kreis;Rheinland-Pfalz;071415007107;Gemeinde
Merzweiler;Gemeinde Merzweiler;Landkreis Kusel;Rheinland-Pfalz;073365008062;Gemeinde
Altenglan;Gemeinde Altenglan;Landkreis Kusel;Rheinland-Pfalz;073365010003;Gemeinde
Blaubach;Gemeinde Blaubach;Landkreis Kusel;Rheinland-Pfalz;073365010006;Gemeinde
Hahn bei Marienberg;Gemeinde Hahn bei Marienberg;Landkreis Westerwaldkreis;Rheinland-Pfalz;071435001231;Gemeinde
Oberhausen;Gemeinde Oberhausen;Landkreis Südliche Weinstraße;Rheinland-Pfalz;073375002058;Gemeinde
Waldrohrbach;Gemeinde Waldrohrbach;Landkreis Südliche Weinstraße;Rheinland-Pfalz;073375001081;Gemeinde
Dierdorf;Stadt Dierdorf;Landkreis Neuwied;Rheinland-Pfalz;071385003012;Stadt
Gaienhofen;Gemeinde Gaienhofen;Landkreis Konstanz;Baden-Württemberg;083355003025;Gemeinde
Isenburg;Gemeinde Isenburg;Landkreis Neuwied;Rheinland-Pfalz;071385003031;Gemeinde
March;Gemeinde March;Landkreis Breisgau-Hochschwarzwald;Baden-Württemberg;083155011132;Gemeinde
Waldkappel;Stadt Waldkappel;Landkreis Werra-Meißner-Kreis;Hessen;066360012012;Stadt
Marienhausen;Gemeinde Marienhausen;Landkreis Neuwied;Rheinland-Pfalz;071385003201;Gemeinde
Sontra;Stadt Sontra;Landkreis Werra-Meißner-Kreis;Hessen;066360011011;Stadt
Lind;Gemeinde Lind;Landkreis Ahrweiler;Rheinland-Pfalz;071315002047;Gemeinde
Barweiler;Gemeinde Barweiler;Landkreis Ahrweiler;Rheinland-Pfalz;071315001008;Gemeinde
Ediger-Eller;Gemeinde Ediger-Eller;Landkreis Cochem-Zell;Rheinland-Pfalz;071355001024;Gemeinde
Laubach;Gemeinde Laubach;Landkreis Cochem-Zell;Rheinland-Pfalz;071355002052;Gemeinde
Zettingen;Gemeinde Zettingen;Landkreis Cochem-Zell;Rheinland-Pfalz;071355002093;Gemeinde
Treis-Karden;Gemeinde Treis-Karden;Landkreis Cochem-Zell;Rheinland-Pfalz;071355001082;Gemeinde
Roes;Gemeinde Roes;Landkreis Cochem-Zell;Rheinland-Pfalz;071355002075;Gemeinde
Gappenach;Gemeinde Gappenach;Landkreis Mayen-Koblenz;Rheinland-Pfalz;071375002027;Gemeinde
Trimbs;Gemeinde Trimbs;Landkreis Mayen-Koblenz;Rheinland-Pfalz;071375002102;Gemeinde
Ulmen;Stadt Ulmen;Landkreis Cochem-Zell;Rheinland-Pfalz;071355003083;Stadt
Monreal;Gemeinde Monreal;Landkreis Mayen-Koblenz;Rheinland-Pfalz;071375003074;Gemeinde
Oberickelsheim;Gemeinde Oberickelsheim;Landkreis Neustadt a.d.Aisch-Bad Windsheim;Bayern;095755519155;Gemeinde
Reudelsterz;Gemeinde Reudelsterz;Landkreis Mayen-Koblenz;Rheinland-Pfalz;071375003092;Gemeinde
Börgerende-Rethwisch;Gemeinde Börgerende-Rethwisch;Landkreis Rostock;Mecklenburg-Vorpommern;130725251017;Gemeinde
Zehna;Gemeinde Zehna;Landkreis Rostock;Mecklenburg-Vorpommern;130725255119;Gemeinde
Parchtitz;Gemeinde Parchtitz;Landkreis Vorpommern-Rügen;Mecklenburg-Vorpommern;130735353063;Gemeinde
Ratzeburg;Stadt Ratzeburg;Kreis Herzogtum Lauenburg;Schleswig-Holstein;010530100100;Stadt
Tittmoning;Stadt Tittmoning;Landkreis Traunstein;Bayern;091890152152;Stadt
Pittenhart;Gemeinde Pittenhart;Landkreis Traunstein;Bayern;091895170137;Gemeinde
Engelsberg;Gemeinde Engelsberg;Landkreis Traunstein;Bayern;091890115115;Gemeinde
Altenkirchen;Gemeinde Altenkirchen;Landkreis Vorpommern-Rügen;Mecklenburg-Vorpommern;130735359004;Gemeinde
Drechow;Gemeinde Drechow;Landkreis Vorpommern-Rügen;Mecklenburg-Vorpommern;130735360020;Gemeinde
Weitenhagen;Gemeinde Weitenhagen;Landkreis Vorpommern-Rügen;Mecklenburg-Vorpommern;130735355097;Gemeinde
Tribsees;Stadt Tribsees;Landkreis Vorpommern-Rügen;Mecklenburg-Vorpommern;130735360093;Stadt
Burggen;Gemeinde Burggen;Landkreis Weilheim-Schongau;Bayern;091905175118;Gemeinde
Schildetal;Gemeinde Schildetal;Landkreis Nordwestmecklenburg;Mecklenburg-Vorpommern;130745455072;Gemeinde
Römershager Forst-Ost;Gemeindefreies Gebiet Römershager Forst-Ost;Landkreis Bad Kissingen;Bayern;096729465465;Gemeindefreies Gebiet
Neumark;Gemeinde Neumark;Landkreis Vogtlandkreis;Sachsen;145230280280;Gemeinde
Neuburg;Gemeinde Neuburg;Landkreis Nordwestmecklenburg;Mecklenburg-Vorpommern;130745456056;Gemeinde
Zurow;Gemeinde Zurow;Landkreis Nordwestmecklenburg;Mecklenburg-Vorpommern;130745457090;Gemeinde
Kirchham;Gemeinde Kirchham;Landkreis Passau;Bayern;092750130130;Gemeinde
Leopoldsreuter Wald;Gemeindefreies Gebiet Leopoldsreuter Wald;Landkreis Freyung-Grafenau;Bayern;092729455455;Gemeindefreies Gebiet
Lübs;Gemeinde Lübs;Landkreis Vorpommern-Greifswald;Mecklenburg-Vorpommern;130755552084;Gemeinde
Elsendorf;Gemeinde Elsendorf;Landkreis Kelheim;Bayern;092735219163;Gemeinde
Ducherow;Gemeinde Ducherow;Landkreis Vorpommern-Greifswald;Mecklenburg-Vorpommern;130755553029;Gemeinde
Stolpe an der Peene;Gemeinde Stolpe an der Peene;Landkreis Vorpommern-Greifswald;Mecklenburg-Vorpommern;130755553128;Gemeinde
Krusenfelde;Gemeinde Krusenfelde;Landkreis Vorpommern-Greifswald;Mecklenburg-Vorpommern;130755553073;Gemeinde
Amorbach;Stadt Amorbach;Landkreis Miltenberg;Bayern;096760112112;Stadt
Wilhelmsburg;Gemeinde Wilhelmsburg;Landkreis Vorpommern-Greifswald;Mecklenburg-Vorpommern;130755559143;Gemeinde
Egglham;Gemeinde Egglham;Landkreis Rottal-Inn;Bayern;092770117117;Gemeinde
Himmelstadt;Gemeinde Himmelstadt;Landkreis Main-Spessart;Bayern;096775625142;Gemeinde
Thüngen;Gemeinde Thüngen;Landkreis Main-Spessart;Bayern;096775625189;Gemeinde
Rieden;Gemeinde Rieden;Landkreis Amberg-Sulzbach;Bayern;093710146146;Gemeinde
Moosthenning;Gemeinde Moosthenning;Landkreis Dingolfing-Landau;Bayern;092790128128;Gemeinde
Ursensollen;Gemeinde Ursensollen;Landkreis Amberg-Sulzbach;Bayern;093710154154;Gemeinde
Allmannshofen;Gemeinde Allmannshofen;Landkreis Augsburg;Bayern;097725706114;Gemeinde
Waldthurn;Gemeinde Waldthurn;Landkreis Neustadt a.d.Waldnaab;Bayern;093740165165;Gemeinde
Püchersreuth;Gemeinde Püchersreuth;Landkreis Neustadt a.d.Waldnaab;Bayern;093745323150;Gemeinde
Berngau;Gemeinde Berngau;Landkreis Neumarkt i.d.OPf.;Bayern;093735321114;Gemeinde
Schirmitz;Gemeinde Schirmitz;Landkreis Neustadt a.d.Waldnaab;Bayern;093745329154;Gemeinde
Georgenberg;Gemeinde Georgenberg;Landkreis Neustadt a.d.Waldnaab;Bayern;093745331123;Gemeinde
Oberviechtach;Stadt Oberviechtach;Landkreis Schwandorf;Bayern;093760151151;Stadt
Mildenau;Gemeinde Mildenau;Landkreis Erzgebirgskreis;Sachsen;145210400400;Gemeinde
Bärenstein;Gemeinde Bärenstein;Landkreis Erzgebirgskreis;Sachsen;145215101060;Gemeinde
Hepberg;Gemeinde Hepberg;Landkreis Eichstätt;Bayern;091760131131;Gemeinde
Steinberg;Gemeinde Steinberg;Landkreis Vogtlandkreis;Sachsen;145230380380;Gemeinde
Meerane;Stadt Meerane;Landkreis Zwickau;Sachsen;145245118190;Stadt
Lindenkreuz;Gemeinde Lindenkreuz;Landkreis Greiz;Thüringen;160765006044;Gemeinde
Heinzenberg;Gemeinde Heinzenberg;Landkreis Bad Kreuznach;Rheinland-Pfalz;071335009042;Gemeinde
Brake (Unterweser);Stadt Brake (Unterweser);Landkreis Wesermarsch;Niedersachsen;034610002002;Stadt
Beckeln;Gemeinde Beckeln;Landkreis Oldenburg;Niedersachsen;034585401001;Gemeinde
Großenkneten;Gemeinde Großenkneten;Landkreis Oldenburg;Niedersachsen;034580007007;Gemeinde
Meisenheim;Stadt Meisenheim;Landkreis Bad Kreuznach;Rheinland-Pfalz;071335010065;Stadt
Alfhausen;Gemeinde Alfhausen;Landkreis Osnabrück;Niedersachsen;034595402001;Gemeinde
Goldenstedt;Gemeinde Goldenstedt;Landkreis Vechta;Niedersachsen;034600004004;Gemeinde
Holdorf;Gemeinde Holdorf;Landkreis Vechta;Niedersachsen;034600005005;Gemeinde
Leverkusen;Stadt Leverkusen;Kreisfreie Stadt Leverkusen;Nordrhein-Westfalen;053160000000;Stadt
Oberhausen;Stadt Oberhausen;Kreisfreie Stadt Oberhausen;Nordrhein-Westfalen;051190000000;Stadt
Ruppach-Goldhausen;Gemeinde Ruppach-Goldhausen;Landkreis Westerwaldkreis;Rheinland-Pfalz;071435004065;Gemeinde
Weeze;Gemeinde Weeze;Kreis Kleve;Nordrhein-Westfalen;051540064064;Gemeinde
Hellenhahn-Schellenberg;Gemeinde Hellenhahn-Schellenberg;Landkreis Westerwaldkreis;Rheinland-Pfalz;071435006237;Gemeinde
Stegaurach;Gemeinde Stegaurach;Landkreis Bamberg;Bayern;094710191191;Gemeinde
Borken;Stadt Borken;Kreis Borken;Nordrhein-Westfalen;055540012012;Stadt
Ewighausen;Gemeinde Ewighausen;Landkreis Westerwaldkreis;Rheinland-Pfalz;071435007221;Gemeinde
Simmerath;Gemeinde Simmerath;Kreis Städteregion Aachen;Nordrhein-Westfalen;053340028028;Gemeinde
Thierschneck;Gemeinde Thierschneck;Landkreis Saale-Holzland-Kreis;Thüringen;160745015099;Gemeinde
Langerwehe;Gemeinde Langerwehe;Kreis Düren;Nordrhein-Westfalen;053580032032;Gemeinde
Hartenfels;Gemeinde Hartenfels;Landkreis Westerwaldkreis;Rheinland-Pfalz;071435007025;Gemeinde
Windesheim;Gemeinde Windesheim;Landkreis Bad Kreuznach;Rheinland-Pfalz;071335011114;Gemeinde
Lorsch;Stadt Lorsch;Landkreis Bergstraße;Hessen;064310016016;Stadt
Prüll;Gemeindefreies Gebiet Prüll;Landkreis Bayreuth;Bayern;094729464464;Gemeindefreies Gebiet
Hummeltal;Gemeinde Hummeltal;Landkreis Bayreuth;Bayern;094725414155;Gemeinde
Mörsfeld;Gemeinde Mörsfeld;Landkreis Donnersbergkreis;Rheinland-Pfalz;073335004046;Gemeinde
Heinersreuther Forst;Gemeindefreies Gebiet Heinersreuther Forst;Landkreis Bayreuth;Bayern;094729458458;Gemeindefreies Gebiet
Paderborn;Stadt Paderborn;Kreis Paderborn;Nordrhein-Westfalen;057740032032;Stadt
Bad Lauchstädt;Stadt Bad Lauchstädt;Landkreis Saalekreis;Sachsen-Anhalt;150880025025;Stadt
Jena;Stadt Jena;Kreisfreie Stadt Jena;Thüringen;160530000000;Stadt
Steiningen;Gemeinde Steiningen;Landkreis Vulkaneifel;Rheinland-Pfalz;072335001068;Gemeinde
Uder;Gemeinde Uder;Landkreis Eichsfeld;Thüringen;160615051119;Gemeinde
Lüdenscheid;Stadt Lüdenscheid;Kreis Märkischer Kreis;Nordrhein-Westfalen;059620032032;Stadt
Bickenbach;Gemeinde Bickenbach;Landkreis Darmstadt-Dieburg;Hessen;064320003003;Gemeinde
Groß-Umstadt;Stadt Groß-Umstadt;Landkreis Darmstadt-Dieburg;Hessen;064320010010;Stadt
Hasselroth;Gemeinde Hasselroth;Landkreis Main-Kinzig-Kreis;Hessen;064350015015;Gemeinde
Riedstadt;Stadt Riedstadt;Landkreis Groß-Gerau;Hessen;064330011011;Stadt
Erndtebrück;Gemeinde Erndtebrück;Kreis Siegen-Wittgenstein;Nordrhein-Westfalen;059700012012;Gemeinde
Bad Laasphe;Stadt Bad Laasphe;Kreis Siegen-Wittgenstein;Nordrhein-Westfalen;059700028028;Stadt
Kolverath;Gemeinde Kolverath;Landkreis Vulkaneifel;Rheinland-Pfalz;072335004222;Gemeinde
Stralendorf;Gemeinde Stralendorf;Landkreis Ludwigslust-Parchim;Mecklenburg-Vorpommern;130765665130;Gemeinde
Grünberg;Stadt Grünberg;Landkreis Gießen;Hessen;065310006006;Stadt
Reiskirchen;Gemeinde Reiskirchen;Landkreis Gießen;Hessen;065310016016;Gemeinde
Weilburg;Stadt Weilburg;Landkreis Limburg-Weilburg;Hessen;065330017017;Stadt
Selters (Taunus);Gemeinde Selters (Taunus);Landkreis Limburg-Weilburg;Hessen;065330014014;Gemeinde
Bad Hersfeld;Stadt Bad Hersfeld;Landkreis Hersfeld-Rotenburg;Hessen;066320002002;Stadt
Marktleugast;Gemeinde Marktleugast;Landkreis Kulmbach;Bayern;094775436138;Gemeinde
Bruckberg;Gemeinde Bruckberg;Landkreis Ansbach;Bayern;095715504122;Gemeinde
Teugn;Gemeinde Teugn;Landkreis Kelheim;Bayern;092735216175;Gemeinde
Langenpreising;Gemeinde Langenpreising;Landkreis Erding;Bayern;091775126126;Gemeinde
Petersaurach;Gemeinde Petersaurach;Landkreis Ansbach;Bayern;095710190190;Gemeinde
Wittelshofen;Gemeinde Wittelshofen;Landkreis Ansbach;Bayern;095715509227;Gemeinde
Möhrendorf;Gemeinde Möhrendorf;Landkreis Erlangen-Höchstadt;Bayern;095720142142;Gemeinde
Dormitzer Forst;Gemeindefreies Gebiet Dormitzer Forst;Landkreis Erlangen-Höchstadt;Bayern;095729453453;Gemeindefreies Gebiet
Buckenhof;Gemeinde Buckenhof;Landkreis Erlangen-Höchstadt;Bayern;095725514120;Gemeinde
Jonaswalde;Gemeinde Jonaswalde;Landkreis Altenburger Land;Thüringen;160775009018;Gemeinde
Saarlouis;Stadt Saarlouis;Landkreis Saarlouis;Saarland;100440115115;Stadt
Grafrath;Gemeinde Grafrath;Landkreis Fürstenfeldbruck;Bayern;091795132125;Gemeinde
Greifenberg;Gemeinde Greifenberg;Landkreis Landsberg am Lech;Bayern;091815143123;Gemeinde
Schwifting;Gemeinde Schwifting;Landkreis Landsberg am Lech;Bayern;091815141140;Gemeinde
Walksfelde;Gemeinde Walksfelde;Kreis Herzogtum Lauenburg;Schleswig-Holstein;010535391127;Gemeinde
Lüchow;Gemeinde Lüchow;Kreis Herzogtum Lauenburg;Schleswig-Holstein;010535391086;Gemeinde
Schürensöhlen;Gemeinde Schürensöhlen;Kreis Herzogtum Lauenburg;Schleswig-Holstein;010535391114;Gemeinde
Mandelbachtal;Gemeinde Mandelbachtal;Landkreis Saarpfalz-Kreis;Saarland;100450116116;Gemeinde
Oberwesel;Stadt Oberwesel;Landkreis Rhein-Hunsrück-Kreis;Rheinland-Pfalz;071405009112;Stadt
Dornholzhausen;Gemeinde Dornholzhausen;Landkreis Rhein-Lahn-Kreis;Rheinland-Pfalz;071415010033;Gemeinde
Obernhof;Gemeinde Obernhof;Landkreis Rhein-Lahn-Kreis;Rheinland-Pfalz;071415010103;Gemeinde
Mechelroda;Gemeinde Mechelroda;Landkreis Weimarer Land;Thüringen;160715008055;Gemeinde
Frauenprießnitz;Gemeinde Frauenprießnitz;Landkreis Saale-Holzland-Kreis;Thüringen;160745015019;Gemeinde
Hainichen;Gemeinde Hainichen;Landkreis Saale-Holzland-Kreis;Thüringen;160745015036;Gemeinde
Neundorf (bei Schleiz);Gemeinde Neundorf (bei Schleiz);Landkreis Saale-Orla-Kreis;Thüringen;160755004072;Gemeinde
Bosbüll;Gemeinde Bosbüll;Kreis Nordfriesland;Schleswig-Holstein;010545489016;Gemeinde
Lehnstedt;Gemeinde Lehnstedt;Landkreis Weimarer Land;Thüringen;160715008049;Gemeinde
Gorden-Staupitz;Gemeinde Gorden-Staupitz;Landkreis Elbe-Elster;Brandenburg;120625207177;Gemeinde
Großräschen;Stadt Großräschen;Landkreis Oberspreewald-Lausitz;Brandenburg;120660112112;Stadt
Hohenbocka;Gemeinde Hohenbocka;Landkreis Oberspreewald-Lausitz;Brandenburg;120665607132;Gemeinde
Otterfing;Gemeinde Otterfing;Landkreis Miesbach;Bayern;091820127127;Gemeinde
Falkenberg;Gemeinde Falkenberg;Landkreis Märkisch-Oderland;Brandenburg;120645403125;Gemeinde
Bullenkuhlen;Gemeinde Bullenkuhlen;Kreis Pinneberg;Schleswig-Holstein;010565660011;Gemeinde
Ellerhoop;Gemeinde Ellerhoop;Kreis Pinneberg;Schleswig-Holstein;010565660014;Gemeinde
Groß Offenseth-Aspern;Gemeinde Groß Offenseth-Aspern;Kreis Pinneberg;Schleswig-Holstein;010565660017;Gemeinde
Oberbergkirchen;Gemeinde Oberbergkirchen;Landkreis Mühldorf a.Inn;Bayern;091835150132;Gemeinde
Am Salzhaff;Gemeinde Am Salzhaff;Landkreis Rostock;Mecklenburg-Vorpommern;130725259005;Gemeinde
Birtlingen;Gemeinde Birtlingen;Landkreis Eifelkreis Bitburg-Prüm;Rheinland-Pfalz;072325008017;Gemeinde
Oberhausen;Gemeinde Oberhausen;Landkreis Neuburg-Schrobenhausen;Bayern;091850150150;Gemeinde
Gachenbach;Gemeinde Gachenbach;Landkreis Neuburg-Schrobenhausen;Bayern;091855155131;Gemeinde
Klein Zecher;Gemeinde Klein Zecher;Kreis Herzogtum Lauenburg;Schleswig-Holstein;010535358066;Gemeinde
Sieversdorf-Hohenofen;Gemeinde Sieversdorf-Hohenofen;Landkreis Ostprignitz-Ruppin;Brandenburg;120685805409;Gemeinde
Planebruch;Gemeinde Planebruch;Landkreis Potsdam-Mittelmark;Brandenburg;120695904470;Gemeinde
Niemegk;Stadt Niemegk;Landkreis Potsdam-Mittelmark;Brandenburg;120695910448;Stadt
Drachhausen;Gemeinde Drachhausen;Landkreis Spree-Neiße;Brandenburg;120715107052;Gemeinde
Heinersbrück;Gemeinde Heinersbrück;Landkreis Spree-Neiße;Brandenburg;120715107176;Gemeinde
Muhr a.See;Gemeinde Muhr a.See;Landkreis Weißenburg-Gunzenhausen;Bayern;095770114114;Gemeinde
Ludwigsfelde;Stadt Ludwigsfelde;Landkreis Teltow-Fläming;Brandenburg;120720240240;Stadt
Baruth/Mark;Stadt Baruth/Mark;Landkreis Teltow-Fläming;Brandenburg;120720014014;Stadt
Luckenwalde;Stadt Luckenwalde;Landkreis Teltow-Fläming;Brandenburg;120720232232;Stadt
Pirow;Gemeinde Pirow;Landkreis Prignitz;Brandenburg;120705009300;Gemeinde
Ladelund;Gemeinde Ladelund;Kreis Nordfriesland;Schleswig-Holstein;010545489073;Gemeinde
Obernheim-Kirchenarnbach;Gemeinde Obernheim-Kirchenarnbach;Landkreis Südwestpfalz;Rheinland-Pfalz;073405009219;Gemeinde
Owen;Stadt Owen;Landkreis Esslingen;Baden-Württemberg;081165002054;Stadt
Karlsfeld;Gemeinde Karlsfeld;Landkreis Dachau;Bayern;091740126126;Gemeinde
Otterberg;Stadt Otterberg;Landkreis Kaiserslautern;Rheinland-Pfalz;073355010035;Stadt
Euscheid;Gemeinde Euscheid;Landkreis Eifelkreis Bitburg-Prüm;Rheinland-Pfalz;072325001221;Gemeinde
Olmscheid;Gemeinde Olmscheid;Landkreis Eifelkreis Bitburg-Prüm;Rheinland-Pfalz;072325001287;Gemeinde
Roscheid;Gemeinde Roscheid;Landkreis Eifelkreis Bitburg-Prüm;Rheinland-Pfalz;072325001301;Gemeinde
Jünkerath;Gemeinde Jünkerath;Landkreis Vulkaneifel;Rheinland-Pfalz;072335006035;Gemeinde
Densborn;Gemeinde Densborn;Landkreis Vulkaneifel;Rheinland-Pfalz;072335006209;Gemeinde
Heddesheim;Gemeinde Heddesheim;Landkreis Rhein-Neckar-Kreis;Baden-Württemberg;082260028028;Gemeinde
Reuth;Gemeinde Reuth;Landkreis Vulkaneifel;Rheinland-Pfalz;072335006235;Gemeinde
Kordel;Gemeinde Kordel;Landkreis Trier-Saarburg;Rheinland-Pfalz;072355007069;Gemeinde
Ludwigshafen am Rhein;Stadt Ludwigshafen am Rhein;Kreisfreie Stadt Ludwigshafen am Rhein;Rheinland-Pfalz;073140000000;Stadt
Humptrup;Gemeinde Humptrup;Kreis Nordfriesland;Schleswig-Holstein;010545489055;Gemeinde
Liederbach am Taunus;Gemeinde Liederbach am Taunus;Landkreis Main-Taunus-Kreis;Hessen;064360010010;Gemeinde
Schalkholz;Gemeinde Schalkholz;Kreis Dithmarschen;Schleswig-Holstein;010515169100;Gemeinde
Bargfeld-Stegen;Gemeinde Bargfeld-Stegen;Kreis Stormarn;Schleswig-Holstein;010625218005;Gemeinde
Bönebüttel;Gemeinde Bönebüttel;Kreis Plön;Schleswig-Holstein;010570008008;Gemeinde
Högsdorf;Gemeinde Högsdorf;Kreis Plön;Schleswig-Holstein;010575727027;Gemeinde
Tröndel;Gemeinde Tröndel;Kreis Plön;Schleswig-Holstein;010575727082;Gemeinde
Rantzau;Gemeinde Rantzau;Kreis Plön;Schleswig-Holstein;010575739065;Gemeinde
Fahren;Gemeinde Fahren;Kreis Plön;Schleswig-Holstein;010575755018;Gemeinde
Großharrie;Gemeinde Großharrie;Kreis Plön;Schleswig-Holstein;010575785024;Gemeinde
Wisch;Gemeinde Wisch;Kreis Plön;Schleswig-Holstein;010575755088;Gemeinde
Goosefeld;Gemeinde Goosefeld;Kreis Rendsburg-Eckernförde;Schleswig-Holstein;010585893102;Gemeinde
Jerrishoe;Gemeinde Jerrishoe;Kreis Schleswig-Flensburg;Schleswig-Holstein;010595912131;Gemeinde
Föhrden-Barl;Gemeinde Föhrden-Barl;Kreis Segeberg;Schleswig-Holstein;010605005021;Gemeinde
Pronstorf;Gemeinde Pronstorf;Kreis Segeberg;Schleswig-Holstein;010605086067;Gemeinde
Baddeckenstedt;Gemeinde Baddeckenstedt;Landkreis Wolfenbüttel;Niedersachsen;031585402002;Gemeinde
Friedelsheim;Gemeinde Friedelsheim;Landkreis Bad Dürkheim;Rheinland-Pfalz;073325006020;Gemeinde
Ihlienworth;Gemeinde Ihlienworth;Landkreis Cuxhaven;Niedersachsen;033525411025;Gemeinde
Isenbüttel;Gemeinde Isenbüttel;Landkreis Gifhorn;Niedersachsen;031515404013;Gemeinde
Ehra-Lessien;Gemeinde Ehra-Lessien;Landkreis Gifhorn;Niedersachsen;031515402008;Gemeinde
Meinersen;Gemeinde Meinersen;Landkreis Gifhorn;Niedersachsen;031515405017;Gemeinde
Nörten-Hardenberg;Gemeinde Nörten-Hardenberg;Landkreis Northeim;Niedersachsen;031550010010;Gemeinde
Sibbesse;Gemeinde Sibbesse;Landkreis Hildesheim;Niedersachsen;032540045045;Gemeinde
Burgsalach;Gemeinde Burgsalach;Landkreis Weißenburg-Gunzenhausen;Bayern;095775535120;Gemeinde
Rödelsee;Gemeinde Rödelsee;Landkreis Kitzingen;Bayern;096755616161;Gemeinde
Nordstemmen;Gemeinde Nordstemmen;Landkreis Hildesheim;Niedersachsen;032540026026;Gemeinde
Ingendorf;Gemeinde Ingendorf;Landkreis Eifelkreis Bitburg-Prüm;Rheinland-Pfalz;072325008062;Gemeinde
Borstel;Gemeinde Borstel;Landkreis Diepholz;Niedersachsen;032515407008;Gemeinde
Metterich;Gemeinde Metterich;Landkreis Eifelkreis Bitburg-Prüm;Rheinland-Pfalz;072325008081;Gemeinde
Hemsloh;Gemeinde Hemsloh;Landkreis Diepholz;Niedersachsen;032515405019;Gemeinde
Tellig;Gemeinde Tellig;Landkreis Cochem-Zell;Rheinland-Pfalz;071355005081;Gemeinde
Boffzen;Gemeindefreies Gebiet Boffzen;Landkreis Holzminden;Niedersachsen;032559501501;Gemeindefreies Gebiet
Wenzen;Gemeindefreies Gebiet Wenzen;Landkreis Holzminden;Niedersachsen;032559508508;Gemeindefreies Gebiet
Gandesbergen;Gemeinde Gandesbergen;Landkreis Nienburg (Weser);Niedersachsen;032565409008;Gemeinde
Raddestorf;Gemeinde Raddestorf;Landkreis Nienburg (Weser);Niedersachsen;032565408024;Gemeinde
Pennigsehl;Gemeinde Pennigsehl;Landkreis Nienburg (Weser);Niedersachsen;032565411023;Gemeinde
Deimberg;Gemeinde Deimberg;Landkreis Kusel;Rheinland-Pfalz;073365008014;Gemeinde
Raubling;Gemeinde Raubling;Landkreis Rosenheim;Bayern;091870165165;Gemeinde
Altenmarkt a.d.Alz;Gemeinde Altenmarkt a.d.Alz;Landkreis Traunstein;Bayern;091890111111;Gemeinde
Kreuzwertheim;Gemeinde Kreuzwertheim;Landkreis Main-Spessart;Bayern;096775620151;Gemeinde
Kolitzheim;Gemeinde Kolitzheim;Landkreis Schweinfurt;Bayern;096780150150;Gemeinde
Waldbüttelbrunn;Gemeinde Waldbüttelbrunn;Landkreis Würzburg;Bayern;096790205205;Gemeinde
Emersacker;Gemeinde Emersacker;Landkreis Augsburg;Bayern;097725707137;Gemeinde
Schmiechen;Gemeinde Schmiechen;Landkreis Aichach-Friedberg;Bayern;097715705163;Gemeinde
Gablingen;Gemeinde Gablingen;Landkreis Augsburg;Bayern;097720145145;Gemeinde
Blindheim;Gemeinde Blindheim;Landkreis Dillingen a.d.Donau;Bayern;097735716119;Gemeinde
Clenze;Gemeinde Clenze;Landkreis Lüchow-Dannenberg;Niedersachsen;033545407002;Gemeinde
Holler;Gemeinde Holler;Landkreis Westerwaldkreis;Rheinland-Pfalz;071435004033;Gemeinde
Neetze;Gemeinde Neetze;Landkreis Lüneburg;Niedersachsen;033555406026;Gemeinde
Orsfeld;Gemeinde Orsfeld;Landkreis Eifelkreis Bitburg-Prüm;Rheinland-Pfalz;072325008101;Gemeinde
Buch;Gemeinde Buch;Landkreis Neu-Ulm;Bayern;097755741118;Gemeinde
Osterheide;Gemeindefreies Gebiet Osterheide;Landkreis Heidekreis;Niedersachsen;033589501501;Gemeindefreies Gebiet
Altenmedingen;Gemeinde Altenmedingen;Landkreis Uelzen;Niedersachsen;033605407001;Gemeinde
Uelzen;Stadt Uelzen;Landkreis Uelzen;Niedersachsen;033600025025;Stadt
Kirchheimbolanden;Stadt Kirchheimbolanden;Landkreis Donnersbergkreis;Rheinland-Pfalz;073335004039;Stadt
Aspach;Gemeinde Aspach;Landkreis Rems-Murr-Kreis;Baden-Württemberg;081195001087;Gemeinde
Backnang;Stadt Backnang;Landkreis Rems-Murr-Kreis;Baden-Württemberg;081195001008;Stadt
Bad Wimpfen;Stadt Bad Wimpfen;Landkreis Heilbronn;Baden-Württemberg;081250007007;Stadt
Oedheim;Gemeinde Oedheim;Landkreis Heilbronn;Baden-Württemberg;081255001078;Gemeinde
Fohren-Linden;Gemeinde Fohren-Linden;Landkreis Birkenfeld;Rheinland-Pfalz;071345001026;Gemeinde
Niederdorfelden;Gemeinde Niederdorfelden;Landkreis Main-Kinzig-Kreis;Hessen;064350022022;Gemeinde
Plötzkau;Gemeinde Plötzkau;Landkreis Salzlandkreis;Sachsen-Anhalt;150895052245;Gemeinde
Crostwitz;Gemeinde Crostwitz;Landkreis Bautzen;Sachsen;146255501080;Gemeinde
Kodersdorf;Gemeinde Kodersdorf;Landkreis Görlitz;Sachsen;146265503230;Gemeinde
Glaubitz;Gemeinde Glaubitz;Landkreis Meißen;Sachsen;146275225040;Gemeinde
Niederfrohna;Gemeinde Niederfrohna;Landkreis Zwickau;Sachsen;145245114220;Gemeinde
Erlenbach bei Dahn;Gemeinde Erlenbach bei Dahn;Landkreis Südwestpfalz;Rheinland-Pfalz;073405001010;Gemeinde
Liebschützberg;Gemeinde Liebschützberg;Landkreis Nordsachsen;Sachsen;147300170170;Gemeinde
Droyßig;Gemeinde Droyßig;Landkreis Burgenlandkreis;Sachsen-Anhalt;150845052115;Gemeinde
Hammerstein;Gemeinde Hammerstein;Landkreis Neuwied;Rheinland-Pfalz;071385002024;Gemeinde
Sulzbach-Laufen;Gemeinde Sulzbach-Laufen;Landkreis Schwäbisch Hall;Baden-Württemberg;081275006079;Gemeinde
Großrinderfeld;Gemeinde Großrinderfeld;Landkreis Main-Tauber-Kreis;Baden-Württemberg;081285004045;Gemeinde
Elchesheim-Illingen;Gemeinde Elchesheim-Illingen;Landkreis Rastatt;Baden-Württemberg;082165003012;Gemeinde
Hermaringen;Gemeinde Hermaringen;Landkreis Heidenheim;Baden-Württemberg;081355001021;Gemeinde
Hardheim;Gemeinde Hardheim;Landkreis Neckar-Odenwald-Kreis;Baden-Württemberg;082255001032;Gemeinde
Schömberg;Gemeinde Schömberg;Landkreis Calw;Baden-Württemberg;082350065065;Gemeinde
Bad Liebenzell;Stadt Bad Liebenzell;Landkreis Calw;Baden-Württemberg;082355004008;Stadt
Sexau;Gemeinde Sexau;Landkreis Emmendingen;Baden-Württemberg;083165003039;Gemeinde
Epfendorf;Gemeinde Epfendorf;Landkreis Rottweil;Baden-Württemberg;083255002015;Gemeinde
Wembach;Gemeinde Wembach;Landkreis Lörrach;Baden-Württemberg;083365006094;Gemeinde
Villingendorf;Gemeinde Villingendorf;Landkreis Rottweil;Baden-Württemberg;083255007060;Gemeinde
Schiltach;Stadt Schiltach;Landkreis Rottweil;Baden-Württemberg;083255004051;Stadt
Sasbach;Gemeinde Sasbach;Landkreis Ortenaukreis;Baden-Württemberg;083175001116;Gemeinde
Dornstetten;Stadt Dornstetten;Landkreis Freudenstadt;Baden-Württemberg;082375001019;Stadt
Oberried;Gemeinde Oberried;Landkreis Breisgau-Hochschwarzwald;Baden-Württemberg;083155003084;Gemeinde
Friesenheim;Gemeinde Friesenheim;Landkreis Ortenaukreis;Baden-Württemberg;083170031031;Gemeinde
Gröde;Gemeinde Gröde;Kreis Nordfriesland;Schleswig-Holstein;010545459039;Gemeinde
Kolbingen;Gemeinde Kolbingen;Landkreis Tuttlingen;Baden-Württemberg;083275001030;Gemeinde
Falkenfels;Gemeinde Falkenfels;Landkreis Straubing-Bogen;Bayern;092785248120;Gemeinde
Schwörstadt;Gemeinde Schwörstadt;Landkreis Lörrach;Baden-Württemberg;083365004082;Gemeinde
Maulburg;Gemeinde Maulburg;Landkreis Lörrach;Baden-Württemberg;083365007057;Gemeinde
Aitern;Gemeinde Aitern;Landkreis Lörrach;Baden-Württemberg;083365006004;Gemeinde
Todtnau;Stadt Todtnau;Landkreis Lörrach;Baden-Württemberg;083360087087;Stadt
Uckerfelde;Gemeinde Uckerfelde;Landkreis Uckermark;Brandenburg;120735306578;Gemeinde
Grünow;Gemeinde Grünow;Landkreis Mecklenburgische Seenplatte;Mecklenburg-Vorpommern;130715156058;Gemeinde
Kaiserpfalz;Gemeinde Kaiserpfalz;Landkreis Burgenlandkreis;Sachsen-Anhalt;150845051246;Gemeinde
Balgstädt;Gemeinde Balgstädt;Landkreis Burgenlandkreis;Sachsen-Anhalt;150845053025;Gemeinde
Breitingen;Gemeinde Breitingen;Landkreis Alb-Donau-Kreis;Baden-Württemberg;084255008024;Gemeinde
Staig;Gemeinde Staig;Landkreis Alb-Donau-Kreis;Baden-Württemberg;084255006138;Gemeinde
Ballendorf;Gemeinde Ballendorf;Landkreis Alb-Donau-Kreis;Baden-Württemberg;084255008013;Gemeinde
Riedhausen;Gemeinde Riedhausen;Landkreis Ravensburg;Baden-Württemberg;084365001067;Gemeinde
Boms;Gemeinde Boms;Landkreis Ravensburg;Baden-Württemberg;084365001019;Gemeinde
Ehingen a.Ries;Gemeinde Ehingen a.Ries;Landkreis Donau-Ries;Bayern;097795721138;Gemeinde
Lütjensee;Gemeinde Lütjensee;Kreis Stormarn;Schleswig-Holstein;010625270045;Gemeinde
Marktl;Gemeinde Marktl;Landkreis Altötting;Bayern;091715103123;Gemeinde
Aurich;Stadt Aurich;Landkreis Aurich;Niedersachsen;034520001001;Stadt
Osteel;Gemeinde Osteel;Landkreis Aurich;Niedersachsen;034525401021;Gemeinde
Berumbur;Gemeinde Berumbur;Landkreis Aurich;Niedersachsen;034525403003;Gemeinde
Stürzelbach;Gemeinde Stürzelbach;Landkreis Altenkirchen (Westerwald);Rheinland-Pfalz;071325010109;Gemeinde
Argenschwang;Gemeinde Argenschwang;Landkreis Bad Kreuznach;Rheinland-Pfalz;071335006004;Gemeinde
Eppishausen;Gemeinde Eppishausen;Landkreis Unterallgäu;Bayern;097785760134;Gemeinde
Wolfertschwenden;Gemeinde Wolfertschwenden;Landkreis Unterallgäu;Bayern;097785768218;Gemeinde
Rettenberg;Gemeinde Rettenberg;Landkreis Oberallgäu;Bayern;097800137137;Gemeinde
Oberschönegg;Gemeinde Oberschönegg;Landkreis Unterallgäu;Bayern;097785758184;Gemeinde
Baustert;Gemeinde Baustert;Landkreis Eifelkreis Bitburg-Prüm;Rheinland-Pfalz;072325008009;Gemeinde
Elisabeth-Sophien-Koog;Gemeinde Elisabeth-Sophien-Koog;Kreis Nordfriesland;Schleswig-Holstein;010545492026;Gemeinde
Weinsheim;Gemeinde Weinsheim;Landkreis Eifelkreis Bitburg-Prüm;Rheinland-Pfalz;072325006226;Gemeinde
Weidenbach;Gemeinde Weidenbach;Landkreis Rhein-Lahn-Kreis;Rheinland-Pfalz;071415007134;Gemeinde
Hommerdingen;Gemeinde Hommerdingen;Landkreis Eifelkreis Bitburg-Prüm;Rheinland-Pfalz;072325005054;Gemeinde
Hüttblek;Gemeinde Hüttblek;Kreis Segeberg;Schleswig-Holstein;010605048042;Gemeinde
Sehlde;Gemeinde Sehlde;Landkreis Wolfenbüttel;Niedersachsen;031585402028;Gemeinde
Arlewatt;Gemeinde Arlewatt;Kreis Nordfriesland;Schleswig-Holstein;010545492007;Gemeinde
Goldebek;Gemeinde Goldebek;Kreis Nordfriesland;Schleswig-Holstein;010545494037;Gemeinde
Böxlund;Gemeinde Böxlund;Kreis Schleswig-Flensburg;Schleswig-Holstein;010595952105;Gemeinde
Sörgenloch;Gemeinde Sörgenloch;Landkreis Mainz-Bingen;Rheinland-Pfalz;073395006054;Gemeinde
Derschen;Gemeinde Derschen;Landkreis Altenkirchen (Westerwald);Rheinland-Pfalz;071325003019;Gemeinde
Eschbach;Gemeinde Eschbach;Landkreis Breisgau-Hochschwarzwald;Baden-Württemberg;083155006033;Gemeinde
Herl;Gemeinde Herl;Landkreis Trier-Saarburg;Rheinland-Pfalz;072355004044;Gemeinde
Kenn;Gemeinde Kenn;Landkreis Trier-Saarburg;Rheinland-Pfalz;072355006060;Gemeinde
Büchel;Gemeinde Büchel;Landkreis Sömmerda;Thüringen;160685005005;Gemeinde
Griefstedt;Gemeinde Griefstedt;Landkreis Sömmerda;Thüringen;160685005015;Gemeinde
Ühlingen-Birkendorf;Gemeinde Ühlingen-Birkendorf;Landkreis Waldshut;Baden-Württemberg;083375004128;Gemeinde
Lütetsburg;Gemeinde Lütetsburg;Landkreis Aurich;Niedersachsen;034525403016;Gemeinde
Ahrensbök;Gemeinde Ahrensbök;Kreis Ostholstein;Schleswig-Holstein;010550001001;Gemeinde
Meppen;Stadt Meppen;Landkreis Emsland;Niedersachsen;034540035035;Stadt
Höxter;Stadt Höxter;Kreis Höxter;Nordrhein-Westfalen;057620020020;Stadt
Arnsberg;Stadt Arnsberg;Kreis Hochsauerlandkreis;Nordrhein-Westfalen;059580004004;Stadt
Aalen;Stadt Aalen;Landkreis Ostalbkreis;Baden-Württemberg;081365001088;Stadt
Isny im Allgäu;Stadt Isny im Allgäu;Landkreis Ravensburg;Baden-Württemberg;084360049049;Stadt
Reichertsheim;Gemeinde Reichertsheim;Landkreis Mühldorf a.Inn;Bayern;091835147140;Gemeinde
Heinrichsthal;Gemeinde Heinrichsthal;Landkreis Aschaffenburg;Bayern;096715602128;Gemeinde
Weidenberg;Gemeinde Weidenberg;Landkreis Bayreuth;Bayern;094725415199;Gemeinde
Kempten (Allgäu);Stadt Kempten (Allgäu);Kreisfreie Stadt Kempten (Allgäu);Bayern;097630000000;Stadt
Seeg;Gemeinde Seeg;Landkreis Ostallgäu;Bayern;097775756170;Gemeinde
Bernau bei Berlin;Stadt Bernau bei Berlin;Landkreis Barnim;Brandenburg;120600020020;Stadt
Schönewalde;Stadt Schönewalde;Landkreis Elbe-Elster;Brandenburg;120620461461;Stadt
Bad Schandau;Stadt Bad Schandau;Landkreis Sächsische Schweiz-Osterzgebirge;Sachsen;146285204030;Stadt
Wölfersheim;Gemeinde Wölfersheim;Landkreis Wetteraukreis;Hessen;064400024024;Gemeinde
Wegscheid;Gemeinde Wegscheid;Landkreis Passau;Bayern;092750156156;Gemeinde
Winzerwald;Gemeindefreies Gebiet Winzerwald;Landkreis Günzburg;Bayern;097749452452;Gemeindefreies Gebiet
Neubrandenburg;Stadt Neubrandenburg;Landkreis Mecklenburgische Seenplatte;Mecklenburg-Vorpommern;130710107107;Stadt
Siedenbollentin;Gemeinde Siedenbollentin;Landkreis Mecklenburgische Seenplatte;Mecklenburg-Vorpommern;130715163135;Gemeinde
Dresden;Stadt Dresden;Kreisfreie Stadt Dresden;Sachsen;146120000000;Stadt
Bad Sulza;Stadt Bad Sulza;Landkreis Weimarer Land;Thüringen;160715051004;Stadt
Harzgerode;Stadt Harzgerode;Landkreis Harz;Sachsen-Anhalt;150850145145;Stadt
Tiefenbach;Gemeinde Tiefenbach;Landkreis Biberach;Baden-Württemberg;084265001118;Gemeinde
Malbergweich;Gemeinde Malbergweich;Landkreis Eifelkreis Bitburg-Prüm;Rheinland-Pfalz;072325008076;Gemeinde
Esche;Gemeinde Esche;Landkreis Grafschaft Bentheim;Niedersachsen;034565402004;Gemeinde
Schweringen;Gemeinde Schweringen;Landkreis Nienburg (Weser);Niedersachsen;032565409028;Gemeinde
Heuerßen;Gemeinde Heuerßen;Landkreis Schaumburg;Niedersachsen;032575402015;Gemeinde
Buchholz (Forstgutsbez.);Gemeindefreies Gebiet Buchholz (Forstgutsbez.);Kreis Segeberg;Schleswig-Holstein;010609014014;Gemeindefreies Gebiet
Grevenkop;Gemeinde Grevenkop;Kreis Steinburg;Schleswig-Holstein;010615153030;Gemeinde
Reher;Gemeinde Reher;Kreis Steinburg;Schleswig-Holstein;010615168091;Gemeinde
Dickesbach;Gemeinde Dickesbach;Landkreis Birkenfeld;Rheinland-Pfalz;071345005019;Gemeinde
Hettenrodt;Gemeinde Hettenrodt;Landkreis Birkenfeld;Rheinland-Pfalz;071345005040;Gemeinde
Schleifreisen;Gemeinde Schleifreisen;Landkreis Saale-Holzland-Kreis;Thüringen;160745014084;Gemeinde
Hermsdorf;Stadt Hermsdorf;Landkreis Saale-Holzland-Kreis;Thüringen;160745014041;Stadt
Schöngleina;Gemeinde Schöngleina;Landkreis Saale-Holzland-Kreis;Thüringen;160745053086;Gemeinde
Göschitz;Gemeinde Göschitz;Landkreis Saale-Orla-Kreis;Thüringen;160755004034;Gemeinde
Rosenheim (Landkreis Altenkirchen);Gemeinde Rosenheim (Landkreis Altenkirchen);Landkreis Altenkirchen (Westerwald);Rheinland-Pfalz;071325009095;Gemeinde
Fluterschen;Gemeinde Fluterschen;Landkreis Altenkirchen (Westerwald);Rheinland-Pfalz;071325010033;Gemeinde
Eichelhardt;Gemeinde Eichelhardt;Landkreis Altenkirchen (Westerwald);Rheinland-Pfalz;071325010022;Gemeinde
Rückweiler;Gemeinde Rückweiler;Landkreis Birkenfeld;Rheinland-Pfalz;071345001074;Gemeinde
Sankt Sebastian;Gemeinde Sankt Sebastian;Landkreis Mayen-Koblenz;Rheinland-Pfalz;071375008222;Gemeinde
Welschenbach;Gemeinde Welschenbach;Landkreis Mayen-Koblenz;Rheinland-Pfalz;071375003113;Gemeinde
Neckartenzlingen;Gemeinde Neckartenzlingen;Landkreis Esslingen;Baden-Württemberg;081165003042;Gemeinde
Gammelshausen;Gemeinde Gammelshausen;Landkreis Göppingen;Baden-Württemberg;081175009023;Gemeinde
Kornwestheim;Stadt Kornwestheim;Landkreis Ludwigsburg;Baden-Württemberg;081180046046;Stadt
Ottenbach;Gemeinde Ottenbach;Landkreis Göppingen;Baden-Württemberg;081175003037;Gemeinde
Großniedesheim;Gemeinde Großniedesheim;Landkreis Rhein-Pfalz-Kreis;Rheinland-Pfalz;073385006009;Gemeinde
Liesenich;Gemeinde Liesenich;Landkreis Cochem-Zell;Rheinland-Pfalz;071355005054;Gemeinde
Linkenbach;Gemeinde Linkenbach;Landkreis Neuwied;Rheinland-Pfalz;071385005040;Gemeinde
Haßloch;Gemeinde Haßloch;Landkreis Bad Dürkheim;Rheinland-Pfalz;073320025025;Gemeinde
Ruppertsberg;Gemeinde Ruppertsberg;Landkreis Bad Dürkheim;Rheinland-Pfalz;073325001043;Gemeinde
Neu Darchau;Gemeinde Neu Darchau;Landkreis Lüchow-Dannenberg;Niedersachsen;033545406019;Gemeinde
Nettelsee;Gemeinde Nettelsee;Kreis Plön;Schleswig-Holstein;010575747054;Gemeinde
Hentern;Gemeinde Hentern;Landkreis Trier-Saarburg;Rheinland-Pfalz;072355008043;Gemeinde
Graben-Neudorf;Gemeinde Graben-Neudorf;Landkreis Karlsruhe;Baden-Württemberg;082155004099;Gemeinde
Lonsheim;Gemeinde Lonsheim;Landkreis Alzey-Worms;Rheinland-Pfalz;073315001043;Gemeinde
Wachenheim;Gemeinde Wachenheim;Landkreis Alzey-Worms;Rheinland-Pfalz;073315003066;Gemeinde
Wurmberg;Gemeinde Wurmberg;Landkreis Enzkreis;Baden-Württemberg;082365001068;Gemeinde
Schönau;Stadt Schönau;Landkreis Rhein-Neckar-Kreis;Baden-Württemberg;082265007080;Stadt
Reppenstedt;Gemeinde Reppenstedt;Landkreis Lüneburg;Niedersachsen;033555404031;Gemeinde
Rülzheim;Gemeinde Rülzheim;Landkreis Germersheim;Rheinland-Pfalz;073345006025;Gemeinde
Rödelhausen;Gemeinde Rödelhausen;Landkreis Rhein-Hunsrück-Kreis;Rheinland-Pfalz;071405004128;Gemeinde
Rohrbach;Gemeinde Rohrbach;Landkreis Rhein-Hunsrück-Kreis;Rheinland-Pfalz;071405004130;Gemeinde
Redefin;Gemeinde Redefin;Landkreis Ludwigslust-Parchim;Mecklenburg-Vorpommern;130765658119;Gemeinde
Völkersweiler;Gemeinde Völkersweiler;Landkreis Südliche Weinstraße;Rheinland-Pfalz;073375001078;Gemeinde
Waldhambach;Gemeinde Waldhambach;Landkreis Südliche Weinstraße;Rheinland-Pfalz;073375001080;Gemeinde
Glanbrücken;Gemeinde Glanbrücken;Landkreis Kusel;Rheinland-Pfalz;073365008030;Gemeinde
Stelzenberg;Gemeinde Stelzenberg;Landkreis Kaiserslautern;Rheinland-Pfalz;073355011045;Gemeinde
Mittelfischbach;Gemeinde Mittelfischbach;Landkreis Rhein-Lahn-Kreis;Rheinland-Pfalz;071415011088;Gemeinde
Niederhorbach;Gemeinde Niederhorbach;Landkreis Südliche Weinstraße;Rheinland-Pfalz;073375002055;Gemeinde
Hof;Gemeinde Hof;Landkreis Westerwaldkreis;Rheinland-Pfalz;071435001243;Gemeinde
Steinheim an der Murr;Stadt Steinheim an der Murr;Landkreis Ludwigsburg;Baden-Württemberg;081185007070;Stadt
Eschwege;Stadt Eschwege;Landkreis Werra-Meißner-Kreis;Hessen;066360003003;Stadt
Hönningen;Gemeinde Hönningen;Landkreis Ahrweiler;Rheinland-Pfalz;071315002029;Gemeinde
Moritzheim;Gemeinde Moritzheim;Landkreis Cochem-Zell;Rheinland-Pfalz;071355005064;Gemeinde
Burgbernheim;Stadt Burgbernheim;Landkreis Neustadt a.d.Aisch-Bad Windsheim;Bayern;095755524115;Stadt
Trockenborn-Wolfersdorf;Gemeinde Trockenborn-Wolfersdorf;Landkreis Saale-Holzland-Kreis;Thüringen;160745007102;Gemeinde
Groß Schwiesow;Gemeinde Groß Schwiesow;Landkreis Rostock;Mecklenburg-Vorpommern;130725255039;Gemeinde
Dobbin-Linstow;Gemeinde Dobbin-Linstow;Landkreis Rostock;Mecklenburg-Vorpommern;130725256026;Gemeinde
Krumstedt;Gemeinde Krumstedt;Kreis Dithmarschen;Schleswig-Holstein;010515175063;Gemeinde
Fridolfing;Gemeinde Fridolfing;Landkreis Traunstein;Bayern;091890118118;Gemeinde
Inzell;Gemeinde Inzell;Landkreis Traunstein;Bayern;091890124124;Gemeinde
Lancken-Granitz;Gemeinde Lancken-Granitz;Landkreis Vorpommern-Rügen;Mecklenburg-Vorpommern;130735357048;Gemeinde
Altenstadt;Gemeinde Altenstadt;Landkreis Weilheim-Schongau;Bayern;091905174111;Gemeinde
Hohenfurch;Gemeinde Hohenfurch;Landkreis Weilheim-Schongau;Bayern;091905174129;Gemeinde
Testorf-Steinfort;Gemeinde Testorf-Steinfort;Landkreis Nordwestmecklenburg;Mecklenburg-Vorpommern;130745453077;Gemeinde
Niederalteich;Gemeinde Niederalteich;Landkreis Deggendorf;Bayern;092710138138;Gemeinde
Schaufling;Gemeinde Schaufling;Landkreis Deggendorf;Bayern;092715202148;Gemeinde
Lüdersdorf;Gemeinde Lüdersdorf;Landkreis Nordwestmecklenburg;Mecklenburg-Vorpommern;130745459049;Gemeinde
Spiegelau;Gemeinde Spiegelau;Landkreis Freyung-Grafenau;Bayern;092720149149;Gemeinde
Liepgarten;Gemeinde Liepgarten;Landkreis Vorpommern-Greifswald;Mecklenburg-Vorpommern;130755552078;Gemeinde
Neuenkirchen;Gemeinde Neuenkirchen;Landkreis Vorpommern-Greifswald;Mecklenburg-Vorpommern;130755553101;Gemeinde
Aldersbach;Gemeinde Aldersbach;Landkreis Passau;Bayern;092750114114;Gemeinde
Kröning;Gemeinde Kröning;Landkreis Landshut;Bayern;092745223145;Gemeinde
Hanshagen;Gemeinde Hanshagen;Landkreis Vorpommern-Greifswald;Mecklenburg-Vorpommern;130755557046;Gemeinde
Wusterhusen;Gemeinde Wusterhusen;Landkreis Vorpommern-Greifswald;Mecklenburg-Vorpommern;130755557146;Gemeinde
Göttin;Gemeinde Göttin;Kreis Herzogtum Lauenburg;Schleswig-Holstein;010535318035;Gemeinde
Bergewöhrden;Gemeinde Bergewöhrden;Kreis Dithmarschen;Schleswig-Holstein;010515169008;Gemeinde
Falkenberg;Gemeinde Falkenberg;Landkreis Rottal-Inn;Bayern;092775239119;Gemeinde
Mömlingen;Gemeinde Mömlingen;Landkreis Miltenberg;Bayern;096760140140;Gemeinde
Werningshausen;Gemeinde Werningshausen;Landkreis Sömmerda;Thüringen;160685009059;Gemeinde
Hohenburg;Gemeinde Hohenburg;Landkreis Amberg-Sulzbach;Bayern;093710129129;Gemeinde
Altenbuch;Gemeinde Altenbuch;Landkreis Miltenberg;Bayern;096765632111;Gemeinde
Aiterhofen;Gemeinde Aiterhofen;Landkreis Straubing-Bogen;Bayern;092785256113;Gemeinde
Einhaus;Gemeinde Einhaus;Kreis Herzogtum Lauenburg;Schleswig-Holstein;010535358026;Gemeinde
Irlbach;Gemeinde Irlbach;Landkreis Straubing-Bogen;Bayern;092785257140;Gemeinde
Straßkirchen;Gemeinde Straßkirchen;Landkreis Straubing-Bogen;Bayern;092785257192;Gemeinde
Gleißenberg;Gemeinde Gleißenberg;Landkreis Cham;Bayern;093725312128;Gemeinde
Langwedel;Gemeinde Langwedel;Kreis Rendsburg-Eckernförde;Schleswig-Holstein;010585864094;Gemeinde
Nimshuscheid;Gemeinde Nimshuscheid;Landkreis Eifelkreis Bitburg-Prüm;Rheinland-Pfalz;072325006279;Gemeinde
Negenharrie;Gemeinde Negenharrie;Kreis Rendsburg-Eckernförde;Schleswig-Holstein;010585889109;Gemeinde
Laaber;Gemeinde Laaber;Landkreis Regensburg;Bayern;093755333162;Gemeinde
Gleiritsch;Gemeinde Gleiritsch;Landkreis Schwandorf;Bayern;093765339131;Gemeinde
Clingen;Stadt Clingen;Landkreis Kyffhäuserkreis;Thüringen;160655002012;Stadt
Barnin;Gemeinde Barnin;Landkreis Ludwigslust-Parchim;Mecklenburg-Vorpommern;130765668007;Gemeinde
Demen;Gemeinde Demen;Landkreis Ludwigslust-Parchim;Mecklenburg-Vorpommern;130765668029;Gemeinde
Zschorlau;Gemeinde Zschorlau;Landkreis Erzgebirgskreis;Sachsen;145215139700;Gemeinde
Bokel;Gemeinde Bokel;Kreis Pinneberg;Schleswig-Holstein;010565636006;Gemeinde
Lederhose;Gemeinde Lederhose;Landkreis Greiz;Thüringen;160765006042;Gemeinde
Bichl;Gemeinde Bichl;Landkreis Bad Tölz-Wolfratshausen;Bayern;091735107115;Gemeinde
Jever;Stadt Jever;Landkreis Friesland;Niedersachsen;034550007007;Stadt
Brauweiler;Gemeinde Brauweiler;Landkreis Bad Kreuznach;Rheinland-Pfalz;071335009016;Gemeinde
Ochtersum;Gemeinde Ochtersum;Landkreis Wittmund;Niedersachsen;034625402012;Gemeinde
Bad Laer;Gemeinde Bad Laer;Landkreis Osnabrück;Niedersachsen;034590005005;Gemeinde
Bad Iburg;Stadt Bad Iburg;Landkreis Osnabrück;Niedersachsen;034590004004;Stadt
Butjadingen;Gemeinde Butjadingen;Landkreis Wesermarsch;Niedersachsen;034610003003;Gemeinde
Meinborn;Gemeinde Meinborn;Landkreis Neuwied;Rheinland-Pfalz;071385009042;Gemeinde
Spall;Gemeinde Spall;Landkreis Bad Kreuznach;Rheinland-Pfalz;071335006100;Gemeinde
Geldern;Stadt Geldern;Kreis Kleve;Nordrhein-Westfalen;051540012012;Stadt
Hüblingen;Gemeinde Hüblingen;Landkreis Westerwaldkreis;Rheinland-Pfalz;071435006245;Gemeinde
Rheinberg;Stadt Rheinberg;Kreis Wesel;Nordrhein-Westfalen;051700032032;Stadt
Werda;Gemeinde Werda;Landkreis Vogtlandkreis;Sachsen;145235402460;Gemeinde
Lohmar;Stadt Lohmar;Kreis Rhein-Sieg-Kreis;Nordrhein-Westfalen;053820028028;Stadt
Sessenhausen;Gemeinde Sessenhausen;Landkreis Westerwaldkreis;Rheinland-Pfalz;071435007069;Gemeinde
Südermarsch;Gemeinde Südermarsch;Kreis Nordfriesland;Schleswig-Holstein;010545492132;Gemeinde
Sankt Augustin;Stadt Sankt Augustin;Kreis Rhein-Sieg-Kreis;Nordrhein-Westfalen;053820056056;Stadt
Stepenitztal;Gemeinde Stepenitztal;Landkreis Nordwestmecklenburg;Mecklenburg-Vorpommern;130745453093;Gemeinde
Reken;Gemeinde Reken;Kreis Borken;Nordrhein-Westfalen;055540044044;Gemeinde
Euskirchen;Stadt Euskirchen;Kreis Euskirchen;Nordrhein-Westfalen;053660016016;Stadt
Olfen;Stadt Olfen;Kreis Coesfeld;Nordrhein-Westfalen;055580036036;Stadt
Radevormwald;Stadt Radevormwald;Kreis Oberbergischer Kreis;Nordrhein-Westfalen;053740036036;Stadt
Bergisch Gladbach;Stadt Bergisch Gladbach;Kreis Rheinisch-Bergischer Kreis;Nordrhein-Westfalen;053780004004;Stadt
Maroth;Gemeinde Maroth;Landkreis Westerwaldkreis;Rheinland-Pfalz;071435007045;Gemeinde
Overath;Stadt Overath;Kreis Rheinisch-Bergischer Kreis;Nordrhein-Westfalen;053780024024;Stadt
Tecklenburg;Stadt Tecklenburg;Kreis Steinfurt;Nordrhein-Westfalen;055660088088;Stadt
Saerbeck;Gemeinde Saerbeck;Kreis Steinfurt;Nordrhein-Westfalen;055660080080;Gemeinde
Steinborn;Gemeinde Steinborn;Landkreis Eifelkreis Bitburg-Prüm;Rheinland-Pfalz;072325008313;Gemeinde
Schwirzheim;Gemeinde Schwirzheim;Landkreis Eifelkreis Bitburg-Prüm;Rheinland-Pfalz;072325006305;Gemeinde
Immerath;Gemeinde Immerath;Landkreis Vulkaneifel;Rheinland-Pfalz;072335001034;Gemeinde
Delbrück;Stadt Delbrück;Kreis Paderborn;Nordrhein-Westfalen;057740020020;Stadt
Dörentrup;Gemeinde Dörentrup;Kreis Lippe;Nordrhein-Westfalen;057660024024;Gemeinde
Alt Meteln;Gemeinde Alt Meteln;Landkreis Nordwestmecklenburg;Mecklenburg-Vorpommern;130745455001;Gemeinde
Plech;Gemeinde Plech;Landkreis Bayreuth;Bayern;094725417177;Gemeinde
Teuschnitz;Stadt Teuschnitz;Landkreis Kronach;Bayern;094765433180;Stadt
Blankenheim;Gemeinde Blankenheim;Landkreis Mansfeld-Südharz;Sachsen-Anhalt;150875052070;Gemeinde
Querfurt;Stadt Querfurt;Landkreis Saalekreis;Sachsen-Anhalt;150880305305;Stadt
Hettstedt;Stadt Hettstedt;Landkreis Mansfeld-Südharz;Sachsen-Anhalt;150870220220;Stadt
Gößweinstein;Gemeinde Gößweinstein;Landkreis Forchheim;Bayern;094740129129;Gemeinde
Rödelmaier;Gemeinde Rödelmaier;Landkreis Rhön-Grabfeld;Bayern;096735635156;Gemeinde
Stammbach;Gemeinde Stammbach;Landkreis Hof;Bayern;094750175175;Gemeinde
Töpen;Gemeinde Töpen;Landkreis Hof;Bayern;094755430181;Gemeinde
Gera;Stadt Gera;Kreisfreie Stadt Gera;Thüringen;160520000000;Stadt
Börrstadt;Gemeinde Börrstadt;Landkreis Donnersbergkreis;Rheinland-Pfalz;073335006009;Gemeinde
Ruppertsecken;Gemeinde Ruppertsecken;Landkreis Donnersbergkreis;Rheinland-Pfalz;073335007065;Gemeinde
Groß-Zimmern;Gemeinde Groß-Zimmern;Landkreis Darmstadt-Dieburg;Hessen;064320011011;Gemeinde
Messel;Gemeinde Messel;Landkreis Darmstadt-Dieburg;Hessen;064320012012;Gemeinde
Sassen;Gemeinde Sassen;Landkreis Vulkaneifel;Rheinland-Pfalz;072335004236;Gemeinde
Bad Homburg v.d.Höhe;Stadt Bad Homburg v.d.Höhe;Landkreis Hochtaunuskreis;Hessen;064340001001;Stadt
Würzweiler;Gemeinde Würzweiler;Landkreis Donnersbergkreis;Rheinland-Pfalz;073335007084;Gemeinde
Sippersfeld;Gemeinde Sippersfeld;Landkreis Donnersbergkreis;Rheinland-Pfalz;073335006071;Gemeinde
Finnentrop;Gemeinde Finnentrop;Kreis Olpe;Nordrhein-Westfalen;059660012012;Gemeinde
Birstein;Gemeinde Birstein;Landkreis Main-Kinzig-Kreis;Hessen;064350004004;Gemeinde
Gehrweiler;Gemeinde Gehrweiler;Landkreis Donnersbergkreis;Rheinland-Pfalz;073335007024;Gemeinde
Drees;Gemeinde Drees;Landkreis Vulkaneifel;Rheinland-Pfalz;072335004210;Gemeinde
Oberheimbach;Gemeinde Oberheimbach;Landkreis Mainz-Bingen;Rheinland-Pfalz;073395001045;Gemeinde
Nidda;Stadt Nidda;Landkreis Wetteraukreis;Hessen;064400016016;Stadt
Heuchelheim a.d.Lahn;Gemeinde Heuchelheim a.d.Lahn;Landkreis Gießen;Hessen;065310007007;Gemeinde
Bingen am Rhein;Stadt Bingen am Rhein;Landkreis Mainz-Bingen;Rheinland-Pfalz;073390005005;Stadt
Hungen;Stadt Hungen;Landkreis Gießen;Hessen;065310008008;Stadt
Appenheim;Gemeinde Appenheim;Landkreis Mainz-Bingen;Rheinland-Pfalz;073395003001;Gemeinde
Aßlar;Stadt Aßlar;Landkreis Lahn-Dill-Kreis;Hessen;065320001001;Stadt
Staufenberg;Stadt Staufenberg;Landkreis Gießen;Hessen;065310017017;Stadt
Badenheim;Gemeinde Badenheim;Landkreis Mainz-Bingen;Rheinland-Pfalz;073395008004;Gemeinde
Hosenfeld;Gemeinde Hosenfeld;Landkreis Fulda;Hessen;066310014014;Gemeinde
Wolfsheim;Gemeinde Wolfsheim;Landkreis Mainz-Bingen;Rheinland-Pfalz;073395008202;Gemeinde
Heuweiler;Gemeinde Heuweiler;Landkreis Breisgau-Hochschwarzwald;Baden-Württemberg;083155005051;Gemeinde
Kirchheim;Gemeinde Kirchheim;Landkreis Hersfeld-Rotenburg;Hessen;066320011011;Gemeinde
Gerstenberg;Gemeinde Gerstenberg;Landkreis Altenburger Land;Thüringen;160775004007;Gemeinde
Arberg;Gemeinde Arberg;Landkreis Ansbach;Bayern;095710113113;Gemeinde
Schirnding;Gemeinde Schirnding;Landkreis Wunsiedel i.Fichtelgebirge;Bayern;094795443147;Gemeinde
Pförring;Gemeinde Pförring;Landkreis Eichstätt;Bayern;091765119153;Gemeinde
Schernfeld;Gemeinde Schernfeld;Landkreis Eichstätt;Bayern;091765115160;Gemeinde
Salz;Gemeinde Salz;Landkreis Rhön-Grabfeld;Bayern;096735635161;Gemeinde
Lödla;Gemeinde Lödla;Landkreis Altenburger Land;Thüringen;160775005027;Gemeinde
Weiltingen;Gemeinde Weiltingen;Landkreis Ansbach;Bayern;095715508218;Gemeinde
Neunhofer Forst;Gemeindefreies Gebiet Neunhofer Forst;Landkreis Erlangen-Höchstadt;Bayern;095729460460;Gemeindefreies Gebiet
Altdorf b.Nürnberg;Stadt Altdorf b.Nürnberg;Landkreis Nürnberger Land;Bayern;095740112112;Stadt
Eichenau;Gemeinde Eichenau;Landkreis Fürstenfeldbruck;Bayern;091790118118;Gemeinde
Roßleben-Wiehe;Stadt Roßleben-Wiehe;Landkreis Kyffhäuserkreis;Thüringen;160650087087;Stadt
Niederfinow;Gemeinde Niederfinow;Landkreis Barnim;Brandenburg;120605011172;Gemeinde
Schwarza;Gemeinde Schwarza;Landkreis Schmalkalden-Meiningen;Thüringen;160665014065;Gemeinde
Auma-Weidatal;Stadt Auma-Weidatal;Landkreis Greiz;Thüringen;160760092092;Stadt
Pferdingsleben;Gemeinde Pferdingsleben;Landkreis Gotha;Thüringen;160675007055;Gemeinde
Fambach;Gemeinde Fambach;Landkreis Schmalkalden-Meiningen;Thüringen;160665051022;Gemeinde
Henau;Gemeinde Henau;Landkreis Rhein-Hunsrück-Kreis;Rheinland-Pfalz;071405004050;Gemeinde
Weisel;Gemeinde Weisel;Landkreis Rhein-Lahn-Kreis;Rheinland-Pfalz;071415009136;Gemeinde
Stadtilm;Stadt Stadtilm;Landkreis Ilm-Kreis;Thüringen;160700048048;Stadt
Rudolstadt;Stadt Rudolstadt;Landkreis Saalfeld-Rudolstadt;Thüringen;160730076076;Stadt
Rauda;Gemeinde Rauda;Landkreis Saale-Holzland-Kreis;Thüringen;160745005072;Gemeinde
Kahla;Stadt Kahla;Landkreis Saale-Holzland-Kreis;Thüringen;160740044044;Stadt
Hohenwarte;Gemeinde Hohenwarte;Landkreis Saalfeld-Rudolstadt;Thüringen;160735051035;Gemeinde
Dobitschen;Gemeinde Dobitschen;Landkreis Altenburger Land;Thüringen;160775052003;Gemeinde
Eisenhüttenstadt;Stadt Eisenhüttenstadt;Landkreis Oder-Spree;Brandenburg;120670120120;Stadt
Bokholt-Hanredder;Gemeinde Bokholt-Hanredder;Kreis Pinneberg;Schleswig-Holstein;010565660008;Gemeinde
Bliesdorf;Gemeinde Bliesdorf;Landkreis Märkisch-Oderland;Brandenburg;120645414061;Gemeinde
Neumarkt-Sankt Veit;Stadt Neumarkt-Sankt Veit;Landkreis Mühldorf a.Inn;Bayern;091835149129;Stadt
Planegg;Gemeinde Planegg;Landkreis München;Bayern;091840138138;Gemeinde
Hettenshausen;Gemeinde Hettenshausen;Landkreis Pfaffenhofen a.d.Ilm;Bayern;091865157126;Gemeinde
Bruckmühl;Gemeinde Bruckmühl;Landkreis Rosenheim;Bayern;091870122122;Gemeinde
Gunzenhausen;Stadt Gunzenhausen;Landkreis Weißenburg-Gunzenhausen;Bayern;095770136136;Stadt
Bempflingen;Gemeinde Bempflingen;Landkreis Esslingen;Baden-Württemberg;081165003008;Gemeinde
Süßen;Stadt Süßen;Landkreis Göppingen;Baden-Württemberg;081175006049;Stadt
Bietigheim-Bissingen;Stadt Bietigheim-Bissingen;Landkreis Ludwigsburg;Baden-Württemberg;081185002079;Stadt
Annweiler am Trifels;Stadt Annweiler am Trifels;Landkreis Südliche Weinstraße;Rheinland-Pfalz;073375001501;Stadt
Eisenach;Gemeinde Eisenach;Landkreis Eifelkreis Bitburg-Prüm;Rheinland-Pfalz;072325005218;Gemeinde
Bollendorf;Gemeinde Bollendorf;Landkreis Eifelkreis Bitburg-Prüm;Rheinland-Pfalz;072325005019;Gemeinde
Langsur;Gemeinde Langsur;Landkreis Trier-Saarburg;Rheinland-Pfalz;072355007073;Gemeinde
Aach;Gemeinde Aach;Landkreis Trier-Saarburg;Rheinland-Pfalz;072355007001;Gemeinde
Palzem;Gemeinde Palzem;Landkreis Trier-Saarburg;Rheinland-Pfalz;072355008104;Gemeinde
Wilster;Stadt Wilster;Kreis Steinburg;Schleswig-Holstein;010610113113;Stadt
Hohenlockstedt;Gemeinde Hohenlockstedt;Kreis Steinburg;Schleswig-Holstein;010615189042;Gemeinde
Brecht;Gemeinde Brecht;Landkreis Eifelkreis Bitburg-Prüm;Rheinland-Pfalz;072325008020;Gemeinde
Marne;Stadt Marne;Kreis Dithmarschen;Schleswig-Holstein;010515166072;Stadt
Neumünster;Stadt Neumünster;Kreisfreie Stadt Neumünster;Schleswig-Holstein;010040000000;Stadt
Bosau;Gemeinde Bosau;Kreis Ostholstein;Schleswig-Holstein;010550007007;Gemeinde
Tönning;Stadt Tönning;Kreis Nordfriesland;Schleswig-Holstein;010540138138;Stadt
Großenbrode;Gemeinde Großenbrode;Kreis Ostholstein;Schleswig-Holstein;010555543017;Gemeinde
Rhens;Stadt Rhens;Landkreis Mayen-Koblenz;Rheinland-Pfalz;071375009221;Stadt
Tappenbeck;Gemeinde Tappenbeck;Landkreis Gifhorn;Niedersachsen;031515401030;Gemeinde
Göhl;Gemeinde Göhl;Kreis Ostholstein;Schleswig-Holstein;010555543014;Gemeinde
Lensahn;Gemeinde Lensahn;Kreis Ostholstein;Schleswig-Holstein;010555546027;Gemeinde
Holm;Gemeinde Holm;Kreis Pinneberg;Schleswig-Holstein;010565690028;Gemeinde
Lebrade;Gemeinde Lebrade;Kreis Plön;Schleswig-Holstein;010575739045;Gemeinde
Zellertal;Gemeinde Zellertal;Landkreis Donnersbergkreis;Rheinland-Pfalz;073335003501;Gemeinde
Kronshagen;Gemeinde Kronshagen;Kreis Rendsburg-Eckernförde;Schleswig-Holstein;010580092092;Gemeinde
Hachenburg;Stadt Hachenburg;Landkreis Westerwaldkreis;Rheinland-Pfalz;071435002229;Stadt
Jardelund;Gemeinde Jardelund;Kreis Schleswig-Flensburg;Schleswig-Holstein;010595952129;Gemeinde
Tielen;Gemeinde Tielen;Kreis Schleswig-Flensburg;Schleswig-Holstein;010595996088;Gemeinde
Hüsby;Gemeinde Hüsby;Kreis Schleswig-Flensburg;Schleswig-Holstein;010595993041;Gemeinde
Ellerau;Gemeinde Ellerau;Kreis Segeberg;Schleswig-Holstein;010600019019;Gemeinde
Oersdorf;Gemeinde Oersdorf;Kreis Segeberg;Schleswig-Holstein;010605048066;Gemeinde
Winsen;Gemeinde Winsen;Kreis Segeberg;Schleswig-Holstein;010605048100;Gemeinde
Sprakebüll;Gemeinde Sprakebüll;Kreis Nordfriesland;Schleswig-Holstein;010545489124;Gemeinde
Risum-Lindholm;Gemeinde Risum-Lindholm;Kreis Nordfriesland;Schleswig-Holstein;010545489109;Gemeinde
Emmelsbüll-Horsbüll;Gemeinde Emmelsbüll-Horsbüll;Kreis Nordfriesland;Schleswig-Holstein;010545489166;Gemeinde
Mariental;Gemeinde Mariental;Landkreis Helmstedt;Niedersachsen;031545401015;Gemeinde
Krebeck;Gemeinde Krebeck;Landkreis Göttingen;Niedersachsen;031595402022;Gemeinde
Gehrden;Stadt Gehrden;Landkreis Region Hannover;Niedersachsen;032410006006;Stadt
Hohenroth;Gemeinde Hohenroth;Landkreis Rhön-Grabfeld;Bayern;096735635135;Gemeinde
Gädheim;Gemeinde Gädheim;Landkreis Haßberge;Bayern;096745613139;Gemeinde
Theilenhofen;Gemeinde Theilenhofen;Landkreis Weißenburg-Gunzenhausen;Bayern;095775532172;Gemeinde
Euerdorf;Gemeinde Euerdorf;Landkreis Bad Kissingen;Bayern;096725608122;Gemeinde
Forst Detter-Süd;Gemeindefreies Gebiet Forst Detter-Süd;Landkreis Bad Kissingen;Bayern;096729454454;Gemeindefreies Gebiet
Maßbach;Gemeinde Maßbach;Landkreis Bad Kissingen;Bayern;096725609131;Gemeinde
Wehrbleck;Gemeinde Wehrbleck;Landkreis Diepholz;Niedersachsen;032515404045;Gemeinde
Nattenheim;Gemeinde Nattenheim;Landkreis Eifelkreis Bitburg-Prüm;Rheinland-Pfalz;072325008086;Gemeinde
Eschershausen;Stadt Eschershausen;Landkreis Holzminden;Niedersachsen;032555409013;Stadt
Prutting;Gemeinde Prutting;Landkreis Rosenheim;Bayern;091870163163;Gemeinde
Faßberg;Gemeinde Faßberg;Landkreis Celle;Niedersachsen;033510010010;Gemeinde
Mannweiler-Cölln;Gemeinde Mannweiler-Cölln;Landkreis Donnersbergkreis;Rheinland-Pfalz;073335007043;Gemeinde
Reichenberg;Gemeinde Reichenberg;Landkreis Würzburg;Bayern;096790176176;Gemeinde
Tauer;Gemeinde Tauer;Landkreis Spree-Neiße;Brandenburg;120715107384;Gemeinde
Adelzhausen;Gemeinde Adelzhausen;Landkreis Aichach-Friedberg;Bayern;097715704111;Gemeinde
Wenzendorf;Gemeinde Wenzendorf;Landkreis Harburg;Niedersachsen;033535403039;Gemeinde
Höchstädt a.d.Donau;Stadt Höchstädt a.d.Donau;Landkreis Dillingen a.d.Donau;Bayern;097735716139;Stadt
Gartow;Gemeinde Gartow;Landkreis Lüchow-Dannenberg;Niedersachsen;033545403005;Gemeinde
Barendorf;Gemeinde Barendorf;Landkreis Lüneburg;Niedersachsen;033555406005;Gemeinde
Seligenstadt;Stadt Seligenstadt;Landkreis Offenbach;Hessen;064380013013;Stadt
Ellzee;Gemeinde Ellzee;Landkreis Günzburg;Bayern;097745730133;Gemeinde
Harsefeld;Gemeinde Harsefeld;Landkreis Stade;Niedersachsen;033595403023;Gemeinde
Bad Bodenteich;Gemeinde Bad Bodenteich;Landkreis Uelzen;Niedersachsen;033605408005;Gemeinde
Waiblingen;Stadt Waiblingen;Landkreis Rems-Murr-Kreis;Baden-Württemberg;081190079079;Stadt
Großerlach;Gemeinde Großerlach;Landkreis Rems-Murr-Kreis;Baden-Württemberg;081195004024;Gemeinde
Schöntal;Gemeinde Schöntal;Landkreis Hohenlohekreis;Baden-Württemberg;081260072072;Gemeinde
Massenbachhausen;Gemeinde Massenbachhausen;Landkreis Heilbronn;Baden-Württemberg;081255013061;Gemeinde
Bispingen;Gemeinde Bispingen;Landkreis Heidekreis;Niedersachsen;033580002002;Gemeinde
Frankenfeld;Gemeinde Frankenfeld;Landkreis Heidekreis;Niedersachsen;033585402009;Gemeinde
Haselbachtal;Gemeinde Haselbachtal;Landkreis Bautzen;Sachsen;146250220220;Gemeinde
Sohland a.d.Spree;Gemeinde Sohland a.d.Spree;Landkreis Bautzen;Sachsen;146250560560;Gemeinde
Pulsnitz;Stadt Pulsnitz;Landkreis Bautzen;Sachsen;146255231450;Stadt
Gablenz;Gemeinde Gablenz;Landkreis Görlitz;Sachsen;146265203100;Gemeinde
Reichenbach/O.L.;Stadt Reichenbach/O.L.;Landkreis Görlitz;Sachsen;146265232450;Stadt
Mücka;Gemeinde Mücka;Landkreis Görlitz;Sachsen;146265502320;Gemeinde
Böbingen an der Rems;Gemeinde Böbingen an der Rems;Landkreis Ostalbkreis;Baden-Württemberg;081365006009;Gemeinde
Bennewitz;Gemeinde Bennewitz;Landkreis Leipzig;Sachsen;147290030030;Gemeinde
Radeburg;Stadt Radeburg;Landkreis Meißen;Sachsen;146270220220;Stadt
Freital;Stadt Freital;Landkreis Sächsische Schweiz-Osterzgebirge;Sachsen;146280110110;Stadt
Langenwolschendorf;Gemeinde Langenwolschendorf;Landkreis Greiz;Thüringen;160765054041;Gemeinde
Kirchberg;Stadt Kirchberg;Landkreis Zwickau;Sachsen;145245111130;Stadt
Doberschütz;Gemeinde Doberschütz;Landkreis Nordsachsen;Sachsen;147300080080;Gemeinde
Willingshausen;Gemeinde Willingshausen;Landkreis Schwalm-Eder-Kreis;Hessen;066340026026;Gemeinde
Schkeuditz;Stadt Schkeuditz;Landkreis Nordsachsen;Sachsen;147300270270;Stadt
Friedenweiler;Gemeinde Friedenweiler;Landkreis Breisgau-Hochschwarzwald;Baden-Württemberg;083155010039;Gemeinde
Kitzscher;Stadt Kitzscher;Landkreis Leipzig;Sachsen;147290220220;Stadt
Gerabronn;Stadt Gerabronn;Landkreis Schwäbisch Hall;Baden-Württemberg;081275004032;Stadt
Glottertal;Gemeinde Glottertal;Landkreis Breisgau-Hochschwarzwald;Baden-Württemberg;083155013041;Gemeinde
Ahorn;Gemeinde Ahorn;Landkreis Main-Tauber-Kreis;Baden-Württemberg;081285002138;Gemeinde
Forbach;Gemeinde Forbach;Landkreis Rastatt;Baden-Württemberg;082160013013;Gemeinde
Heidenheim an der Brenz;Stadt Heidenheim an der Brenz;Landkreis Heidenheim;Baden-Württemberg;081355002019;Stadt
Rottenacker;Gemeinde Rottenacker;Landkreis Alb-Donau-Kreis;Baden-Württemberg;084255010104;Gemeinde
Ascha;Gemeinde Ascha;Landkreis Straubing-Bogen;Bayern;092785248116;Gemeinde
Neidenstein;Gemeinde Neidenstein;Landkreis Rhein-Neckar-Kreis;Baden-Württemberg;082265009058;Gemeinde
Friedrichsgraben;Gemeinde Friedrichsgraben;Kreis Rendsburg-Eckernförde;Schleswig-Holstein;010585847055;Gemeinde
Offenburg;Stadt Offenburg;Landkreis Ortenaukreis;Baden-Württemberg;083175010096;Stadt
Nagold;Stadt Nagold;Landkreis Calw;Baden-Württemberg;082355007046;Stadt
Wörnersberg;Gemeinde Wörnersberg;Landkreis Freudenstadt;Baden-Württemberg;082375005072;Gemeinde
Ringsheim;Gemeinde Ringsheim;Landkreis Ortenaukreis;Baden-Württemberg;083175002113;Gemeinde
Ellwangen (Jagst);Stadt Ellwangen (Jagst);Landkreis Ostalbkreis;Baden-Württemberg;081365003019;Stadt
Karlsruhe;Stadt Karlsruhe;Stadtkreis Karlsruhe;Baden-Württemberg;082120000000;Stadt
Bad Schönborn;Gemeinde Bad Schönborn;Landkreis Karlsruhe;Baden-Württemberg;082155001100;Gemeinde
Blumberg;Stadt Blumberg;Landkreis Schwarzwald-Baar-Kreis;Baden-Württemberg;083260005005;Stadt
Bühlertal;Gemeinde Bühlertal;Landkreis Rastatt;Baden-Württemberg;082160008008;Gemeinde
Leizen;Gemeinde Leizen;Landkreis Mecklenburgische Seenplatte;Mecklenburg-Vorpommern;130715159088;Gemeinde
Ivenack;Gemeinde Ivenack;Landkreis Mecklenburgische Seenplatte;Mecklenburg-Vorpommern;130715162068;Gemeinde
Rieden;Gemeinde Rieden;Landkreis Ostallgäu;Bayern;097775749164;Gemeinde
Hüfingen;Stadt Hüfingen;Landkreis Schwarzwald-Baar-Kreis;Baden-Württemberg;083265001027;Stadt
Schönau im Schwarzwald;Stadt Schönau im Schwarzwald;Landkreis Lörrach;Baden-Württemberg;083365006079;Stadt
Rheinfelden (Baden);Stadt Rheinfelden (Baden);Landkreis Lörrach;Baden-Württemberg;083365004069;Stadt
Obertaufkirchen;Gemeinde Obertaufkirchen;Landkreis Mühldorf a.Inn;Bayern;091830135135;Gemeinde
Weilheim;Gemeinde Weilheim;Landkreis Waldshut;Baden-Württemberg;083375007118;Gemeinde
Alt Schwerin;Gemeinde Alt Schwerin;Landkreis Mecklenburgische Seenplatte;Mecklenburg-Vorpommern;130715154001;Gemeinde
Friesack;Stadt Friesack;Landkreis Havelland;Brandenburg;120635302088;Stadt
Ertingen;Gemeinde Ertingen;Landkreis Biberach;Baden-Württemberg;084265007045;Gemeinde
Rain;Stadt Rain;Landkreis Donau-Ries;Bayern;097790201201;Stadt
Wechingen;Gemeinde Wechingen;Landkreis Donau-Ries;Bayern;097795722226;Gemeinde
Wernigerode;Stadt Wernigerode;Landkreis Harz;Sachsen-Anhalt;150850370370;Stadt
Ostrohe;Gemeinde Ostrohe;Kreis Dithmarschen;Schleswig-Holstein;010515172087;Gemeinde
Horgenzell;Gemeinde Horgenzell;Landkreis Ravensburg;Baden-Württemberg;084365008095;Gemeinde
Bodnegg;Gemeinde Bodnegg;Landkreis Ravensburg;Baden-Württemberg;084365003018;Gemeinde
Perasdorf;Gemeinde Perasdorf;Landkreis Straubing-Bogen;Bayern;092785252171;Gemeinde
Emmerting;Gemeinde Emmerting;Landkreis Altötting;Bayern;091715101114;Gemeinde
Anhausen;Gemeinde Anhausen;Landkreis Neuwied;Rheinland-Pfalz;071385009002;Gemeinde
Apen;Gemeinde Apen;Landkreis Ammerland;Niedersachsen;034510001001;Gemeinde
Kirchberg an der Iller;Gemeinde Kirchberg an der Iller;Landkreis Biberach;Baden-Württemberg;084265004065;Gemeinde
Jerxheim;Gemeinde Jerxheim;Landkreis Helmstedt;Niedersachsen;031545402012;Gemeinde
Plascheid;Gemeinde Plascheid;Landkreis Eifelkreis Bitburg-Prüm;Rheinland-Pfalz;072325005106;Gemeinde
Dorstadt;Gemeinde Dorstadt;Landkreis Wolfenbüttel;Niedersachsen;031585403010;Gemeinde
Dahmker;Gemeinde Dahmker;Kreis Herzogtum Lauenburg;Schleswig-Holstein;010535373021;Gemeinde
Schleife;Gemeinde Schleife;Landkreis Görlitz;Sachsen;146265237490;Gemeinde
Tinningstedt;Gemeinde Tinningstedt;Kreis Nordfriesland;Schleswig-Holstein;010545489136;Gemeinde
Rantrum;Gemeinde Rantrum;Kreis Nordfriesland;Schleswig-Holstein;010545492106;Gemeinde
Groß Quenstedt;Gemeinde Groß Quenstedt;Landkreis Harz;Sachsen-Anhalt;150855051125;Gemeinde
Kirchgandern;Gemeinde Kirchgandern;Landkreis Eichsfeld;Thüringen;160615008057;Gemeinde
Briesen (Mark);Gemeinde Briesen (Mark);Landkreis Oder-Spree;Brandenburg;120675706072;Gemeinde
Märkische Heide;Gemeinde Märkische Heide;Landkreis Dahme-Spreewald;Brandenburg;120610329329;Gemeinde
Karenz;Gemeinde Karenz;Landkreis Ludwigslust-Parchim;Mecklenburg-Vorpommern;130765654067;Gemeinde
Ahrbrück;Gemeinde Ahrbrück;Landkreis Ahrweiler;Rheinland-Pfalz;071315002002;Gemeinde
Seekirch;Gemeinde Seekirch;Landkreis Biberach;Baden-Württemberg;084265001109;Gemeinde
Wettrup;Gemeinde Wettrup;Landkreis Emsland;Niedersachsen;034545405059;Gemeinde
Georgsdorf;Gemeinde Georgsdorf;Landkreis Grafschaft Bentheim;Niedersachsen;034565402005;Gemeinde
Linsburg;Gemeinde Linsburg;Landkreis Nienburg (Weser);Niedersachsen;032565407020;Gemeinde
Grundsheim;Gemeinde Grundsheim;Landkreis Alb-Donau-Kreis;Baden-Württemberg;084255010052;Gemeinde
Emerkingen;Gemeinde Emerkingen;Landkreis Alb-Donau-Kreis;Baden-Württemberg;084255010036;Gemeinde
Niedernwöhren;Gemeinde Niedernwöhren;Landkreis Schaumburg;Niedersachsen;032575404025;Gemeinde
Moorhusen;Gemeinde Moorhusen;Kreis Steinburg;Schleswig-Holstein;010615138070;Gemeinde
Landrecht;Gemeinde Landrecht;Kreis Steinburg;Schleswig-Holstein;010615179062;Gemeinde
Deesbach;Gemeinde Deesbach;Landkreis Saalfeld-Rudolstadt;Thüringen;160735012014;Gemeinde
Vollerwiek;Gemeinde Vollerwiek;Kreis Nordfriesland;Schleswig-Holstein;010545417145;Gemeinde
Hingstheide;Gemeinde Hingstheide;Kreis Steinburg;Schleswig-Holstein;010615189038;Gemeinde
Hellertshausen;Gemeinde Hellertshausen;Landkreis Birkenfeld;Rheinland-Pfalz;071345005037;Gemeinde
Groß-Bieberau;Stadt Groß-Bieberau;Landkreis Darmstadt-Dieburg;Hessen;064320009009;Stadt
Rhaunen;Gemeinde Rhaunen;Landkreis Birkenfeld;Rheinland-Pfalz;071345005069;Gemeinde
Mauden;Gemeinde Mauden;Landkreis Altenkirchen (Westerwald);Rheinland-Pfalz;071325003068;Gemeinde
Vollmersbach;Gemeinde Vollmersbach;Landkreis Birkenfeld;Rheinland-Pfalz;071345005090;Gemeinde
Oberirsen;Gemeinde Oberirsen;Landkreis Altenkirchen (Westerwald);Rheinland-Pfalz;071325010082;Gemeinde
Schlaitdorf;Gemeinde Schlaitdorf;Landkreis Esslingen;Baden-Württemberg;081165003063;Gemeinde
Burg (Dithmarschen);Gemeinde Burg (Dithmarschen);Kreis Dithmarschen;Schleswig-Holstein;010515163016;Gemeinde
Neufeld;Gemeinde Neufeld;Kreis Dithmarschen;Schleswig-Holstein;010515166076;Gemeinde
Insheim;Gemeinde Insheim;Landkreis Südliche Weinstraße;Rheinland-Pfalz;073375004044;Gemeinde
Göcklingen;Gemeinde Göcklingen;Landkreis Südliche Weinstraße;Rheinland-Pfalz;073375005031;Gemeinde
Pillig;Gemeinde Pillig;Landkreis Mayen-Koblenz;Rheinland-Pfalz;071375002087;Gemeinde
Freiberg am Neckar;Stadt Freiberg am Neckar;Landkreis Ludwigsburg;Baden-Württemberg;081185004078;Stadt
Naunheim;Gemeinde Naunheim;Landkreis Mayen-Koblenz;Rheinland-Pfalz;071375002080;Gemeinde
Horbach;Gemeinde Horbach;Landkreis Westerwaldkreis;Rheinland-Pfalz;071435004034;Gemeinde
Hettenleidelheim;Gemeinde Hettenleidelheim;Landkreis Bad Dürkheim;Rheinland-Pfalz;073325007027;Gemeinde
Eicklingen;Gemeinde Eicklingen;Landkreis Celle;Niedersachsen;033515402007;Gemeinde
Tröbitz;Gemeinde Tröbitz;Landkreis Elbe-Elster;Brandenburg;120625202492;Gemeinde
Nack;Gemeinde Nack;Landkreis Alzey-Worms;Rheinland-Pfalz;073315001050;Gemeinde
Eckelsheim;Gemeinde Eckelsheim;Landkreis Alzey-Worms;Rheinland-Pfalz;073315005017;Gemeinde
Merzkirchen;Gemeinde Merzkirchen;Landkreis Trier-Saarburg;Rheinland-Pfalz;072355008154;Gemeinde
Appel;Gemeinde Appel;Landkreis Harburg;Niedersachsen;033535403001;Gemeinde
Seester;Gemeinde Seester;Kreis Pinneberg;Schleswig-Holstein;010565616033;Gemeinde
Steenfeld;Gemeinde Steenfeld;Kreis Rendsburg-Eckernförde;Schleswig-Holstein;010585895156;Gemeinde
Meißenheim;Gemeinde Meißenheim;Landkreis Ortenaukreis;Baden-Württemberg;083175012075;Gemeinde
Artlenburg;Gemeinde Artlenburg;Landkreis Lüneburg;Niedersachsen;033555407003;Gemeinde
Hohnstorf (Elbe);Gemeinde Hohnstorf (Elbe);Landkreis Lüneburg;Niedersachsen;033555407019;Gemeinde
Ober Kostenz;Gemeinde Ober Kostenz;Landkreis Rhein-Hunsrück-Kreis;Rheinland-Pfalz;071405004111;Gemeinde
Biebern;Gemeinde Biebern;Landkreis Rhein-Hunsrück-Kreis;Rheinland-Pfalz;071405008015;Gemeinde
Norath;Gemeinde Norath;Landkreis Rhein-Hunsrück-Kreis;Rheinland-Pfalz;071405009110;Gemeinde
Scheidt;Gemeinde Scheidt;Landkreis Rhein-Lahn-Kreis;Rheinland-Pfalz;071415003124;Gemeinde
Lauterecken;Stadt Lauterecken;Landkreis Kusel;Rheinland-Pfalz;073365008058;Stadt
Erdesbach;Gemeinde Erdesbach;Landkreis Kusel;Rheinland-Pfalz;073365010022;Gemeinde
Henschtal;Gemeinde Henschtal;Landkreis Kusel;Rheinland-Pfalz;073365009037;Gemeinde
Bosenbach;Gemeinde Bosenbach;Landkreis Kusel;Rheinland-Pfalz;073365010009;Gemeinde
Dunzweiler;Gemeinde Dunzweiler;Landkreis Kusel;Rheinland-Pfalz;073365009017;Gemeinde
Berndroth;Gemeinde Berndroth;Landkreis Rhein-Lahn-Kreis;Rheinland-Pfalz;071415011011;Gemeinde
Mülheim an der Mosel;Gemeinde Mülheim an der Mosel;Landkreis Bernkastel-Wittlich;Rheinland-Pfalz;072315001090;Gemeinde
Gleiszellen-Gleishorbach;Gemeinde Gleiszellen-Gleishorbach;Landkreis Südliche Weinstraße;Rheinland-Pfalz;073375002029;Gemeinde
Pantenburg;Gemeinde Pantenburg;Landkreis Bernkastel-Wittlich;Rheinland-Pfalz;072315008104;Gemeinde
Koblenz;Stadt Koblenz;Kreisfreie Stadt Koblenz;Rheinland-Pfalz;071110000000;Stadt
Allenbach;Gemeinde Allenbach;Landkreis Birkenfeld;Rheinland-Pfalz;071345005003;Gemeinde
Asbach;Gemeinde Asbach;Landkreis Birkenfeld;Rheinland-Pfalz;071345005004;Gemeinde
Birken-Honigsessen;Gemeinde Birken-Honigsessen;Landkreis Altenkirchen (Westerwald);Rheinland-Pfalz;071325008008;Gemeinde
Nickenich;Gemeinde Nickenich;Landkreis Mayen-Koblenz;Rheinland-Pfalz;071375001081;Gemeinde
Ippesheim;Gemeinde Ippesheim;Landkreis Neustadt a.d.Aisch-Bad Windsheim;Bayern;095755519134;Gemeinde
Markt Nordheim;Gemeinde Markt Nordheim;Landkreis Neustadt a.d.Aisch-Bad Windsheim;Bayern;095755519146;Gemeinde
Dachsbach;Gemeinde Dachsbach;Landkreis Neustadt a.d.Aisch-Bad Windsheim;Bayern;095755522117;Gemeinde
Admannshagen-Bargeshagen;Gemeinde Admannshagen-Bargeshagen;Landkreis Rostock;Mecklenburg-Vorpommern;130725251001;Gemeinde
Osterrade;Gemeinde Osterrade;Kreis Dithmarschen;Schleswig-Holstein;010515175086;Gemeinde
Putgarten;Gemeinde Putgarten;Landkreis Vorpommern-Rügen;Mecklenburg-Vorpommern;130735359071;Gemeinde
Dettmannsdorf;Gemeinde Dettmannsdorf;Landkreis Vorpommern-Rügen;Mecklenburg-Vorpommern;130735360015;Gemeinde
Jakobsdorf;Gemeinde Jakobsdorf;Landkreis Vorpommern-Rügen;Mecklenburg-Vorpommern;130735358041;Gemeinde
Wendorf;Gemeinde Wendorf;Landkreis Vorpommern-Rügen;Mecklenburg-Vorpommern;130735358099;Gemeinde
Rüting;Gemeinde Rüting;Landkreis Nordwestmecklenburg;Mecklenburg-Vorpommern;130745453071;Gemeinde
Römershager Forst-Nord;Gemeindefreies Gebiet Römershager Forst-Nord;Landkreis Bad Kissingen;Bayern;096729464464;Gemeindefreies Gebiet
Winzer;Gemeinde Winzer;Landkreis Deggendorf;Bayern;092710153153;Gemeinde
Schönbrunner Wald;Gemeindefreies Gebiet Schönbrunner Wald;Landkreis Freyung-Grafenau;Bayern;092729461461;Gemeindefreies Gebiet
Hintersee;Gemeinde Hintersee;Landkreis Vorpommern-Greifswald;Mecklenburg-Vorpommern;130755552051;Gemeinde
Mönkebude;Gemeinde Mönkebude;Landkreis Vorpommern-Greifswald;Mecklenburg-Vorpommern;130755552093;Gemeinde
Saal a.d.Donau;Gemeinde Saal a.d.Donau;Landkreis Kelheim;Bayern;092735216166;Gemeinde
Bayerbach b.Ergoldsbach;Gemeinde Bayerbach b.Ergoldsbach;Landkreis Landshut;Bayern;092745220119;Gemeinde
Ergoldsbach;Gemeinde Ergoldsbach;Landkreis Landshut;Bayern;092745220127;Gemeinde
Neukirchen vorm Wald;Gemeinde Neukirchen vorm Wald;Landkreis Passau;Bayern;092750135135;Gemeinde
Dorfprozelten;Gemeinde Dorfprozelten;Landkreis Miltenberg;Bayern;096760118118;Gemeinde
Brietzig;Gemeinde Brietzig;Landkreis Vorpommern-Greifswald;Mecklenburg-Vorpommern;130755560017;Gemeinde
Tittling;Gemeinde Tittling;Landkreis Passau;Bayern;092755229152;Gemeinde
Witzmannsberg;Gemeinde Witzmannsberg;Landkreis Passau;Bayern;092755229160;Gemeinde
Rinchnach;Gemeinde Rinchnach;Landkreis Regen;Bayern;092760139139;Gemeinde
Steinfeld;Gemeinde Steinfeld;Landkreis Main-Spessart;Bayern;096775624186;Gemeinde
Postmünster;Gemeinde Postmünster;Landkreis Rottal-Inn;Bayern;092770139139;Gemeinde
Talkau;Gemeinde Talkau;Kreis Herzogtum Lauenburg;Schleswig-Holstein;010535313125;Gemeinde
Müssen;Gemeinde Müssen;Kreis Herzogtum Lauenburg;Schleswig-Holstein;010535318092;Gemeinde
Hohenhorn;Gemeinde Hohenhorn;Kreis Herzogtum Lauenburg;Schleswig-Holstein;010535323053;Gemeinde
Dalldorf;Gemeinde Dalldorf;Kreis Herzogtum Lauenburg;Schleswig-Holstein;010535343022;Gemeinde
Fuchsmühl;Gemeinde Fuchsmühl;Landkreis Tirschenreuth;Bayern;093770119119;Gemeinde
Reichenbach;Gemeinde Reichenbach;Landkreis Cham;Bayern;093725313149;Gemeinde
Neustadt a.d.Waldnaab;Stadt Neustadt a.d.Waldnaab;Landkreis Neustadt a.d.Waldnaab;Bayern;093740139139;Stadt
Groß Vollstedt;Gemeinde Groß Vollstedt;Kreis Rendsburg-Eckernförde;Schleswig-Holstein;010585864065;Gemeinde
Manteler Forst;Gemeindefreies Gebiet Manteler Forst;Landkreis Neustadt a.d.Waldnaab;Bayern;093749452452;Gemeindefreies Gebiet
Hoffeld;Gemeinde Hoffeld;Kreis Rendsburg-Eckernförde;Schleswig-Holstein;010585889076;Gemeinde
Immenreuth;Gemeinde Immenreuth;Landkreis Tirschenreuth;Bayern;093770127127;Gemeinde
Mähring;Gemeinde Mähring;Landkreis Tirschenreuth;Bayern;093770139139;Gemeinde
Schwaig b.Nürnberg;Gemeinde Schwaig b.Nürnberg;Landkreis Nürnberger Land;Bayern;095740156156;Gemeinde
Seeth;Gemeinde Seeth;Kreis Nordfriesland;Schleswig-Holstein;010545492119;Gemeinde
Crottendorf;Gemeinde Crottendorf;Landkreis Erzgebirgskreis;Sachsen;145210130130;Gemeinde
Frauenstein;Stadt Frauenstein;Landkreis Mittelsachsen;Sachsen;145220170170;Stadt
Schönheide;Gemeinde Schönheide;Landkreis Erzgebirgskreis;Sachsen;145210540540;Gemeinde
Zempin;Gemeinde Zempin;Landkreis Vorpommern-Greifswald;Mecklenburg-Vorpommern;130755562148;Gemeinde
Züssow;Gemeinde Züssow;Landkreis Vorpommern-Greifswald;Mecklenburg-Vorpommern;130755563154;Gemeinde
Dambeck;Gemeinde Dambeck;Landkreis Ludwigslust-Parchim;Mecklenburg-Vorpommern;130765657027;Gemeinde
Passow;Gemeinde Passow;Landkreis Ludwigslust-Parchim;Mecklenburg-Vorpommern;130765655109;Gemeinde
Ebersberg;Stadt Ebersberg;Landkreis Ebersberg;Bayern;091750115115;Stadt
Moosach;Gemeinde Moosach;Landkreis Ebersberg;Bayern;091755114128;Gemeinde
Kirchseelte;Gemeinde Kirchseelte;Landkreis Oldenburg;Niedersachsen;034585401011;Gemeinde
Monzingen;Gemeinde Monzingen;Landkreis Bad Kreuznach;Rheinland-Pfalz;071335010067;Gemeinde
Gehrde;Gemeinde Gehrde;Landkreis Osnabrück;Niedersachsen;034595402018;Gemeinde
Berge;Gemeinde Berge;Landkreis Osnabrück;Niedersachsen;034595403009;Gemeinde
Grabau;Gemeinde Grabau;Kreis Herzogtum Lauenburg;Schleswig-Holstein;010535373036;Gemeinde
Hundsdorf;Gemeinde Hundsdorf;Landkreis Westerwaldkreis;Rheinland-Pfalz;071435005038;Gemeinde
Ratingen;Stadt Ratingen;Kreis Mettmann;Nordrhein-Westfalen;051580028028;Stadt
Klinkrade;Gemeinde Klinkrade;Kreis Herzogtum Lauenburg;Schleswig-Holstein;010535391068;Gemeinde
Groß Schenkenberg;Gemeinde Groß Schenkenberg;Kreis Herzogtum Lauenburg;Schleswig-Holstein;010535391044;Gemeinde
Callenberg;Gemeinde Callenberg;Landkreis Zwickau;Sachsen;145240020020;Gemeinde
Stein-Neukirch;Gemeinde Stein-Neukirch;Landkreis Westerwaldkreis;Rheinland-Pfalz;071435006295;Gemeinde
Herzogenrath;Stadt Herzogenrath;Kreis Städteregion Aachen;Nordrhein-Westfalen;053340016016;Stadt
Gundelsheim;Gemeinde Gundelsheim;Landkreis Bamberg;Bayern;094710137137;Gemeinde
Ascheberg;Gemeinde Ascheberg;Kreis Coesfeld;Nordrhein-Westfalen;055580004004;Gemeinde
Berzhahn;Gemeinde Berzhahn;Landkreis Westerwaldkreis;Rheinland-Pfalz;071435009209;Gemeinde
Langenlonsheim;Gemeinde Langenlonsheim;Landkreis Bad Kreuznach;Rheinland-Pfalz;071335011054;Gemeinde
Weltersburg;Gemeinde Weltersburg;Landkreis Westerwaldkreis;Rheinland-Pfalz;071435009307;Gemeinde
Rommersheim;Gemeinde Rommersheim;Landkreis Eifelkreis Bitburg-Prüm;Rheinland-Pfalz;072325006300;Gemeinde
Langenberg;Gemeinde Langenberg;Kreis Gütersloh;Nordrhein-Westfalen;057540024024;Gemeinde
Pottum;Gemeinde Pottum;Landkreis Westerwaldkreis;Rheinland-Pfalz;071435009284;Gemeinde
Seybothenreuth;Gemeinde Seybothenreuth;Landkreis Bayreuth;Bayern;094725415188;Gemeinde
Rahden;Stadt Rahden;Kreis Minden-Lübbecke;Nordrhein-Westfalen;057700040040;Stadt
Kirchweiler;Gemeinde Kirchweiler;Landkreis Vulkaneifel;Rheinland-Pfalz;072335001039;Gemeinde
Oberstadtfeld;Gemeinde Oberstadtfeld;Landkreis Vulkaneifel;Rheinland-Pfalz;072335001055;Gemeinde
Kleinebersdorf;Gemeinde Kleinebersdorf;Landkreis Saale-Holzland-Kreis;Thüringen;160745007047;Gemeinde
Demerath;Gemeinde Demerath;Landkreis Vulkaneifel;Rheinland-Pfalz;072335001016;Gemeinde
Dreis-Brück;Gemeinde Dreis-Brück;Landkreis Vulkaneifel;Rheinland-Pfalz;072335001020;Gemeinde
Neudrossenfeld;Gemeinde Neudrossenfeld;Landkreis Kulmbach;Bayern;094770142142;Gemeinde
Helbra;Gemeinde Helbra;Landkreis Mansfeld-Südharz;Sachsen-Anhalt;150875052205;Gemeinde
Hallerndorf;Gemeinde Hallerndorf;Landkreis Forchheim;Bayern;094740133133;Gemeinde
Ennepetal;Stadt Ennepetal;Kreis Ennepe-Ruhr-Kreis;Nordrhein-Westfalen;059540008008;Stadt
Zwingenberg;Stadt Zwingenberg;Landkreis Bergstraße;Hessen;064310022022;Stadt
Neuenrade;Stadt Neuenrade;Kreis Märkischer Kreis;Nordrhein-Westfalen;059620048048;Stadt
Wehrheim;Gemeinde Wehrheim;Landkreis Hochtaunuskreis;Hessen;064340012012;Gemeinde
Hammersbach;Gemeinde Hammersbach;Landkreis Main-Kinzig-Kreis;Hessen;064350013013;Gemeinde
Darmstadt;Stadt Darmstadt;Kreisfreie Stadt Darmstadt;Hessen;064110000000;Stadt
Schwerte;Stadt Schwerte;Kreis Unna;Nordrhein-Westfalen;059780028028;Stadt
Obermoschel;Stadt Obermoschel;Landkreis Donnersbergkreis;Rheinland-Pfalz;073335007054;Stadt
Offenbach am Main;Stadt Offenbach am Main;Kreisfreie Stadt Offenbach am Main;Hessen;064130000000;Stadt
Oberndorf;Gemeinde Oberndorf;Landkreis Donnersbergkreis;Rheinland-Pfalz;073335007055;Gemeinde
Herscheid;Gemeinde Herscheid;Kreis Märkischer Kreis;Nordrhein-Westfalen;059620020020;Gemeinde
Weiler bei Bingen;Gemeinde Weiler bei Bingen;Landkreis Mainz-Bingen;Rheinland-Pfalz;073395001063;Gemeinde
Oberdiebach;Gemeinde Oberdiebach;Landkreis Mainz-Bingen;Rheinland-Pfalz;073395001044;Gemeinde
Trechtingshausen;Gemeinde Trechtingshausen;Landkreis Mainz-Bingen;Rheinland-Pfalz;073395001058;Gemeinde
Ronneburg;Gemeinde Ronneburg;Landkreis Main-Kinzig-Kreis;Hessen;064350024024;Gemeinde
Eppstein;Stadt Eppstein;Landkreis Main-Taunus-Kreis;Hessen;064360002002;Stadt
Altenstadt;Gemeinde Altenstadt;Landkreis Wetteraukreis;Hessen;064400001001;Gemeinde
Villmar;Gemeinde Villmar;Landkreis Limburg-Weilburg;Hessen;065330015015;Gemeinde
Merenberg;Gemeinde Merenberg;Landkreis Limburg-Weilburg;Hessen;065330012012;Gemeinde
Biedenkopf;Stadt Biedenkopf;Landkreis Marburg-Biedenkopf;Hessen;065340004004;Stadt
Tessin;Stadt Tessin;Landkreis Rostock;Mecklenburg-Vorpommern;130725262105;Stadt
Marktredwitz;Stadt Marktredwitz;Landkreis Wunsiedel i.Fichtelgebirge;Bayern;094790136136;Stadt
Schönwald;Stadt Schönwald;Landkreis Wunsiedel i.Fichtelgebirge;Bayern;094790150150;Stadt
Nentershausen;Gemeinde Nentershausen;Landkreis Hersfeld-Rotenburg;Hessen;066320013013;Gemeinde
Hohenberg a.d.Eger;Stadt Hohenberg a.d.Eger;Landkreis Wunsiedel i.Fichtelgebirge;Bayern;094795443127;Stadt
Neubauer Forst-Süd;Gemeindefreies Gebiet Neubauer Forst-Süd;Landkreis Wunsiedel i.Fichtelgebirge;Bayern;094799457457;Gemeindefreies Gebiet
Kinding;Gemeinde Kinding;Landkreis Eichstätt;Bayern;091760137137;Gemeinde
Lenting;Gemeinde Lenting;Landkreis Eichstätt;Bayern;091760143143;Gemeinde
Mörnsheim;Gemeinde Mörnsheim;Landkreis Eichstätt;Bayern;091760148148;Gemeinde
Bockhorn;Gemeinde Bockhorn;Landkreis Erding;Bayern;091770113113;Gemeinde
Wörth;Gemeinde Wörth;Landkreis Erding;Bayern;091775121144;Gemeinde
Göhren;Gemeinde Göhren;Landkreis Altenburger Land;Thüringen;160775005008;Gemeinde
Langenzenn;Stadt Langenzenn;Landkreis Fürth;Bayern;095730120120;Stadt
Überherrn;Gemeinde Überherrn;Landkreis Saarlouis;Saarland;100440119119;Gemeinde
Bexbach;Stadt Bexbach;Landkreis Saarpfalz-Kreis;Saarland;100450111111;Stadt
Burgthann;Gemeinde Burgthann;Landkreis Nürnberger Land;Bayern;095740117117;Gemeinde
Adelshofen;Gemeinde Adelshofen;Landkreis Fürstenfeldbruck;Bayern;091795131111;Gemeinde
Schöngeising;Gemeinde Schöngeising;Landkreis Fürstenfeldbruck;Bayern;091795132147;Gemeinde
Thaining;Gemeinde Thaining;Landkreis Landsberg am Lech;Bayern;091815142142;Gemeinde
Unterdießen;Gemeinde Unterdießen;Landkreis Landsberg am Lech;Bayern;091815138143;Gemeinde
Ballhausen;Gemeinde Ballhausen;Landkreis Unstrut-Hainich-Kreis;Thüringen;160645001005;Gemeinde
Frankfurt (Oder);Stadt Frankfurt (Oder);Kreisfreie Stadt Frankfurt (Oder);Brandenburg;120530000000;Stadt
Gollenberg;Gemeinde Gollenberg;Landkreis Havelland;Brandenburg;120635309094;Gemeinde
Grabfeld;Gemeinde Grabfeld;Landkreis Schmalkalden-Meiningen;Thüringen;160660094094;Gemeinde
Sonneborn;Gemeinde Sonneborn;Landkreis Gotha;Thüringen;160675053063;Gemeinde
Emmelshausen;Stadt Emmelshausen;Landkreis Rhein-Hunsrück-Kreis;Rheinland-Pfalz;071405009036;Stadt
Eppenrod;Gemeinde Eppenrod;Landkreis Rhein-Lahn-Kreis;Rheinland-Pfalz;071415003038;Gemeinde
Mastershausen;Gemeinde Mastershausen;Landkreis Rhein-Hunsrück-Kreis;Rheinland-Pfalz;071405003204;Gemeinde
Attenhausen;Gemeinde Attenhausen;Landkreis Rhein-Lahn-Kreis;Rheinland-Pfalz;071415010003;Gemeinde
Morbach;Gemeinde Morbach;Landkreis Bernkastel-Wittlich;Rheinland-Pfalz;072310502502;Gemeinde
Kommen;Gemeinde Kommen;Landkreis Bernkastel-Wittlich;Rheinland-Pfalz;072315001071;Gemeinde
Binsfeld;Gemeinde Binsfeld;Landkreis Bernkastel-Wittlich;Rheinland-Pfalz;072315008010;Gemeinde
Gipperath;Gemeinde Gipperath;Landkreis Bernkastel-Wittlich;Rheinland-Pfalz;072315008036;Gemeinde
Ürzig;Gemeinde Ürzig;Landkreis Bernkastel-Wittlich;Rheinland-Pfalz;072315001125;Gemeinde
Barkelsby;Gemeinde Barkelsby;Kreis Rendsburg-Eckernförde;Schleswig-Holstein;010585893012;Gemeinde
Freienorla;Gemeinde Freienorla;Landkreis Saale-Holzland-Kreis;Thüringen;160745011021;Gemeinde
Wilhelmsdorf;Gemeinde Wilhelmsdorf;Landkreis Saale-Orla-Kreis;Thüringen;160755013125;Gemeinde
Alt Zauche-Wußwerk;Gemeinde Alt Zauche-Wußwerk;Landkreis Dahme-Spreewald;Brandenburg;120615113005;Gemeinde
Spreewaldheide;Gemeinde Spreewaldheide;Landkreis Dahme-Spreewald;Brandenburg;120615113470;Gemeinde
Bad Liebenwerda;Stadt Bad Liebenwerda;Landkreis Elbe-Elster;Brandenburg;120625031024;Stadt
Sallgast;Gemeinde Sallgast;Landkreis Elbe-Elster;Brandenburg;120625205425;Gemeinde
Lauchhammer;Stadt Lauchhammer;Landkreis Oberspreewald-Lausitz;Brandenburg;120660176176;Stadt
Alt Tucheband;Gemeinde Alt Tucheband;Landkreis Märkisch-Oderland;Brandenburg;120645404009;Gemeinde
Falkenhagen (Mark);Gemeinde Falkenhagen (Mark);Landkreis Märkisch-Oderland;Brandenburg;120645412128;Gemeinde
Höhenland;Gemeinde Höhenland;Landkreis Märkisch-Oderland;Brandenburg;120645403222;Gemeinde
Müllrose;Stadt Müllrose;Landkreis Oder-Spree;Brandenburg;120675708336;Stadt
Karlskron;Gemeinde Karlskron;Landkreis Neuburg-Schrobenhausen;Bayern;091850140140;Gemeinde
Rerik;Stadt Rerik;Landkreis Rostock;Mecklenburg-Vorpommern;130725259085;Stadt
Hollingstedt;Gemeinde Hollingstedt;Kreis Dithmarschen;Schleswig-Holstein;010515169053;Gemeinde
Karolinenkoog;Gemeinde Karolinenkoog;Kreis Dithmarschen;Schleswig-Holstein;010515169058;Gemeinde
Vorbeck;Gemeinde Vorbeck;Landkreis Rostock;Mecklenburg-Vorpommern;130725261110;Gemeinde
Brammer;Gemeinde Brammer;Kreis Rendsburg-Eckernförde;Schleswig-Holstein;010585864027;Gemeinde
Wittstock/Dosse;Stadt Wittstock/Dosse;Landkreis Ostprignitz-Ruppin;Brandenburg;120680468468;Stadt
Wiesengrund;Gemeinde Wiesengrund;Landkreis Spree-Neiße;Brandenburg;120715102414;Gemeinde
Ihlow;Gemeinde Ihlow;Landkreis Teltow-Fläming;Brandenburg;120725204157;Gemeinde
Eppenbrunn;Gemeinde Eppenbrunn;Landkreis Südwestpfalz;Rheinland-Pfalz;073405003008;Gemeinde
Münchweiler an der Rodalb;Gemeinde Münchweiler an der Rodalb;Landkreis Südwestpfalz;Rheinland-Pfalz;073405004032;Gemeinde
Wiesbach;Gemeinde Wiesbach;Landkreis Südwestpfalz;Rheinland-Pfalz;073405008227;Gemeinde
Nufringen;Gemeinde Nufringen;Landkreis Böblingen;Baden-Württemberg;081155003037;Gemeinde
Lenningen;Gemeinde Lenningen;Landkreis Esslingen;Baden-Württemberg;081165002079;Gemeinde
Nürtingen;Stadt Nürtingen;Landkreis Esslingen;Baden-Württemberg;081165005049;Stadt
Frickenhausen;Gemeinde Frickenhausen;Landkreis Esslingen;Baden-Württemberg;081165005020;Gemeinde
Albisheim (Pfrimm);Gemeinde Albisheim (Pfrimm);Landkreis Donnersbergkreis;Rheinland-Pfalz;073335003001;Gemeinde
Lustadt;Gemeinde Lustadt;Landkreis Germersheim;Rheinland-Pfalz;073345005018;Gemeinde
Sehlem;Gemeinde Sehlem;Landkreis Bernkastel-Wittlich;Rheinland-Pfalz;072315008117;Gemeinde
Burg (Mosel);Gemeinde Burg (Mosel);Landkreis Bernkastel-Wittlich;Rheinland-Pfalz;072315009014;Gemeinde
Schallodenbach;Gemeinde Schallodenbach;Landkreis Kaiserslautern;Rheinland-Pfalz;073355010041;Gemeinde
Flemlingen;Gemeinde Flemlingen;Landkreis Südliche Weinstraße;Rheinland-Pfalz;073375003025;Gemeinde
Großkampenberg;Gemeinde Großkampenberg;Landkreis Eifelkreis Bitburg-Prüm;Rheinland-Pfalz;072325001229;Gemeinde
Darstein;Gemeinde Darstein;Landkreis Südwestpfalz;Rheinland-Pfalz;073405002005;Gemeinde
Biesdorf;Gemeinde Biesdorf;Landkreis Eifelkreis Bitburg-Prüm;Rheinland-Pfalz;072325005016;Gemeinde
Habscheid;Gemeinde Habscheid;Landkreis Eifelkreis Bitburg-Prüm;Rheinland-Pfalz;072325006231;Gemeinde
Bleialf;Gemeinde Bleialf;Landkreis Eifelkreis Bitburg-Prüm;Rheinland-Pfalz;072325006206;Gemeinde
Nohn;Gemeinde Nohn;Landkreis Vulkaneifel;Rheinland-Pfalz;072335006229;Gemeinde
Züsch;Gemeinde Züsch;Landkreis Trier-Saarburg;Rheinland-Pfalz;072355001153;Gemeinde
Ramhusen;Gemeinde Ramhusen;Kreis Dithmarschen;Schleswig-Holstein;010515166090;Gemeinde
Friedrichskoog;Gemeinde Friedrichskoog;Kreis Dithmarschen;Schleswig-Holstein;010515166034;Gemeinde
Rethwisch;Gemeinde Rethwisch;Kreis Stormarn;Schleswig-Holstein;010625207062;Gemeinde
Witzhave;Gemeinde Witzhave;Kreis Stormarn;Schleswig-Holstein;010625270086;Gemeinde
Giekau;Gemeinde Giekau;Kreis Plön;Schleswig-Holstein;010575727021;Gemeinde
Schillsdorf;Gemeinde Schillsdorf;Kreis Plön;Schleswig-Holstein;010575785071;Gemeinde
Achterwehr;Gemeinde Achterwehr;Kreis Rendsburg-Eckernförde;Schleswig-Holstein;010585803001;Gemeinde
Eckernförde;Stadt Eckernförde;Kreis Rendsburg-Eckernförde;Schleswig-Holstein;010580043043;Stadt
Groß Rheide;Gemeinde Groß Rheide;Kreis Schleswig-Flensburg;Schleswig-Holstein;010595996035;Gemeinde
Arpsdorf;Gemeinde Arpsdorf;Kreis Rendsburg-Eckernförde;Schleswig-Holstein;010585895007;Gemeinde
Bimöhlen;Gemeinde Bimöhlen;Kreis Segeberg;Schleswig-Holstein;010605005009;Gemeinde
Schuby;Gemeinde Schuby;Kreis Schleswig-Flensburg;Schleswig-Holstein;010595993077;Gemeinde
Koldenbüttel;Gemeinde Koldenbüttel;Kreis Nordfriesland;Schleswig-Holstein;010545492070;Gemeinde
Grasleben;Gemeinde Grasleben;Landkreis Helmstedt;Niedersachsen;031545401008;Gemeinde
Bodenfelde;Gemeinde Bodenfelde;Landkreis Northeim;Niedersachsen;031550002002;Gemeinde
Moringen;Stadt Moringen;Landkreis Northeim;Niedersachsen;031550009009;Stadt
Scheden;Gemeinde Scheden;Landkreis Göttingen;Niedersachsen;031595401031;Gemeinde
Lembruch;Gemeinde Lembruch;Landkreis Diepholz;Niedersachsen;032515401022;Gemeinde
Eime;Gemeinde Eime;Landkreis Hildesheim;Niedersachsen;032545406013;Gemeinde
Nordheim v.d.Rhön;Gemeinde Nordheim v.d.Rhön;Landkreis Rhön-Grabfeld;Bayern;096735637147;Gemeinde
Niederlauer;Gemeinde Niederlauer;Landkreis Rhön-Grabfeld;Bayern;096735635146;Gemeinde
Ermershausen;Gemeinde Ermershausen;Landkreis Haßberge;Bayern;096745612223;Gemeinde
Ebelsbach;Gemeinde Ebelsbach;Landkreis Haßberge;Bayern;096745610129;Gemeinde
Dittenheim;Gemeinde Dittenheim;Landkreis Weißenburg-Gunzenhausen;Bayern;095775533122;Gemeinde
Oerlenbach;Gemeinde Oerlenbach;Landkreis Bad Kissingen;Bayern;096720140140;Gemeinde
Roßbacher Forst;Gemeindefreies Gebiet Roßbacher Forst;Landkreis Bad Kissingen;Bayern;096729466466;Gemeindefreies Gebiet
Gönnheim;Gemeinde Gönnheim;Landkreis Bad Dürkheim;Rheinland-Pfalz;073325006022;Gemeinde
Mülbach;Gemeinde Mülbach;Landkreis Eifelkreis Bitburg-Prüm;Rheinland-Pfalz;072325008083;Gemeinde
Bad Pyrmont;Stadt Bad Pyrmont;Landkreis Hameln-Pyrmont;Niedersachsen;032520003003;Stadt
Polle;Gemeinde Polle;Landkreis Holzminden;Niedersachsen;032555408033;Gemeinde
Liebenau;Gemeinde Liebenau;Landkreis Nienburg (Weser);Niedersachsen;032565411019;Gemeinde
Warmsen;Gemeinde Warmsen;Landkreis Nienburg (Weser);Niedersachsen;032565408034;Gemeinde
Heusenstamm;Stadt Heusenstamm;Landkreis Offenbach;Hessen;064380005005;Stadt
Frammersbacher Forst;Gemeindefreies Gebiet Frammersbacher Forst;Landkreis Main-Spessart;Bayern;096779455455;Gemeindefreies Gebiet
Remlingen;Gemeinde Remlingen;Landkreis Würzburg;Bayern;096795649177;Gemeinde
Schonungen;Gemeinde Schonungen;Landkreis Schweinfurt;Bayern;096780174174;Gemeinde
Memmingen;Stadt Memmingen;Kreisfreie Stadt Memmingen;Bayern;097640000000;Stadt
Horgau;Gemeinde Horgau;Landkreis Augsburg;Bayern;097720159159;Gemeinde
Egestorf;Gemeinde Egestorf;Landkreis Harburg;Niedersachsen;033535402009;Gemeinde
Toppenstedt;Gemeinde Toppenstedt;Landkreis Harburg;Niedersachsen;033535405034;Gemeinde
Damnatz;Gemeinde Damnatz;Landkreis Lüchow-Dannenberg;Niedersachsen;033545406003;Gemeinde
Lübbow;Gemeinde Lübbow;Landkreis Lüchow-Dannenberg;Niedersachsen;033545407017;Gemeinde
Aislingen;Gemeinde Aislingen;Landkreis Dillingen a.d.Donau;Bayern;097735719111;Gemeinde
Holzheim;Gemeinde Holzheim;Landkreis Dillingen a.d.Donau;Bayern;097735719140;Gemeinde
Osterberg;Gemeinde Osterberg;Landkreis Neu-Ulm;Bayern;097755740142;Gemeinde
Holzheim;Gemeinde Holzheim;Landkreis Neu-Ulm;Bayern;097755739126;Gemeinde
Geisenheim;Stadt Geisenheim;Landkreis Rheingau-Taunus-Kreis;Hessen;064390004004;Stadt
Schwienau;Gemeinde Schwienau;Landkreis Uelzen;Niedersachsen;033605407019;Gemeinde
Willich;Stadt Willich;Kreis Viersen;Nordrhein-Westfalen;051660036036;Stadt
Waldbreitbach;Gemeinde Waldbreitbach;Landkreis Neuwied;Rheinland-Pfalz;071385009076;Gemeinde
Schechingen;Gemeinde Schechingen;Landkreis Ostalbkreis;Baden-Württemberg;081365005062;Gemeinde
Rauenberg;Stadt Rauenberg;Landkreis Rhein-Neckar-Kreis;Baden-Württemberg;082265006065;Stadt
Spechbach;Gemeinde Spechbach;Landkreis Rhein-Neckar-Kreis;Baden-Württemberg;082265002086;Gemeinde
Plüderhausen;Gemeinde Plüderhausen;Landkreis Rems-Murr-Kreis;Baden-Württemberg;081195002055;Gemeinde
Nordheim;Gemeinde Nordheim;Landkreis Heilbronn;Baden-Württemberg;081255006074;Gemeinde
Iggingen;Gemeinde Iggingen;Landkreis Ostalbkreis;Baden-Württemberg;081365005034;Gemeinde
Hamersen;Gemeinde Hamersen;Landkreis Rotenburg (Wümme);Niedersachsen;033575405019;Gemeinde
Lauenbrück;Gemeinde Lauenbrück;Landkreis Rotenburg (Wümme);Niedersachsen;033575402033;Gemeinde
Selsingen;Gemeinde Selsingen;Landkreis Rotenburg (Wümme);Niedersachsen;033575404043;Gemeinde
Zeven;Stadt Zeven;Landkreis Rotenburg (Wümme);Niedersachsen;033575408057;Stadt
Rethem (Aller);Stadt Rethem (Aller);Landkreis Heidekreis;Niedersachsen;033585402018;Stadt
Steina;Gemeinde Steina;Landkreis Bautzen;Sachsen;146255231580;Gemeinde
Horka;Gemeinde Horka;Landkreis Görlitz;Sachsen;146265503200;Gemeinde
Rietschen;Gemeinde Rietschen;Landkreis Görlitz;Sachsen;146265233460;Gemeinde
Coswig;Stadt Coswig;Landkreis Meißen;Sachsen;146270010010;Stadt
Gröditz;Stadt Gröditz;Landkreis Meißen;Sachsen;146270050050;Stadt
Schönfeld;Gemeinde Schönfeld;Landkreis Meißen;Sachsen;146275238250;Gemeinde
Limbach-Oberfrohna;Stadt Limbach-Oberfrohna;Landkreis Zwickau;Sachsen;145245114180;Stadt
Waldenburg;Stadt Waldenburg;Landkreis Zwickau;Sachsen;145245135290;Stadt
Bad Düben;Stadt Bad Düben;Landkreis Nordsachsen;Sachsen;147300020020;Stadt
Dommitzsch;Stadt Dommitzsch;Landkreis Nordsachsen;Sachsen;147305303090;Stadt
Kuhfelde;Gemeinde Kuhfelde;Landkreis Altmarkkreis Salzwedel;Sachsen-Anhalt;150815051290;Gemeinde
Crailsheim;Stadt Crailsheim;Landkreis Schwäbisch Hall;Baden-Württemberg;081275002014;Stadt
Colbitz;Gemeinde Colbitz;Landkreis Börde;Sachsen-Anhalt;150835051130;Gemeinde
Ostelsheim;Gemeinde Ostelsheim;Landkreis Calw;Baden-Württemberg;082355002057;Gemeinde
Roßwein;Stadt Roßwein;Landkreis Mittelsachsen;Sachsen;145220510510;Stadt
Reute;Gemeinde Reute;Landkreis Emmendingen;Baden-Württemberg;083165001036;Gemeinde
Neuried;Gemeinde Neuried;Landkreis Ortenaukreis;Baden-Württemberg;083170151151;Gemeinde
Meckesheim;Gemeinde Meckesheim;Landkreis Rhein-Neckar-Kreis;Baden-Württemberg;082265002049;Gemeinde
Unterreichenbach;Gemeinde Unterreichenbach;Landkreis Calw;Baden-Württemberg;082355004073;Gemeinde
Mühlacker;Stadt Mühlacker;Landkreis Enzkreis;Baden-Württemberg;082365004040;Stadt
Vogtsburg im Kaiserstuhl;Stadt Vogtsburg im Kaiserstuhl;Landkreis Breisgau-Hochschwarzwald;Baden-Württemberg;083150133133;Stadt
Weisweil;Gemeinde Weisweil;Landkreis Emmendingen;Baden-Württemberg;083165004049;Gemeinde
Waldstetten;Gemeinde Waldstetten;Landkreis Ostalbkreis;Baden-Württemberg;081365007079;Gemeinde
Westhausen;Gemeinde Westhausen;Landkreis Ostalbkreis;Baden-Württemberg;081365004082;Gemeinde
Eschbronn;Gemeinde Eschbronn;Landkreis Rottweil;Baden-Württemberg;083255001071;Gemeinde
Bretten;Stadt Bretten;Landkreis Karlsruhe;Baden-Württemberg;082155002007;Stadt
Tützpatz;Gemeinde Tützpatz;Landkreis Mecklenburgische Seenplatte;Mecklenburg-Vorpommern;130715163146;Gemeinde
Baisweil;Gemeinde Baisweil;Landkreis Ostallgäu;Bayern;097775753114;Gemeinde
Eggenthal;Gemeinde Eggenthal;Landkreis Ostallgäu;Bayern;097775753124;Gemeinde
Donaueschingen;Stadt Donaueschingen;Landkreis Schwarzwald-Baar-Kreis;Baden-Württemberg;083265001012;Stadt
Unterkirnach;Gemeinde Unterkirnach;Landkreis Schwarzwald-Baar-Kreis;Baden-Württemberg;083265004065;Gemeinde
Fridingen an der Donau;Stadt Fridingen an der Donau;Landkreis Tuttlingen;Baden-Württemberg;083275001016;Stadt
Tuttlingen;Stadt Tuttlingen;Landkreis Tuttlingen;Baden-Württemberg;083275006050;Stadt
Haselbach;Gemeinde Haselbach;Landkreis Straubing-Bogen;Bayern;092785248134;Gemeinde
Kletzin;Gemeinde Kletzin;Landkreis Mecklenburgische Seenplatte;Mecklenburg-Vorpommern;130715151076;Gemeinde
Nossendorf;Gemeinde Nossendorf;Landkreis Mecklenburgische Seenplatte;Mecklenburg-Vorpommern;130715151112;Gemeinde
Herrischried;Gemeinde Herrischried;Landkreis Waldshut;Baden-Württemberg;083375005049;Gemeinde
Metzingen;Stadt Metzingen;Landkreis Reutlingen;Baden-Württemberg;084155002050;Stadt
Priepert;Gemeinde Priepert;Landkreis Mecklenburgische Seenplatte;Mecklenburg-Vorpommern;130715155119;Gemeinde
Bad Doberan;Stadt Bad Doberan;Landkreis Rostock;Mecklenburg-Vorpommern;130720006006;Stadt
Bad Buchau;Stadt Bad Buchau;Landkreis Biberach;Baden-Württemberg;084265001013;Stadt
Immenstaad am Bodensee;Gemeinde Immenstaad am Bodensee;Landkreis Bodenseekreis;Baden-Württemberg;084355002024;Gemeinde
Weißenfels;Stadt Weißenfels;Landkreis Burgenlandkreis;Sachsen-Anhalt;150840550550;Stadt
Joldelund;Gemeinde Joldelund;Kreis Nordfriesland;Schleswig-Holstein;010545494059;Gemeinde
Waldbrunn;Gemeinde Waldbrunn;Landkreis Würzburg;Bayern;096790204204;Gemeinde
Halsbach;Gemeinde Halsbach;Landkreis Altötting;Bayern;091715102119;Gemeinde
Norderney;Stadt Norderney;Landkreis Aurich;Niedersachsen;034520020020;Stadt
Glienicke/Nordbahn;Gemeinde Glienicke/Nordbahn;Landkreis Oberhavel;Brandenburg;120650096096;Gemeinde
Upgant-Schott;Gemeinde Upgant-Schott;Landkreis Aurich;Niedersachsen;034525401024;Gemeinde
Rastede;Gemeinde Rastede;Landkreis Ammerland;Niedersachsen;034510005005;Gemeinde
Pfaffenhausen;Gemeinde Pfaffenhausen;Landkreis Unterallgäu;Bayern;097785759187;Gemeinde
Oberrieden;Gemeinde Oberrieden;Landkreis Unterallgäu;Bayern;097785759183;Gemeinde
Völklingen;Stadt Völklingen;Landkreis Regionalverband Saarbrücken;Saarland;100410519519;Stadt
Weiskirchen;Gemeinde Weiskirchen;Landkreis Merzig-Wadern;Saarland;100420117117;Gemeinde
Winterrieden;Gemeinde Winterrieden;Landkreis Unterallgäu;Bayern;097785758217;Gemeinde
Lochum;Gemeinde Lochum;Landkreis Westerwaldkreis;Rheinland-Pfalz;071435002259;Gemeinde
Gemünd;Gemeinde Gemünd;Landkreis Eifelkreis Bitburg-Prüm;Rheinland-Pfalz;072325005041;Gemeinde
Kopp;Gemeinde Kopp;Landkreis Vulkaneifel;Rheinland-Pfalz;072335006223;Gemeinde
Niederweis;Gemeinde Niederweis;Landkreis Eifelkreis Bitburg-Prüm;Rheinland-Pfalz;072325005093;Gemeinde
Nusbaum;Gemeinde Nusbaum;Landkreis Eifelkreis Bitburg-Prüm;Rheinland-Pfalz;072325005095;Gemeinde
Lübeck;Stadt Lübeck;Kreisfreie Stadt Lübeck;Schleswig-Holstein;010030000000;Stadt
Räbke;Gemeinde Räbke;Landkreis Helmstedt;Niedersachsen;031545403017;Gemeinde
Krempe;Stadt Krempe;Kreis Steinburg;Schleswig-Holstein;010615153055;Stadt
Freilingen;Gemeinde Freilingen;Landkreis Westerwaldkreis;Rheinland-Pfalz;071435007018;Gemeinde
Wartenberg-Rohrbach;Gemeinde Wartenberg-Rohrbach;Landkreis Donnersbergkreis;Rheinland-Pfalz;073335006080;Gemeinde
Oberzent;Stadt Oberzent;Landkreis Odenwaldkreis;Hessen;064370016016;Stadt
Trendelburg;Stadt Trendelburg;Landkreis Kassel;Hessen;066330025025;Stadt
Brenk;Gemeinde Brenk;Landkreis Ahrweiler;Rheinland-Pfalz;071315004201;Gemeinde
Erlenbach b.Marktheidenfeld;Gemeinde Erlenbach b.Marktheidenfeld;Landkreis Main-Spessart;Bayern;096775621125;Gemeinde
Wawern;Gemeinde Wawern;Landkreis Trier-Saarburg;Rheinland-Pfalz;072355003144;Gemeinde
Schwall;Gemeinde Schwall;Landkreis Rhein-Hunsrück-Kreis;Rheinland-Pfalz;071405009140;Gemeinde
Mertesdorf;Gemeinde Mertesdorf;Landkreis Trier-Saarburg;Rheinland-Pfalz;072355004085;Gemeinde
Möglingen;Gemeinde Möglingen;Landkreis Ludwigsburg;Baden-Württemberg;081180051051;Gemeinde
Herxheim am Berg;Gemeinde Herxheim am Berg;Landkreis Bad Dürkheim;Rheinland-Pfalz;073325002026;Gemeinde
Fleischwangen;Gemeinde Fleischwangen;Landkreis Ravensburg;Baden-Württemberg;084365001032;Gemeinde
Meyn;Gemeinde Meyn;Kreis Schleswig-Flensburg;Schleswig-Holstein;010595952144;Gemeinde
Sylt;Gemeinde Sylt;Kreis Nordfriesland;Schleswig-Holstein;010540168168;Gemeinde
Geschendorf;Gemeinde Geschendorf;Kreis Segeberg;Schleswig-Holstein;010605086024;Gemeinde
Gleichen;Gemeinde Gleichen;Landkreis Göttingen;Niedersachsen;031590015015;Gemeinde
Löchgau;Gemeinde Löchgau;Landkreis Ludwigsburg;Baden-Württemberg;081185001047;Gemeinde
Gummersbach;Stadt Gummersbach;Kreis Oberbergischer Kreis;Nordrhein-Westfalen;053740012012;Stadt
Ballrechten-Dottingen;Gemeinde Ballrechten-Dottingen;Landkreis Breisgau-Hochschwarzwald;Baden-Württemberg;083155006008;Gemeinde
Weinolsheim;Gemeinde Weinolsheim;Landkreis Mainz-Bingen;Rheinland-Pfalz;073395007064;Gemeinde
Walting;Gemeinde Walting;Landkreis Eichstätt;Bayern;091765115165;Gemeinde
Belrieth;Gemeinde Belrieth;Landkreis Schmalkalden-Meiningen;Thüringen;160665014005;Gemeinde
Mengkofen;Gemeinde Mengkofen;Landkreis Dingolfing-Landau;Bayern;092790127127;Gemeinde
Rauschwitz;Gemeinde Rauschwitz;Landkreis Saale-Holzland-Kreis;Thüringen;160745052073;Gemeinde
Bischofsheim i.d.Rhön;Stadt Bischofsheim i.d.Rhön;Landkreis Rhön-Grabfeld;Bayern;096730117117;Stadt
Dinkelscherben;Gemeinde Dinkelscherben;Landkreis Augsburg;Bayern;097720131131;Gemeinde
Zusmarshausen;Gemeinde Zusmarshausen;Landkreis Augsburg;Bayern;097720223223;Gemeinde
Meusebach;Gemeinde Meusebach;Landkreis Saale-Holzland-Kreis;Thüringen;160745007056;Gemeinde
Güstrow;Stadt Güstrow;Landkreis Rostock;Mecklenburg-Vorpommern;130720043043;Stadt
Saal;Gemeinde Saal;Landkreis Vorpommern-Rügen;Mecklenburg-Vorpommern;130735352077;Gemeinde
Lübz;Stadt Lübz;Landkreis Ludwigslust-Parchim;Mecklenburg-Vorpommern;130765655089;Stadt
Boxberg/O.L.;Gemeinde Boxberg/O.L.;Landkreis Görlitz;Sachsen;146260060060;Gemeinde
Wust-Fischbeck;Gemeinde Wust-Fischbeck;Landkreis Stendal;Sachsen-Anhalt;150905052631;Gemeinde
Schleusingen;Stadt Schleusingen;Landkreis Hildburghausen;Thüringen;160690043043;Stadt
Großbreitenbach;Stadt Großbreitenbach;Landkreis Ilm-Kreis;Thüringen;160700058058;Stadt
Lindewerra;Gemeinde Lindewerra;Landkreis Eichsfeld;Thüringen;160615008066;Gemeinde
Rüdenau;Gemeinde Rüdenau;Landkreis Miltenberg;Bayern;096765627153;Gemeinde
Gumtow;Gemeinde Gumtow;Landkreis Prignitz;Brandenburg;120700149149;Gemeinde
Grischow;Gemeinde Grischow;Landkreis Mecklenburgische Seenplatte;Mecklenburg-Vorpommern;130715163050;Gemeinde
Föritztal;Gemeinde Föritztal;Landkreis Sonneberg;Thüringen;160720024024;Gemeinde
Schloßböckelheim;Gemeinde Schloßböckelheim;Landkreis Bad Kreuznach;Rheinland-Pfalz;071335006089;Gemeinde
Neuenhaus;Stadt Neuenhaus;Landkreis Grafschaft Bentheim;Niedersachsen;034565402014;Stadt
Brühl;Stadt Brühl;Kreis Rhein-Erft-Kreis;Nordrhein-Westfalen;053620012012;Stadt
Breitenburg;Gemeinde Breitenburg;Kreis Steinburg;Schleswig-Holstein;010615104017;Gemeinde
Elskop;Gemeinde Elskop;Kreis Steinburg;Schleswig-Holstein;010615153026;Gemeinde
Sulzbach;Gemeinde Sulzbach;Landkreis Birkenfeld;Rheinland-Pfalz;071345005088;Gemeinde
Flammersfeld;Gemeinde Flammersfeld;Landkreis Altenkirchen (Westerwald);Rheinland-Pfalz;071325010032;Gemeinde
Wallmenroth;Gemeinde Wallmenroth;Landkreis Altenkirchen (Westerwald);Rheinland-Pfalz;071325009111;Gemeinde
Fiersbach;Gemeinde Fiersbach;Landkreis Altenkirchen (Westerwald);Rheinland-Pfalz;071325010031;Gemeinde
Mötzingen;Gemeinde Mötzingen;Landkreis Böblingen;Baden-Württemberg;081155005034;Gemeinde
Kaltenengers;Gemeinde Kaltenengers;Landkreis Mayen-Koblenz;Rheinland-Pfalz;071375008209;Gemeinde
Gärtringen;Gemeinde Gärtringen;Landkreis Böblingen;Baden-Württemberg;081155002015;Gemeinde
Köngen;Gemeinde Köngen;Landkreis Esslingen;Baden-Württemberg;081165009035;Gemeinde
Limburgerhof;Gemeinde Limburgerhof;Landkreis Rhein-Pfalz-Kreis;Rheinland-Pfalz;073380017017;Gemeinde
Rödersheim-Gronau;Gemeinde Rödersheim-Gronau;Landkreis Rhein-Pfalz-Kreis;Rheinland-Pfalz;073385001022;Gemeinde
Kleinsteinhausen;Gemeinde Kleinsteinhausen;Landkreis Südwestpfalz;Rheinland-Pfalz;073405008214;Gemeinde
Helgoland;Gemeinde Helgoland;Kreis Pinneberg;Schleswig-Holstein;010560025025;Gemeinde
Löptin;Gemeinde Löptin;Kreis Plön;Schleswig-Holstein;010575747047;Gemeinde
Hohenleuben;Stadt Hohenleuben;Landkreis Greiz;Thüringen;160765056029;Stadt
Flörsheim-Dalsheim;Gemeinde Flörsheim-Dalsheim;Landkreis Alzey-Worms;Rheinland-Pfalz;073315003023;Gemeinde
Hamm am Rhein;Gemeinde Hamm am Rhein;Landkreis Alzey-Worms;Rheinland-Pfalz;073315002038;Gemeinde
Seefeld;Gemeinde Seefeld;Kreis Rendsburg-Eckernförde;Schleswig-Holstein;010585895151;Gemeinde
Mörel;Gemeinde Mörel;Kreis Rendsburg-Eckernförde;Schleswig-Holstein;010585895106;Gemeinde
Tackesdorf;Gemeinde Tackesdorf;Kreis Rendsburg-Eckernförde;Schleswig-Holstein;010585895158;Gemeinde
Heiligkreuzsteinach;Gemeinde Heiligkreuzsteinach;Landkreis Rhein-Neckar-Kreis;Baden-Württemberg;082265007029;Gemeinde
Frankelbach;Gemeinde Frankelbach;Landkreis Kaiserslautern;Rheinland-Pfalz;073355010009;Gemeinde
Langstedt;Gemeinde Langstedt;Kreis Schleswig-Flensburg;Schleswig-Holstein;010595912138;Gemeinde
Schwanau;Gemeinde Schwanau;Landkreis Ortenaukreis;Baden-Württemberg;083175012150;Gemeinde
Wahlenau;Gemeinde Wahlenau;Landkreis Rhein-Hunsrück-Kreis;Rheinland-Pfalz;071405004159;Gemeinde
Holzappel;Gemeinde Holzappel;Landkreis Rhein-Lahn-Kreis;Rheinland-Pfalz;071415003059;Gemeinde
Mahlstetten;Gemeinde Mahlstetten;Landkreis Tuttlingen;Baden-Württemberg;083275004033;Gemeinde
Welchweiler;Gemeinde Welchweiler;Landkreis Kusel;Rheinland-Pfalz;073365010103;Gemeinde
Medard;Gemeinde Medard;Landkreis Kusel;Rheinland-Pfalz;073365008061;Gemeinde
Thalfang;Gemeinde Thalfang;Landkreis Bernkastel-Wittlich;Rheinland-Pfalz;072315006123;Gemeinde
Kapellen-Drusweiler;Gemeinde Kapellen-Drusweiler;Landkreis Südliche Weinstraße;Rheinland-Pfalz;073375002045;Gemeinde
Warlitz;Gemeinde Warlitz;Landkreis Ludwigslust-Parchim;Mecklenburg-Vorpommern;130765658145;Gemeinde
Heidenburg;Gemeinde Heidenburg;Landkreis Bernkastel-Wittlich;Rheinland-Pfalz;072315006204;Gemeinde
Minderlittgen;Gemeinde Minderlittgen;Landkreis Bernkastel-Wittlich;Rheinland-Pfalz;072315008085;Gemeinde
Ellenz-Poltersdorf;Gemeinde Ellenz-Poltersdorf;Landkreis Cochem-Zell;Rheinland-Pfalz;071355001025;Gemeinde
Bergen;Gemeinde Bergen;Landkreis Birkenfeld;Rheinland-Pfalz;071345005006;Gemeinde
Nachtsheim;Gemeinde Nachtsheim;Landkreis Mayen-Koblenz;Rheinland-Pfalz;071375003079;Gemeinde
Wimmelburg;Gemeinde Wimmelburg;Landkreis Mansfeld-Südharz;Sachsen-Anhalt;150875052470;Gemeinde
Broderstorf;Gemeinde Broderstorf;Landkreis Rostock;Mecklenburg-Vorpommern;130725253019;Gemeinde
Weißbach;Gemeinde Weißbach;Landkreis Saale-Holzland-Kreis;Thüringen;160745007108;Gemeinde
Bad Brambach;Gemeinde Bad Brambach;Landkreis Vogtlandkreis;Sachsen;145230030030;Gemeinde
Tensbüttel-Röst;Gemeinde Tensbüttel-Röst;Kreis Dithmarschen;Schleswig-Holstein;010515175138;Gemeinde
Haby;Gemeinde Haby;Kreis Rendsburg-Eckernförde;Schleswig-Holstein;010585890069;Gemeinde
Kirchanschöring;Gemeinde Kirchanschöring;Landkreis Traunstein;Bayern;091890127127;Gemeinde
Moos;Gemeinde Moos;Landkreis Deggendorf;Bayern;092715205135;Gemeinde
Bad Sülze;Stadt Bad Sülze;Landkreis Vorpommern-Rügen;Mecklenburg-Vorpommern;130735360007;Stadt
Lüssow;Gemeinde Lüssow;Landkreis Vorpommern-Rügen;Mecklenburg-Vorpommern;130735358054;Gemeinde
Klingenthal;Stadt Klingenthal;Landkreis Vogtlandkreis;Sachsen;145230160160;Stadt
Kirchehrenbach;Gemeinde Kirchehrenbach;Landkreis Forchheim;Bayern;094745423143;Gemeinde
Eglfing;Gemeinde Eglfing;Landkreis Weilheim-Schongau;Bayern;091905177121;Gemeinde
Iggensbach;Gemeinde Iggensbach;Landkreis Deggendorf;Bayern;092710127127;Gemeinde
Neukloster;Stadt Neukloster;Landkreis Nordwestmecklenburg;Mecklenburg-Vorpommern;130745457057;Stadt
Altwarp;Gemeinde Altwarp;Landkreis Vorpommern-Greifswald;Mecklenburg-Vorpommern;130755552003;Gemeinde
Mauther Forst;Gemeindefreies Gebiet Mauther Forst;Landkreis Freyung-Grafenau;Bayern;092729456456;Gemeindefreies Gebiet
Jarmen;Stadt Jarmen;Landkreis Vorpommern-Greifswald;Mecklenburg-Vorpommern;130755554054;Stadt
Wurmsham;Gemeinde Wurmsham;Landkreis Landshut;Bayern;092745227193;Gemeinde
Ruderting;Gemeinde Ruderting;Landkreis Passau;Bayern;092750144144;Gemeinde
Neuburg a.Inn;Gemeinde Neuburg a.Inn;Landkreis Passau;Bayern;092750133133;Gemeinde
Löcknitz;Gemeinde Löcknitz;Landkreis Vorpommern-Greifswald;Mecklenburg-Vorpommern;130755556079;Gemeinde
Bischofsmais;Gemeinde Bischofsmais;Landkreis Regen;Bayern;092760116116;Gemeinde
Viechtach;Stadt Viechtach;Landkreis Regen;Bayern;092760144144;Stadt
Reut;Gemeinde Reut;Landkreis Rottal-Inn;Bayern;092775243140;Gemeinde
Poppenricht;Gemeinde Poppenricht;Landkreis Amberg-Sulzbach;Bayern;093710144144;Gemeinde
Wallersdorf;Gemeinde Wallersdorf;Landkreis Dingolfing-Landau;Bayern;092790137137;Gemeinde
Klingenberg a.Main;Stadt Klingenberg a.Main;Landkreis Miltenberg;Bayern;096760134134;Stadt
Marklkofen;Gemeinde Marklkofen;Landkreis Dingolfing-Landau;Bayern;092790126126;Gemeinde
Lohberg;Gemeinde Lohberg;Landkreis Cham;Bayern;093720178178;Gemeinde
Störnstein;Gemeinde Störnstein;Landkreis Neustadt a.d.Waldnaab;Bayern;093745323158;Gemeinde
Luhe-Wildenau;Gemeinde Luhe-Wildenau;Landkreis Neustadt a.d.Waldnaab;Bayern;093740133133;Gemeinde
Mintraching;Gemeinde Mintraching;Landkreis Regensburg;Bayern;093750170170;Gemeinde
Obertraubling;Gemeinde Obertraubling;Landkreis Regensburg;Bayern;093750179179;Gemeinde
Wenzenbach;Gemeinde Wenzenbach;Landkreis Regensburg;Bayern;093750208208;Gemeinde
Holzheim a.Forst;Gemeinde Holzheim a.Forst;Landkreis Regensburg;Bayern;093755332153;Gemeinde
Kallmünz;Gemeinde Kallmünz;Landkreis Regensburg;Bayern;093755332156;Gemeinde
Schmidgaden;Gemeinde Schmidgaden;Landkreis Schwandorf;Bayern;093760159159;Gemeinde
Pechbrunn;Gemeinde Pechbrunn;Landkreis Tirschenreuth;Bayern;093775347145;Gemeinde
Amtsberg;Gemeinde Amtsberg;Landkreis Erzgebirgskreis;Sachsen;145210010010;Gemeinde
Lindach;Gemeindefreies Gebiet Lindach;Landkreis Bamberg;Bayern;094719457457;Gemeindefreies Gebiet
Granzin;Gemeinde Granzin;Landkreis Ludwigslust-Parchim;Mecklenburg-Vorpommern;130765655051;Gemeinde
Brunow;Gemeinde Brunow;Landkreis Ludwigslust-Parchim;Mecklenburg-Vorpommern;130765657021;Gemeinde
Bresegard bei Eldena;Gemeinde Bresegard bei Eldena;Landkreis Ludwigslust-Parchim;Mecklenburg-Vorpommern;130765659018;Gemeinde
Hohenbrunn;Gemeinde Hohenbrunn;Landkreis München;Bayern;091840129129;Gemeinde
Zorneding;Gemeinde Zorneding;Landkreis Ebersberg;Bayern;091750139139;Gemeinde
Krombach;Gemeinde Krombach;Landkreis Eichsfeld;Thüringen;160615014062;Gemeinde
Schlehdorf;Gemeinde Schlehdorf;Landkreis Bad Tölz-Wolfratshausen;Bayern;091735108142;Gemeinde
Jemgum;Gemeinde Jemgum;Landkreis Leer;Niedersachsen;034570012012;Gemeinde
Hennweiler;Gemeinde Hennweiler;Landkreis Bad Kreuznach;Rheinland-Pfalz;071335009043;Gemeinde
Engden;Gemeinde Engden;Landkreis Grafschaft Bentheim;Niedersachsen;034565403003;Gemeinde
Desloch;Gemeinde Desloch;Landkreis Bad Kreuznach;Rheinland-Pfalz;071335010024;Gemeinde
Meddersheim;Gemeinde Meddersheim;Landkreis Bad Kreuznach;Rheinland-Pfalz;071335010064;Gemeinde
Nenndorf;Gemeinde Nenndorf;Landkreis Wittmund;Niedersachsen;034625402009;Gemeinde
Roßbach;Gemeinde Roßbach;Landkreis Neuwied;Rheinland-Pfalz;071385009065;Gemeinde
Stedesdorf;Gemeinde Stedesdorf;Landkreis Wittmund;Niedersachsen;034625401015;Gemeinde
Möhnsen;Gemeinde Möhnsen;Kreis Herzogtum Lauenburg;Schleswig-Holstein;010535373089;Gemeinde
Velbert;Stadt Velbert;Kreis Mettmann;Nordrhein-Westfalen;051580032032;Stadt
Lichtentanne;Gemeinde Lichtentanne;Landkreis Zwickau;Sachsen;145240170170;Gemeinde
Salz;Gemeinde Salz;Landkreis Westerwaldkreis;Rheinland-Pfalz;071435008290;Gemeinde
Selfkant;Gemeinde Selfkant;Kreis Heinsberg;Nordrhein-Westfalen;053700024024;Gemeinde
Hückeswagen;Stadt Hückeswagen;Kreis Oberbergischer Kreis;Nordrhein-Westfalen;053740016016;Stadt
Waldlaubersheim;Gemeinde Waldlaubersheim;Landkreis Bad Kreuznach;Rheinland-Pfalz;071335011108;Gemeinde
Bad Honnef;Stadt Bad Honnef;Kreis Rhein-Sieg-Kreis;Nordrhein-Westfalen;053820008008;Stadt
Lotte;Gemeinde Lotte;Kreis Steinfurt;Nordrhein-Westfalen;055660048048;Gemeinde
Everswinkel;Gemeinde Everswinkel;Kreis Warendorf;Nordrhein-Westfalen;055700024024;Gemeinde
Siershahn;Gemeinde Siershahn;Landkreis Westerwaldkreis;Rheinland-Pfalz;071435010070;Gemeinde
Ostbevern;Gemeinde Ostbevern;Kreis Warendorf;Nordrhein-Westfalen;055700032032;Gemeinde
Kirchlengern;Gemeinde Kirchlengern;Kreis Herford;Nordrhein-Westfalen;057580020020;Gemeinde
Rödinghausen;Gemeinde Rödinghausen;Kreis Herford;Nordrhein-Westfalen;057580028028;Gemeinde
Ebrach;Gemeinde Ebrach;Landkreis Bamberg;Bayern;094715407128;Gemeinde
Sellerich;Gemeinde Sellerich;Landkreis Eifelkreis Bitburg-Prüm;Rheinland-Pfalz;072325006308;Gemeinde
Bad Driburg;Stadt Bad Driburg;Kreis Höxter;Nordrhein-Westfalen;057620004004;Stadt
Blomberg;Stadt Blomberg;Kreis Lippe;Nordrhein-Westfalen;057660016016;Stadt
Mistelgau;Gemeinde Mistelgau;Landkreis Bayreuth;Bayern;094725413167;Gemeinde
Detmold;Stadt Detmold;Kreis Lippe;Nordrhein-Westfalen;057660020020;Stadt
Grub a.Forst;Gemeinde Grub a.Forst;Landkreis Coburg;Bayern;094735418134;Gemeinde
Eggolsheim;Gemeinde Eggolsheim;Landkreis Forchheim;Bayern;094740123123;Gemeinde
Staßfurt;Stadt Staßfurt;Landkreis Salzlandkreis;Sachsen-Anhalt;150890310310;Stadt
Benndorf;Gemeinde Benndorf;Landkreis Mansfeld-Südharz;Sachsen-Anhalt;150875052045;Gemeinde
Igensdorf;Gemeinde Igensdorf;Landkreis Forchheim;Bayern;094740140140;Gemeinde
Unterleinleiter;Gemeinde Unterleinleiter;Landkreis Forchheim;Bayern;094745420168;Gemeinde
Weißenohe;Gemeinde Weißenohe;Landkreis Forchheim;Bayern;094745427173;Gemeinde
Steineberg;Gemeinde Steineberg;Landkreis Vulkaneifel;Rheinland-Pfalz;072335001067;Gemeinde
Bestwig;Gemeinde Bestwig;Kreis Hochsauerlandkreis;Nordrhein-Westfalen;059580008008;Gemeinde
Bensheim;Stadt Bensheim;Landkreis Bergstraße;Hessen;064310002002;Stadt
Marsberg;Stadt Marsberg;Kreis Hochsauerlandkreis;Nordrhein-Westfalen;059580024024;Stadt
Arbach;Gemeinde Arbach;Landkreis Vulkaneifel;Rheinland-Pfalz;072335004201;Gemeinde
Hörschhausen;Gemeinde Hörschhausen;Landkreis Vulkaneifel;Rheinland-Pfalz;072335004032;Gemeinde
Arft;Gemeinde Arft;Landkreis Mayen-Koblenz;Rheinland-Pfalz;071375003006;Gemeinde
Schiersfeld;Gemeinde Schiersfeld;Landkreis Donnersbergkreis;Rheinland-Pfalz;073335007067;Gemeinde
Roßdorf;Gemeinde Roßdorf;Landkreis Darmstadt-Dieburg;Hessen;064320020020;Gemeinde
Steinbach (Taunus);Stadt Steinbach (Taunus);Landkreis Hochtaunuskreis;Hessen;064340010010;Stadt
Welcherath;Gemeinde Welcherath;Landkreis Vulkaneifel;Rheinland-Pfalz;072335004244;Gemeinde
Dohm-Lammersdorf;Gemeinde Dohm-Lammersdorf;Landkreis Vulkaneifel;Rheinland-Pfalz;072335006019;Gemeinde
Freudenberg;Stadt Freudenberg;Kreis Siegen-Wittgenstein;Nordrhein-Westfalen;059700016016;Stadt
Rüthen;Stadt Rüthen;Kreis Soest;Nordrhein-Westfalen;059740036036;Stadt
Gunderath;Gemeinde Gunderath;Landkreis Vulkaneifel;Rheinland-Pfalz;072335004213;Gemeinde
Gedern;Stadt Gedern;Landkreis Wetteraukreis;Hessen;064400009009;Stadt
Homberg (Ohm);Stadt Homberg (Ohm);Landkreis Vogelsbergkreis;Hessen;065350009009;Stadt
Breuberg;Stadt Breuberg;Landkreis Odenwaldkreis;Hessen;064370004004;Stadt
Hünstetten;Gemeinde Hünstetten;Landkreis Rheingau-Taunus-Kreis;Hessen;064390007007;Gemeinde
Bischoffen;Gemeinde Bischoffen;Landkreis Lahn-Dill-Kreis;Hessen;065320002002;Gemeinde
Lollar;Stadt Lollar;Landkreis Gießen;Hessen;065310013013;Stadt
Hünfelden;Gemeinde Hünfelden;Landkreis Limburg-Weilburg;Hessen;065330008008;Gemeinde
Beselich;Gemeinde Beselich;Landkreis Limburg-Weilburg;Hessen;065330001001;Gemeinde
Friesenheim;Gemeinde Friesenheim;Landkreis Mainz-Bingen;Rheinland-Pfalz;073395007018;Gemeinde
Rauschenberg;Stadt Rauschenberg;Landkreis Marburg-Biedenkopf;Hessen;065340017017;Stadt
Lautertal (Vogelsberg);Gemeinde Lautertal (Vogelsberg);Landkreis Vogelsbergkreis;Hessen;065350012012;Gemeinde
Undenheim;Gemeinde Undenheim;Landkreis Mainz-Bingen;Rheinland-Pfalz;073395007060;Gemeinde
Ehrenkirchen;Gemeinde Ehrenkirchen;Landkreis Breisgau-Hochschwarzwald;Baden-Württemberg;083155004131;Gemeinde
Rollwitz;Gemeinde Rollwitz;Landkreis Vorpommern-Greifswald;Mecklenburg-Vorpommern;130755560115;Gemeinde
Niestetal;Gemeinde Niestetal;Landkreis Kassel;Hessen;066330020020;Gemeinde
Trebgast;Gemeinde Trebgast;Landkreis Kulmbach;Bayern;094775439158;Gemeinde
Michelau i.OFr.;Gemeinde Michelau i.OFr.;Landkreis Lichtenfels;Bayern;094780145145;Gemeinde
Kirchdorf a.d.Amper;Gemeinde Kirchdorf a.d.Amper;Landkreis Freising;Bayern;091780136136;Gemeinde
Tröstauer Forst-West;Gemeindefreies Gebiet Tröstauer Forst-West;Landkreis Wunsiedel i.Fichtelgebirge;Bayern;094799460460;Gemeindefreies Gebiet
Finsing;Gemeinde Finsing;Landkreis Erding;Bayern;091770118118;Gemeinde
Kirchberg;Gemeinde Kirchberg;Landkreis Erding;Bayern;091775125124;Gemeinde
Wolframs-Eschenbach;Stadt Wolframs-Eschenbach;Landkreis Ansbach;Bayern;095715538229;Stadt
Starkenberg;Gemeinde Starkenberg;Landkreis Altenburger Land;Thüringen;160775005044;Gemeinde
Heukewalde;Gemeinde Heukewalde;Landkreis Altenburger Land;Thüringen;160775009016;Gemeinde
Neunkirchen;Stadt Neunkirchen;Landkreis Neunkirchen;Saarland;100430114114;Stadt
Putzbrunn;Gemeinde Putzbrunn;Landkreis München;Bayern;091840140140;Gemeinde
Türkenfeld;Gemeinde Türkenfeld;Landkreis Fürstenfeldbruck;Bayern;091790149149;Gemeinde
Kaufering;Gemeinde Kaufering;Landkreis Landsberg am Lech;Bayern;091810128128;Gemeinde
Labenz;Gemeinde Labenz;Kreis Herzogtum Lauenburg;Schleswig-Holstein;010535391079;Gemeinde
Ruhla;Stadt Ruhla;Landkreis Wartburgkreis;Thüringen;160635057066;Stadt
Harth-Pöllnitz;Gemeinde Harth-Pöllnitz;Landkreis Greiz;Thüringen;160760088088;Gemeinde
Ebeleben;Stadt Ebeleben;Landkreis Kyffhäuserkreis;Thüringen;160655052014;Stadt
Nazza;Gemeinde Nazza;Landkreis Wartburgkreis;Thüringen;160635006058;Gemeinde
Breitungen/Werra;Gemeinde Breitungen/Werra;Landkreis Schmalkalden-Meiningen;Thüringen;160665051013;Gemeinde
Nottleben;Gemeinde Nottleben;Landkreis Gotha;Thüringen;160675007052;Gemeinde
Kleinmölsen;Gemeinde Kleinmölsen;Landkreis Sömmerda;Thüringen;160685012032;Gemeinde
Hildburghausen;Stadt Hildburghausen;Landkreis Hildburghausen;Thüringen;160690024024;Stadt
Eldetal;Gemeinde Eldetal;Landkreis Mecklenburgische Seenplatte;Mecklenburg-Vorpommern;130715159175;Gemeinde
Ummerstadt;Stadt Ummerstadt;Landkreis Hildburghausen;Thüringen;160695004052;Stadt
Burgen;Gemeinde Burgen;Landkreis Bernkastel-Wittlich;Rheinland-Pfalz;072315001016;Gemeinde
Neunkirchen;Gemeinde Neunkirchen;Landkreis Bernkastel-Wittlich;Rheinland-Pfalz;072315006093;Gemeinde
Hilscheid;Gemeinde Hilscheid;Landkreis Bernkastel-Wittlich;Rheinland-Pfalz;072315006054;Gemeinde
Meerfeld;Gemeinde Meerfeld;Landkreis Bernkastel-Wittlich;Rheinland-Pfalz;072315008082;Gemeinde
Bucha;Gemeinde Bucha;Landkreis Saale-Holzland-Kreis;Thüringen;160745011008;Gemeinde
Bürgel;Stadt Bürgel;Landkreis Saale-Holzland-Kreis;Thüringen;160745051009;Stadt
Moßbach;Gemeinde Moßbach;Landkreis Saale-Orla-Kreis;Thüringen;160755004068;Gemeinde
Jamlitz;Gemeinde Jamlitz;Landkreis Dahme-Spreewald;Brandenburg;120615113224;Gemeinde
Heideland;Gemeinde Heideland;Landkreis Elbe-Elster;Brandenburg;120625202219;Gemeinde
Gröden;Gemeinde Gröden;Landkreis Elbe-Elster;Brandenburg;120625211196;Gemeinde
Schönermark;Gemeinde Schönermark;Landkreis Oberhavel;Brandenburg;120655502276;Gemeinde
Neu-Seeland;Gemeinde Neu-Seeland;Landkreis Oberspreewald-Lausitz;Brandenburg;120665601226;Gemeinde
Hörsten;Gemeinde Hörsten;Kreis Rendsburg-Eckernförde;Schleswig-Holstein;010585853075;Gemeinde
Hohn;Gemeinde Hohn;Kreis Rendsburg-Eckernförde;Schleswig-Holstein;010585847078;Gemeinde
Jettenbach;Gemeinde Jettenbach;Landkreis Mühldorf a.Inn;Bayern;091835148122;Gemeinde
Pogeez;Gemeinde Pogeez;Kreis Herzogtum Lauenburg;Schleswig-Holstein;010535358098;Gemeinde
Dätgen;Gemeinde Dätgen;Kreis Rendsburg-Eckernförde;Schleswig-Holstein;010585864038;Gemeinde
Wusterhausen/Dosse;Gemeinde Wusterhausen/Dosse;Landkreis Ostprignitz-Ruppin;Brandenburg;120680477477;Gemeinde
Königsfeld;Gemeinde Königsfeld;Landkreis Mittelsachsen;Sachsen;145225126280;Gemeinde
Görzke;Gemeinde Görzke;Landkreis Potsdam-Mittelmark;Brandenburg;120695918224;Gemeinde
Rausdorf;Gemeinde Rausdorf;Landkreis Saale-Holzland-Kreis;Thüringen;160745007074;Gemeinde
Kolkwitz;Gemeinde Kolkwitz;Landkreis Spree-Neiße;Brandenburg;120710244244;Gemeinde
Berge;Gemeinde Berge;Landkreis Prignitz;Brandenburg;120705009028;Gemeinde
Guben;Stadt Guben;Landkreis Spree-Neiße;Brandenburg;120710160160;Stadt
Kümmernitztal;Gemeinde Kümmernitztal;Landkreis Prignitz;Brandenburg;120705006222;Gemeinde
Jämlitz-Klein Düben;Gemeinde Jämlitz-Klein Düben;Landkreis Spree-Neiße;Brandenburg;120715102189;Gemeinde
Neiße-Malxetal;Gemeinde Neiße-Malxetal;Landkreis Spree-Neiße;Brandenburg;120715102294;Gemeinde
Großbottwar;Stadt Großbottwar;Landkreis Ludwigsburg;Baden-Württemberg;081180021021;Stadt
Enkenbach-Alsenborn;Gemeinde Enkenbach-Alsenborn;Landkreis Kaiserslautern;Rheinland-Pfalz;073355002004;Gemeinde
Birkenhördt;Gemeinde Birkenhördt;Landkreis Südliche Weinstraße;Rheinland-Pfalz;073375002008;Gemeinde
Edenkoben;Stadt Edenkoben;Landkreis Südliche Weinstraße;Rheinland-Pfalz;073375003020;Stadt
Koxhausen;Gemeinde Koxhausen;Landkreis Eifelkreis Bitburg-Prüm;Rheinland-Pfalz;072325005068;Gemeinde
Lahr;Gemeinde Lahr;Landkreis Eifelkreis Bitburg-Prüm;Rheinland-Pfalz;072325005072;Gemeinde
Hermeskeil;Stadt Hermeskeil;Landkreis Trier-Saarburg;Rheinland-Pfalz;072355001045;Stadt
Frankenthal (Pfalz);Stadt Frankenthal (Pfalz);Kreisfreie Stadt Frankenthal (Pfalz);Rheinland-Pfalz;073110000000;Stadt
Wolken;Gemeinde Wolken;Landkreis Mayen-Koblenz;Rheinland-Pfalz;071375009231;Gemeinde
Lindau;Gemeinde Lindau;Kreis Rendsburg-Eckernförde;Schleswig-Holstein;010585824096;Gemeinde
Probsteierhagen;Gemeinde Probsteierhagen;Kreis Plön;Schleswig-Holstein;010575755063;Gemeinde
Westensee;Gemeinde Westensee;Kreis Rendsburg-Eckernförde;Schleswig-Holstein;010585803171;Gemeinde
Meggerdorf;Gemeinde Meggerdorf;Kreis Schleswig-Flensburg;Schleswig-Holstein;010595996058;Gemeinde
Arnis;Stadt Arnis;Kreis Schleswig-Flensburg;Schleswig-Holstein;010595920002;Stadt
Dollerup;Gemeinde Dollerup;Kreis Schleswig-Flensburg;Schleswig-Holstein;010595937106;Gemeinde
Langballig;Gemeinde Langballig;Kreis Schleswig-Flensburg;Schleswig-Holstein;010595937137;Gemeinde
Norderbrarup;Gemeinde Norderbrarup;Kreis Schleswig-Flensburg;Schleswig-Holstein;010595974063;Gemeinde
Kundert;Gemeinde Kundert;Landkreis Westerwaldkreis;Rheinland-Pfalz;071435002252;Gemeinde
Steinberg;Gemeinde Steinberg;Kreis Schleswig-Flensburg;Schleswig-Holstein;010595990164;Gemeinde
Mönkhagen;Gemeinde Mönkhagen;Kreis Stormarn;Schleswig-Holstein;010625244048;Gemeinde
Latendorf;Gemeinde Latendorf;Kreis Segeberg;Schleswig-Holstein;010605063052;Gemeinde
Schackendorf;Gemeinde Schackendorf;Kreis Segeberg;Schleswig-Holstein;010605086070;Gemeinde
Denkte;Gemeinde Denkte;Landkreis Wolfenbüttel;Niedersachsen;031585407008;Gemeinde
Wanna;Gemeinde Wanna;Landkreis Cuxhaven;Niedersachsen;033525411055;Gemeinde
Fresendelf;Gemeinde Fresendelf;Kreis Nordfriesland;Schleswig-Holstein;010545492032;Gemeinde
Obernholz;Gemeinde Obernholz;Landkreis Gifhorn;Niedersachsen;031515403019;Gemeinde
Erbes-Büdesheim;Gemeinde Erbes-Büdesheim;Landkreis Alzey-Worms;Rheinland-Pfalz;073315001021;Gemeinde
Bad Bramstedt;Stadt Bad Bramstedt;Kreis Segeberg;Schleswig-Holstein;010600004004;Stadt
Olderup;Gemeinde Olderup;Kreis Nordfriesland;Schleswig-Holstein;010545492097;Gemeinde
Bergen;Stadt Bergen;Landkreis Celle;Niedersachsen;033510004004;Stadt
Hüde;Gemeinde Hüde;Landkreis Diepholz;Niedersachsen;032515401020;Gemeinde
Martfeld;Gemeinde Martfeld;Landkreis Diepholz;Niedersachsen;032515403026;Gemeinde
Dunum;Gemeinde Dunum;Landkreis Wittmund;Niedersachsen;034625401002;Gemeinde
Drentwede;Gemeinde Drentwede;Landkreis Diepholz;Niedersachsen;032515402014;Gemeinde
Mellinghausen;Gemeinde Mellinghausen;Landkreis Diepholz;Niedersachsen;032515407027;Gemeinde
Varrel;Gemeinde Varrel;Landkreis Diepholz;Niedersachsen;032515404043;Gemeinde
Sosberg;Gemeinde Sosberg;Landkreis Cochem-Zell;Rheinland-Pfalz;071355005080;Gemeinde
Stöckse;Gemeinde Stöckse;Landkreis Nienburg (Weser);Niedersachsen;032565407031;Gemeinde
Kiefersfelden;Gemeinde Kiefersfelden;Landkreis Rosenheim;Bayern;091870148148;Gemeinde
Donnersdorf;Gemeinde Donnersdorf;Landkreis Schweinfurt;Bayern;096785642124;Gemeinde
Neuendorf;Gemeinde Neuendorf;Landkreis Main-Spessart;Bayern;096775624164;Gemeinde
Gräfendorf;Gemeinde Gräfendorf;Landkreis Main-Spessart;Bayern;096775623133;Gemeinde
Eisingen;Gemeinde Eisingen;Landkreis Würzburg;Bayern;096790126126;Gemeinde
Sulzheim;Gemeinde Sulzheim;Landkreis Schweinfurt;Bayern;096785642183;Gemeinde
Gochsheim;Gemeinde Gochsheim;Landkreis Schweinfurt;Bayern;096780135135;Gemeinde
Münsterappel;Gemeinde Münsterappel;Landkreis Donnersbergkreis;Rheinland-Pfalz;073335007049;Gemeinde
Sielenbach;Gemeinde Sielenbach;Landkreis Aichach-Friedberg;Bayern;097715704165;Gemeinde
Dannenberg (Elbe);Stadt Dannenberg (Elbe);Landkreis Lüchow-Dannenberg;Niedersachsen;033545406004;Stadt
Spesenroth;Gemeinde Spesenroth;Landkreis Rhein-Hunsrück-Kreis;Rheinland-Pfalz;071405003147;Gemeinde
Südergellersen;Gemeinde Südergellersen;Landkreis Lüneburg;Niedersachsen;033555404035;Gemeinde
Villenbach;Gemeinde Villenbach;Landkreis Dillingen a.d.Donau;Bayern;097735718179;Gemeinde
Kammeltal;Gemeinde Kammeltal;Landkreis Günzburg;Bayern;097740145145;Gemeinde
Breitenthal;Gemeinde Breitenthal;Landkreis Günzburg;Bayern;097745731117;Gemeinde
Thannhausen;Stadt Thannhausen;Landkreis Günzburg;Bayern;097745732185;Stadt
Neu-Ulm;Stadt Neu-Ulm;Landkreis Neu-Ulm;Bayern;097750135135;Stadt
Damendorf;Gemeinde Damendorf;Kreis Rendsburg-Eckernförde;Schleswig-Holstein;010585890039;Gemeinde
Dollern;Gemeinde Dollern;Landkreis Stade;Niedersachsen;033595405012;Gemeinde
Wischhafen;Gemeinde Wischhafen;Landkreis Stade;Niedersachsen;033595407040;Gemeinde
Ilbesheim;Gemeinde Ilbesheim;Landkreis Donnersbergkreis;Rheinland-Pfalz;073335004031;Gemeinde
Widdern;Stadt Widdern;Landkreis Heilbronn;Baden-Württemberg;081255007103;Stadt
Schwaigern;Stadt Schwaigern;Landkreis Heilbronn;Baden-Württemberg;081255013086;Stadt
Hepstedt;Gemeinde Hepstedt;Landkreis Rotenburg (Wümme);Niedersachsen;033575407026;Gemeinde
Neukirch/Lausitz;Gemeinde Neukirch/Lausitz;Landkreis Bautzen;Sachsen;146250380380;Gemeinde
Weißenberg;Stadt Weißenberg;Landkreis Bautzen;Sachsen;146250610610;Stadt
Neukirch;Gemeinde Neukirch;Landkreis Bautzen;Sachsen;146255218370;Gemeinde
Neusalza-Spremberg;Stadt Neusalza-Spremberg;Landkreis Görlitz;Sachsen;146265224350;Stadt
Külsheim;Stadt Külsheim;Landkreis Main-Tauber-Kreis;Baden-Württemberg;081280064064;Stadt
Beilrode;Gemeinde Beilrode;Landkreis Nordsachsen;Sachsen;147305302030;Gemeinde
Beetzendorf;Gemeinde Beetzendorf;Landkreis Altmarkkreis Salzwedel;Sachsen-Anhalt;150815051045;Gemeinde
Bühlerzell;Gemeinde Bühlerzell;Landkreis Schwäbisch Hall;Baden-Württemberg;081275007013;Gemeinde
Rosengarten;Gemeinde Rosengarten;Landkreis Schwäbisch Hall;Baden-Württemberg;081275009100;Gemeinde
Assamstadt;Gemeinde Assamstadt;Landkreis Main-Tauber-Kreis;Baden-Württemberg;081285001006;Gemeinde
Neukieritzsch;Gemeinde Neukieritzsch;Landkreis Leipzig;Sachsen;147290320320;Gemeinde
Adelsheim;Stadt Adelsheim;Landkreis Neckar-Odenwald-Kreis;Baden-Württemberg;082255009001;Stadt
Wolfach;Stadt Wolfach;Landkreis Ortenaukreis;Baden-Württemberg;083175013145;Stadt
Riegel am Kaiserstuhl;Gemeinde Riegel am Kaiserstuhl;Landkreis Emmendingen;Baden-Württemberg;083165005037;Gemeinde
Bad Krozingen;Stadt Bad Krozingen;Landkreis Breisgau-Hochschwarzwald;Baden-Württemberg;083155001006;Stadt
Haslach im Kinzigtal;Stadt Haslach im Kinzigtal;Landkreis Ortenaukreis;Baden-Württemberg;083175004040;Stadt
Bütow;Gemeinde Bütow;Landkreis Mecklenburgische Seenplatte;Mecklenburg-Vorpommern;130715159023;Gemeinde
Kaltental;Gemeinde Kaltental;Landkreis Ostallgäu;Bayern;097775751141;Gemeinde
Kriesow;Gemeinde Kriesow;Landkreis Mecklenburgische Seenplatte;Mecklenburg-Vorpommern;130715163081;Gemeinde
Schonach im Schwarzwald;Gemeinde Schonach im Schwarzwald;Landkreis Schwarzwald-Baar-Kreis;Baden-Württemberg;083265003055;Gemeinde
Büsingen am Hochrhein;Gemeinde Büsingen am Hochrhein;Landkreis Konstanz;Baden-Württemberg;083355002015;Gemeinde
Eigeltingen;Gemeinde Eigeltingen;Landkreis Konstanz;Baden-Württemberg;083355006021;Gemeinde
Grünow;Gemeinde Grünow;Landkreis Uckermark;Brandenburg;120735306261;Gemeinde
Efringen-Kirchen;Gemeinde Efringen-Kirchen;Landkreis Lörrach;Baden-Württemberg;083360014014;Gemeinde
Fröhnd;Gemeinde Fröhnd;Landkreis Lörrach;Baden-Württemberg;083365006025;Gemeinde
Fischingen;Gemeinde Fischingen;Landkreis Lörrach;Baden-Württemberg;083365008024;Gemeinde
Neukirchen;Gemeinde Neukirchen;Landkreis Straubing-Bogen;Bayern;092785249154;Gemeinde
Trollenhagen;Gemeinde Trollenhagen;Landkreis Mecklenburgische Seenplatte;Mecklenburg-Vorpommern;130715157145;Gemeinde
Dachsberg (Südschwarzwald);Gemeinde Dachsberg (Südschwarzwald);Landkreis Waldshut;Baden-Württemberg;083375006027;Gemeinde
Ibach;Gemeinde Ibach;Landkreis Waldshut;Baden-Württemberg;083375006059;Gemeinde
Zislow;Gemeinde Zislow;Landkreis Mecklenburgische Seenplatte;Mecklenburg-Vorpommern;130715154171;Gemeinde
Blumenholz;Gemeinde Blumenholz;Landkreis Mecklenburgische Seenplatte;Mecklenburg-Vorpommern;130715156012;Gemeinde
Brunn;Gemeinde Brunn;Landkreis Mecklenburgische Seenplatte;Mecklenburg-Vorpommern;130715157019;Gemeinde
Otting;Gemeinde Otting;Landkreis Donau-Ries;Bayern;097795723198;Gemeinde
Carpin;Gemeinde Carpin;Landkreis Mecklenburgische Seenplatte;Mecklenburg-Vorpommern;130715156025;Gemeinde
Bitz;Gemeinde Bitz;Landkreis Zollernalbkreis;Baden-Württemberg;084175001010;Gemeinde
Blaustein;Stadt Blaustein;Landkreis Alb-Donau-Kreis;Baden-Württemberg;084250141141;Stadt
Illerrieden;Gemeinde Illerrieden;Landkreis Alb-Donau-Kreis;Baden-Württemberg;084255003066;Gemeinde
Alleshausen;Gemeinde Alleshausen;Landkreis Biberach;Baden-Württemberg;084265001005;Gemeinde
Markdorf;Stadt Markdorf;Landkreis Bodenseekreis;Baden-Württemberg;084355003034;Stadt
Wolpertswende;Gemeinde Wolpertswende;Landkreis Ravensburg;Baden-Württemberg;084365009087;Gemeinde
Bergatreute;Gemeinde Bergatreute;Landkreis Ravensburg;Baden-Württemberg;084365002014;Gemeinde
Freilassing;Stadt Freilassing;Landkreis Berchtesgadener Land;Bayern;091720118118;Stadt
Haiming;Gemeinde Haiming;Landkreis Altötting;Bayern;091710118118;Gemeinde
Töging a.Inn;Stadt Töging a.Inn;Landkreis Altötting;Bayern;091710132132;Stadt
Eck;Gemeindefreies Gebiet Eck;Landkreis Berchtesgadener Land;Bayern;091729452452;Gemeindefreies Gebiet
Baltrum;Gemeinde Baltrum;Landkreis Aurich;Niedersachsen;034520002002;Gemeinde
Hackenheim;Gemeinde Hackenheim;Landkreis Bad Kreuznach;Rheinland-Pfalz;071335001037;Gemeinde
Lastrup;Gemeinde Lastrup;Landkreis Cloppenburg;Niedersachsen;034530009009;Gemeinde
Berod bei Hachenburg;Gemeinde Berod bei Hachenburg;Landkreis Altenkirchen (Westerwald);Rheinland-Pfalz;071325010201;Gemeinde
Donauwörth;Stadt Donauwörth;Landkreis Donau-Ries;Bayern;097790131131;Stadt
Lengenwang;Gemeinde Lengenwang;Landkreis Ostallgäu;Bayern;097775756149;Gemeinde
Chiemsee (See);Gemeindefreies Gebiet Chiemsee (See);Landkreis Traunstein;Bayern;091899451451;Gemeindefreies Gebiet
Heilshoop;Gemeinde Heilshoop;Kreis Stormarn;Schleswig-Holstein;010625244032;Gemeinde
Winterhausen;Gemeinde Winterhausen;Landkreis Würzburg;Bayern;096795646206;Gemeinde
Neroth;Gemeinde Neroth;Landkreis Vulkaneifel;Rheinland-Pfalz;072335006050;Gemeinde
Steinebach an der Wied;Gemeinde Steinebach an der Wied;Landkreis Westerwaldkreis;Rheinland-Pfalz;071435002294;Gemeinde
Bettingen;Gemeinde Bettingen;Landkreis Eifelkreis Bitburg-Prüm;Rheinland-Pfalz;072325008013;Gemeinde
Warberg;Gemeinde Warberg;Landkreis Helmstedt;Niedersachsen;031545403025;Gemeinde
Tensfeld;Gemeinde Tensfeld;Kreis Segeberg;Schleswig-Holstein;010605024087;Gemeinde
Brunsleberfeld;Gemeindefreies Gebiet Brunsleberfeld;Landkreis Helmstedt;Niedersachsen;031549501501;Gemeindefreies Gebiet
Niehl;Gemeinde Niehl;Landkreis Eifelkreis Bitburg-Prüm;Rheinland-Pfalz;072325005094;Gemeinde
Niersbach;Gemeinde Niersbach;Landkreis Bernkastel-Wittlich;Rheinland-Pfalz;072315008504;Gemeinde
Heiningen;Gemeinde Heiningen;Landkreis Wolfenbüttel;Niedersachsen;031585403019;Gemeinde
Ditfurt;Gemeinde Ditfurt;Landkreis Harz;Sachsen-Anhalt;150855051090;Gemeinde
Börßum;Gemeinde Börßum;Landkreis Wolfenbüttel;Niedersachsen;031585403038;Gemeinde
Hattstedt;Gemeinde Hattstedt;Kreis Nordfriesland;Schleswig-Holstein;010545492042;Gemeinde
Landscheide;Gemeinde Landscheide;Kreis Steinburg;Schleswig-Holstein;010615179063;Gemeinde
Querenhorst;Gemeinde Querenhorst;Landkreis Helmstedt;Niedersachsen;031545401016;Gemeinde
Kyllburg;Stadt Kyllburg;Landkreis Eifelkreis Bitburg-Prüm;Rheinland-Pfalz;072325008070;Stadt
Holenberg;Gemeinde Holenberg;Landkreis Holzminden;Niedersachsen;032555401021;Gemeinde
Mittelnkirchen;Gemeinde Mittelnkirchen;Landkreis Stade;Niedersachsen;033595406032;Gemeinde
Düdenbüttel;Gemeinde Düdenbüttel;Landkreis Stade;Niedersachsen;033595409014;Gemeinde
Kirchlinteln;Gemeinde Kirchlinteln;Landkreis Verden;Niedersachsen;033610005005;Gemeinde
Martinstein;Gemeinde Martinstein;Landkreis Bad Kreuznach;Rheinland-Pfalz;071335010062;Gemeinde
Melle;Stadt Melle;Landkreis Osnabrück;Niedersachsen;034590024024;Stadt
Wittgert;Gemeinde Wittgert;Landkreis Westerwaldkreis;Rheinland-Pfalz;071435005084;Gemeinde
Wittmund;Stadt Wittmund;Landkreis Wittmund;Niedersachsen;034620019019;Stadt
Lohfelden;Gemeinde Lohfelden;Landkreis Kassel;Hessen;066330017017;Gemeinde
Niederbrombach;Gemeinde Niederbrombach;Landkreis Birkenfeld;Rheinland-Pfalz;071345002057;Gemeinde
Eckersweiler;Gemeinde Eckersweiler;Landkreis Birkenfeld;Rheinland-Pfalz;071345001021;Gemeinde
Gerolsheim;Gemeinde Gerolsheim;Landkreis Bad Dürkheim;Rheinland-Pfalz;073325007021;Gemeinde
Biedesheim;Gemeinde Biedesheim;Landkreis Donnersbergkreis;Rheinland-Pfalz;073335003006;Gemeinde
Bargstedt;Gemeinde Bargstedt;Landkreis Stade;Niedersachsen;033595403005;Gemeinde
Deinste;Gemeinde Deinste;Landkreis Stade;Niedersachsen;033595402011;Gemeinde
Birenbach;Gemeinde Birenbach;Landkreis Göppingen;Baden-Württemberg;081175008009;Gemeinde
Schneizlreuth;Gemeinde Schneizlreuth;Landkreis Berchtesgadener Land;Bayern;091720131131;Gemeinde
Dießen am Ammersee;Gemeinde Dießen am Ammersee;Landkreis Landsberg am Lech;Bayern;091810114114;Gemeinde
Affler;Gemeinde Affler;Landkreis Eifelkreis Bitburg-Prüm;Rheinland-Pfalz;072325005001;Gemeinde
Ratekau;Gemeinde Ratekau;Kreis Ostholstein;Schleswig-Holstein;010550035035;Gemeinde
Friolzheim;Gemeinde Friolzheim;Landkreis Enzkreis;Baden-Württemberg;082365001019;Gemeinde
Horbach;Gemeinde Horbach;Landkreis Bad Kreuznach;Rheinland-Pfalz;071335009047;Gemeinde
Hennef (Sieg);Stadt Hennef (Sieg);Kreis Rhein-Sieg-Kreis;Nordrhein-Westfalen;053820020020;Stadt
Rückersdorfer Forst;Gemeindefreies Gebiet Rückersdorfer Forst;Landkreis Nürnberger Land;Bayern;095749462462;Gemeindefreies Gebiet
Perlesreut;Gemeinde Perlesreut;Landkreis Freyung-Grafenau;Bayern;092725214138;Gemeinde
Petersberg;Gemeinde Petersberg;Landkreis Saale-Holzland-Kreis;Thüringen;160745052067;Gemeinde
Sigmarszell;Gemeinde Sigmarszell;Landkreis Lindau (Bodensee);Bayern;097765735126;Gemeinde
Biesenthal;Stadt Biesenthal;Landkreis Barnim;Brandenburg;120605003024;Stadt
Bad Freienwalde (Oder);Stadt Bad Freienwalde (Oder);Landkreis Märkisch-Oderland;Brandenburg;120640044044;Stadt
Mühlenbecker Land;Gemeinde Mühlenbecker Land;Landkreis Oberhavel;Brandenburg;120650225225;Gemeinde
Oberkrämer;Gemeinde Oberkrämer;Landkreis Oberhavel;Brandenburg;120650251251;Gemeinde
Groß Kreutz (Havel);Gemeinde Groß Kreutz (Havel);Landkreis Potsdam-Mittelmark;Brandenburg;120690249249;Gemeinde
Döbern;Stadt Döbern;Landkreis Spree-Neiße;Brandenburg;120715102044;Stadt
Neuhausen/Spree;Gemeinde Neuhausen/Spree;Landkreis Spree-Neiße;Brandenburg;120710301301;Gemeinde
Trebbin;Stadt Trebbin;Landkreis Teltow-Fläming;Brandenburg;120720426426;Stadt
Wismar;Stadt Wismar;Landkreis Nordwestmecklenburg;Mecklenburg-Vorpommern;130740087087;Stadt
Stolpen;Stadt Stolpen;Landkreis Sächsische Schweiz-Osterzgebirge;Sachsen;146280380380;Stadt
Haldensleben;Stadt Haldensleben;Landkreis Börde;Sachsen-Anhalt;150830270270;Stadt
Kalbe (Milde);Stadt Kalbe (Milde);Landkreis Altmarkkreis Salzwedel;Sachsen-Anhalt;150810240240;Stadt
Friedelshausen;Gemeinde Friedelshausen;Landkreis Schmalkalden-Meiningen;Thüringen;160665013025;Gemeinde
Schalkenbach;Gemeinde Schalkenbach;Landkreis Ahrweiler;Rheinland-Pfalz;071315004073;Gemeinde
Eckenroth;Gemeinde Eckenroth;Landkreis Bad Kreuznach;Rheinland-Pfalz;071335011028;Gemeinde
Wermelskirchen;Stadt Wermelskirchen;Kreis Rheinisch-Bergischer Kreis;Nordrhein-Westfalen;053780032032;Stadt
Pellingen;Gemeinde Pellingen;Landkreis Trier-Saarburg;Rheinland-Pfalz;072355003106;Gemeinde
Wellen;Gemeinde Wellen;Landkreis Trier-Saarburg;Rheinland-Pfalz;072355003146;Gemeinde
Ollmuth;Gemeinde Ollmuth;Landkreis Trier-Saarburg;Rheinland-Pfalz;072355004100;Gemeinde
Siesbach;Gemeinde Siesbach;Landkreis Birkenfeld;Rheinland-Pfalz;071345002084;Gemeinde
Freyung;Stadt Freyung;Landkreis Freyung-Grafenau;Bayern;092720118118;Stadt
Passau;Stadt Passau;Kreisfreie Stadt Passau;Bayern;092620000000;Stadt
Nordseeinsel Memmert;Gemeindefreies Gebiet Nordseeinsel Memmert;Landkreis Aurich;Niedersachsen;034529501501;Gemeindefreies Gebiet
Bahrenhof;Gemeinde Bahrenhof;Kreis Segeberg;Schleswig-Holstein;010605086006;Gemeinde
Ammeldingen an der Our;Gemeinde Ammeldingen an der Our;Landkreis Eifelkreis Bitburg-Prüm;Rheinland-Pfalz;072325005004;Gemeinde
Alsfeld;Stadt Alsfeld;Landkreis Vogelsbergkreis;Hessen;065350001001;Stadt
Edertal;Gemeinde Edertal;Landkreis Waldeck-Frankenberg;Hessen;066350009009;Gemeinde
Überlingen;Stadt Überlingen;Landkreis Bodenseekreis;Baden-Württemberg;084355007059;Stadt
Uffing a.Staffelsee;Gemeinde Uffing a.Staffelsee;Landkreis Garmisch-Partenkirchen;Bayern;091800134134;Gemeinde
Neuburg a.d.Donau;Stadt Neuburg a.d.Donau;Landkreis Neuburg-Schrobenhausen;Bayern;091850149149;Stadt
Böbing;Gemeinde Böbing;Landkreis Weilheim-Schongau;Bayern;091905178117;Gemeinde
Jandelsbrunn;Gemeinde Jandelsbrunn;Landkreis Freyung-Grafenau;Bayern;092720129129;Gemeinde
Büchlberg;Gemeinde Büchlberg;Landkreis Passau;Bayern;092750119119;Gemeinde
Kulmbach;Stadt Kulmbach;Landkreis Kulmbach;Bayern;094770128128;Stadt
Steinwiesen;Gemeinde Steinwiesen;Landkreis Kronach;Bayern;094760177177;Gemeinde
Oberuckersee;Gemeinde Oberuckersee;Landkreis Uckermark;Brandenburg;120735306430;Gemeinde
Schwerin;Stadt Schwerin;Kreisfreie Stadt Schwerin;Mecklenburg-Vorpommern;130040000000;Stadt
Gustow;Gemeinde Gustow;Landkreis Vorpommern-Rügen;Mecklenburg-Vorpommern;130735353038;Gemeinde
Lübstorf;Gemeinde Lübstorf;Landkreis Nordwestmecklenburg;Mecklenburg-Vorpommern;130745455048;Gemeinde
Schkopau;Gemeinde Schkopau;Landkreis Saalekreis;Sachsen-Anhalt;150880330330;Gemeinde
Heyersdorf;Gemeinde Heyersdorf;Landkreis Altenburger Land;Thüringen;160775050017;Gemeinde
Nuthe-Urstromtal;Gemeinde Nuthe-Urstromtal;Landkreis Teltow-Fläming;Brandenburg;120720312312;Gemeinde
Friedland;Stadt Friedland;Landkreis Oder-Spree;Brandenburg;120670137137;Stadt
Langeln;Gemeinde Langeln;Kreis Pinneberg;Schleswig-Holstein;010565660034;Gemeinde
Insel Poel;Gemeinde Insel Poel;Landkreis Nordwestmecklenburg;Mecklenburg-Vorpommern;130740035035;Gemeinde
Reifferscheid;Gemeinde Reifferscheid;Landkreis Ahrweiler;Rheinland-Pfalz;071315001069;Gemeinde
Muldestausee;Gemeinde Muldestausee;Landkreis Anhalt-Bitterfeld;Sachsen-Anhalt;150820241241;Gemeinde
Uelsen;Gemeinde Uelsen;Landkreis Grafschaft Bentheim;Niedersachsen;034565404023;Gemeinde
Sustrum;Gemeinde Sustrum;Landkreis Emsland;Niedersachsen;034545404052;Gemeinde
Merklingen;Gemeinde Merklingen;Landkreis Alb-Donau-Kreis;Baden-Württemberg;084255007079;Gemeinde
Hoya;Stadt Hoya;Landkreis Nienburg (Weser);Niedersachsen;032565409014;Stadt
Drage;Gemeinde Drage;Kreis Steinburg;Schleswig-Holstein;010615138024;Gemeinde
Dägeling;Gemeinde Dägeling;Kreis Steinburg;Schleswig-Holstein;010615153022;Gemeinde
Engelbrechtsche Wildnis;Gemeinde Engelbrechtsche Wildnis;Kreis Steinburg;Schleswig-Holstein;010615134027;Gemeinde
Ottenbüttel;Gemeinde Ottenbüttel;Kreis Steinburg;Schleswig-Holstein;010615138083;Gemeinde
Agethorst;Gemeinde Agethorst;Kreis Steinburg;Schleswig-Holstein;010615168003;Gemeinde
Hummelshain;Gemeinde Hummelshain;Landkreis Saale-Holzland-Kreis;Thüringen;160745011042;Gemeinde
Gimbweiler;Gemeinde Gimbweiler;Landkreis Birkenfeld;Rheinland-Pfalz;071345002029;Gemeinde
Meudt;Gemeinde Meudt;Landkreis Westerwaldkreis;Rheinland-Pfalz;071435008263;Gemeinde
Herborn;Gemeinde Herborn;Landkreis Birkenfeld;Rheinland-Pfalz;071345005038;Gemeinde
Krummenau;Gemeinde Krummenau;Landkreis Birkenfeld;Rheinland-Pfalz;071345005049;Gemeinde
Birkenbeul;Gemeinde Birkenbeul;Landkreis Altenkirchen (Westerwald);Rheinland-Pfalz;071325006007;Gemeinde
Weiden;Gemeinde Weiden;Landkreis Birkenfeld;Rheinland-Pfalz;071345005091;Gemeinde
Volkmannsdorf;Gemeinde Volkmannsdorf;Landkreis Saale-Orla-Kreis;Thüringen;160755004119;Gemeinde
Oppurg;Gemeinde Oppurg;Landkreis Saale-Orla-Kreis;Thüringen;160755005077;Gemeinde
Ockenfels;Gemeinde Ockenfels;Landkreis Neuwied;Rheinland-Pfalz;071385004055;Gemeinde
Hemmelzen;Gemeinde Hemmelzen;Landkreis Altenkirchen (Westerwald);Rheinland-Pfalz;071325010049;Gemeinde
Illerich;Gemeinde Illerich;Landkreis Cochem-Zell;Rheinland-Pfalz;071355002042;Gemeinde
Kehrig;Gemeinde Kehrig;Landkreis Mayen-Koblenz;Rheinland-Pfalz;071375003043;Gemeinde
Bissingen an der Teck;Gemeinde Bissingen an der Teck;Landkreis Esslingen;Baden-Württemberg;081165008012;Gemeinde
Weilheim an der Teck;Stadt Weilheim an der Teck;Landkreis Esslingen;Baden-Württemberg;081165008070;Stadt
Ranschbach;Gemeinde Ranschbach;Landkreis Südliche Weinstraße;Rheinland-Pfalz;073375005065;Gemeinde
Monzernheim;Gemeinde Monzernheim;Landkreis Alzey-Worms;Rheinland-Pfalz;073315007049;Gemeinde
Remmels;Gemeinde Remmels;Kreis Rendsburg-Eckernförde;Schleswig-Holstein;010585895134;Gemeinde
Freckenfeld;Gemeinde Freckenfeld;Landkreis Germersheim;Rheinland-Pfalz;073345004005;Gemeinde
Wyhl am Kaiserstuhl;Gemeinde Wyhl am Kaiserstuhl;Landkreis Emmendingen;Baden-Württemberg;083165005051;Gemeinde
Wiernsheim;Gemeinde Wiernsheim;Landkreis Enzkreis;Baden-Württemberg;082365001065;Gemeinde
Kirchberg (Hunsrück);Stadt Kirchberg (Hunsrück);Landkreis Rhein-Hunsrück-Kreis;Rheinland-Pfalz;071405004067;Stadt
Argenthal;Gemeinde Argenthal;Landkreis Rhein-Hunsrück-Kreis;Rheinland-Pfalz;071405008003;Gemeinde
Sohren;Gemeinde Sohren;Landkreis Rhein-Hunsrück-Kreis;Rheinland-Pfalz;071405004145;Gemeinde
Bogel;Gemeinde Bogel;Landkreis Rhein-Lahn-Kreis;Rheinland-Pfalz;071415007015;Gemeinde
Büttelborn;Gemeinde Büttelborn;Landkreis Groß-Gerau;Hessen;064330003003;Gemeinde
Holzbach;Gemeinde Holzbach;Landkreis Rhein-Hunsrück-Kreis;Rheinland-Pfalz;071405008056;Gemeinde
Bubsheim;Gemeinde Bubsheim;Landkreis Tuttlingen;Baden-Württemberg;083275002007;Gemeinde
Langenscheid;Gemeinde Langenscheid;Landkreis Rhein-Lahn-Kreis;Rheinland-Pfalz;071415003076;Gemeinde
Wasenbach;Gemeinde Wasenbach;Landkreis Rhein-Lahn-Kreis;Rheinland-Pfalz;071415003133;Gemeinde
Grauel;Gemeinde Grauel;Kreis Rendsburg-Eckernförde;Schleswig-Holstein;010585895062;Gemeinde
Odenbach;Gemeinde Odenbach;Landkreis Kusel;Rheinland-Pfalz;073365008074;Gemeinde
Etschberg;Gemeinde Etschberg;Landkreis Kusel;Rheinland-Pfalz;073365010024;Gemeinde
Konken;Gemeinde Konken;Landkreis Kusel;Rheinland-Pfalz;073365010052;Gemeinde
Eisighofen;Gemeinde Eisighofen;Landkreis Rhein-Lahn-Kreis;Rheinland-Pfalz;071415011036;Gemeinde
Oberneisen;Gemeinde Oberneisen;Landkreis Rhein-Lahn-Kreis;Rheinland-Pfalz;071415011102;Gemeinde
Gräfendhron;Gemeinde Gräfendhron;Landkreis Bernkastel-Wittlich;Rheinland-Pfalz;072315006042;Gemeinde
Bad Sooden-Allendorf;Stadt Bad Sooden-Allendorf;Landkreis Werra-Meißner-Kreis;Hessen;066360001001;Stadt
Olsbrücken;Gemeinde Olsbrücken;Landkreis Kaiserslautern;Rheinland-Pfalz;073355010033;Gemeinde
Bauler;Gemeinde Bauler;Landkreis Ahrweiler;Rheinland-Pfalz;071315001009;Gemeinde
Hohenleimbach;Gemeinde Hohenleimbach;Landkreis Ahrweiler;Rheinland-Pfalz;071315004206;Gemeinde
Ernst;Gemeinde Ernst;Landkreis Cochem-Zell;Rheinland-Pfalz;071355001027;Gemeinde
Sankt Aldegund;Gemeinde Sankt Aldegund;Landkreis Cochem-Zell;Rheinland-Pfalz;071355005076;Gemeinde
Mendig;Stadt Mendig;Landkreis Mayen-Koblenz;Rheinland-Pfalz;071375004069;Stadt
Niederwerth;Gemeinde Niederwerth;Landkreis Mayen-Koblenz;Rheinland-Pfalz;071375007218;Gemeinde
Alterkülz;Gemeinde Alterkülz;Landkreis Rhein-Hunsrück-Kreis;Rheinland-Pfalz;071405003001;Gemeinde
Ratzert;Gemeinde Ratzert;Landkreis Neuwied;Rheinland-Pfalz;071385005058;Gemeinde
Neuhof a.d.Zenn;Gemeinde Neuhof a.d.Zenn;Landkreis Neustadt a.d.Aisch-Bad Windsheim;Bayern;095755525152;Gemeinde
Georgensgmünd;Gemeinde Georgensgmünd;Landkreis Roth;Bayern;095760121121;Gemeinde
Heideck;Stadt Heideck;Landkreis Roth;Bayern;095760126126;Stadt
Abenberg;Stadt Abenberg;Landkreis Roth;Bayern;095760111111;Stadt
Henfenfeld;Gemeinde Henfenfeld;Landkreis Nürnberger Land;Bayern;095745529131;Gemeinde
Ahrenshoop;Gemeinde Ahrenshoop;Landkreis Vorpommern-Rügen;Mecklenburg-Vorpommern;130735354002;Gemeinde
Geesthacht;Stadt Geesthacht;Kreis Herzogtum Lauenburg;Schleswig-Holstein;010530032032;Stadt
Lohme;Gemeinde Lohme;Landkreis Vorpommern-Rügen;Mecklenburg-Vorpommern;130735359052;Gemeinde
Krembz;Gemeinde Krembz;Landkreis Nordwestmecklenburg;Mecklenburg-Vorpommern;130745452043;Gemeinde
Glewitz;Gemeinde Glewitz;Landkreis Vorpommern-Rügen;Mecklenburg-Vorpommern;130735355029;Gemeinde
Grammendorf;Gemeinde Grammendorf;Landkreis Vorpommern-Rügen;Mecklenburg-Vorpommern;130735360032;Gemeinde
Bernried;Gemeinde Bernried;Landkreis Deggendorf;Bayern;092710116116;Gemeinde
Reichenschwand;Gemeinde Reichenschwand;Landkreis Nürnberger Land;Bayern;095740150150;Gemeinde
Schöllnach;Gemeinde Schöllnach;Landkreis Deggendorf;Bayern;092715206149;Gemeinde
Grieben;Gemeinde Grieben;Landkreis Nordwestmecklenburg;Mecklenburg-Vorpommern;130745459027;Gemeinde
Schlagsdorf;Gemeinde Schlagsdorf;Landkreis Nordwestmecklenburg;Mecklenburg-Vorpommern;130745458073;Gemeinde
Saldenburg;Gemeinde Saldenburg;Landkreis Freyung-Grafenau;Bayern;092720142142;Gemeinde
Leopoldshagen;Gemeinde Leopoldshagen;Landkreis Vorpommern-Greifswald;Mecklenburg-Vorpommern;130755552075;Gemeinde
Bad Abbach;Gemeinde Bad Abbach;Landkreis Kelheim;Bayern;092730116116;Gemeinde
Mainburg;Stadt Mainburg;Landkreis Kelheim;Bayern;092730147147;Stadt
Levenhagen;Gemeinde Levenhagen;Landkreis Vorpommern-Greifswald;Mecklenburg-Vorpommern;130755555076;Gemeinde
Bruckberg;Gemeinde Bruckberg;Landkreis Landshut;Bayern;092740194194;Gemeinde
Hofkirchen;Gemeinde Hofkirchen;Landkreis Passau;Bayern;092750127127;Gemeinde
Obernzell;Gemeinde Obernzell;Landkreis Passau;Bayern;092750137137;Gemeinde
Bayerisch Eisenstein;Gemeinde Bayerisch Eisenstein;Landkreis Regen;Bayern;092760115115;Gemeinde
Bodenmais;Gemeinde Bodenmais;Landkreis Regen;Bayern;092760117117;Gemeinde
Eggenfelden;Stadt Eggenfelden;Landkreis Rottal-Inn;Bayern;092770116116;Stadt
Schönthal;Gemeinde Schönthal;Landkreis Cham;Bayern;093720157157;Gemeinde
Brunsbek;Gemeinde Brunsbek;Kreis Stormarn;Schleswig-Holstein;010625262088;Gemeinde
Freystadt;Stadt Freystadt;Landkreis Neumarkt i.d.OPf.;Bayern;093730126126;Stadt
Pilsach;Gemeinde Pilsach;Landkreis Neumarkt i.d.OPf.;Bayern;093735321153;Gemeinde
Hagelstadt;Gemeinde Hagelstadt;Landkreis Regensburg;Bayern;093750143143;Gemeinde
Schwarzenbach;Gemeinde Schwarzenbach;Landkreis Neustadt a.d.Waldnaab;Bayern;093745324156;Gemeinde
Bremsnitz;Gemeinde Bremsnitz;Landkreis Saale-Holzland-Kreis;Thüringen;160745007007;Gemeinde
Dobin am See;Gemeinde Dobin am See;Landkreis Ludwigslust-Parchim;Mecklenburg-Vorpommern;130765668033;Gemeinde
Friedrichsruhe;Gemeinde Friedrichsruhe;Landkreis Ludwigslust-Parchim;Mecklenburg-Vorpommern;130765668038;Gemeinde
Bamberg;Stadt Bamberg;Kreisfreie Stadt Bamberg;Bayern;094610000000;Stadt
Wiesen;Gemeinde Wiesen;Landkreis Aschaffenburg;Bayern;096715604162;Gemeinde
Raschau-Markersbach;Gemeinde Raschau-Markersbach;Landkreis Erzgebirgskreis;Sachsen;145210500500;Gemeinde
Zwönitz;Stadt Zwönitz;Landkreis Erzgebirgskreis;Sachsen;145215140710;Stadt
Mellenthin;Gemeinde Mellenthin;Landkreis Vorpommern-Greifswald;Mecklenburg-Vorpommern;130755562090;Gemeinde
Ludwigslust;Stadt Ludwigslust;Landkreis Ludwigslust-Parchim;Mecklenburg-Vorpommern;130760090090;Stadt
Kritzow;Gemeinde Kritzow;Landkreis Ludwigslust-Parchim;Mecklenburg-Vorpommern;130765655077;Gemeinde
Techentin;Gemeinde Techentin;Landkreis Ludwigslust-Parchim;Mecklenburg-Vorpommern;130765656135;Gemeinde
Alt Zachun;Gemeinde Alt Zachun;Landkreis Ludwigslust-Parchim;Mecklenburg-Vorpommern;130765658002;Gemeinde
Blankenberg;Gemeinde Blankenberg;Landkreis Ludwigslust-Parchim;Mecklenburg-Vorpommern;130765664011;Gemeinde
Falkenstein/Vogtl.;Stadt Falkenstein/Vogtl.;Landkreis Vogtlandkreis;Sachsen;145235107120;Stadt
Eichigt;Gemeinde Eichigt;Landkreis Vogtlandkreis;Sachsen;145235122080;Gemeinde
Reichersbeuern;Gemeinde Reichersbeuern;Landkreis Bad Tölz-Wolfratshausen;Bayern;091735109140;Gemeinde
Jachenau;Gemeinde Jachenau;Landkreis Bad Tölz-Wolfratshausen;Bayern;091730131131;Gemeinde
Lohne (Oldenburg);Stadt Lohne (Oldenburg);Landkreis Vechta;Niedersachsen;034600006006;Stadt
Mettmann;Stadt Mettmann;Kreis Mettmann;Nordrhein-Westfalen;051580024024;Stadt
Nauort;Gemeinde Nauort;Landkreis Westerwaldkreis;Rheinland-Pfalz;071435005050;Gemeinde
Wawern;Gemeinde Wawern;Landkreis Eifelkreis Bitburg-Prüm;Rheinland-Pfalz;072325006321;Gemeinde
Wölferlingen;Gemeinde Wölferlingen;Landkreis Westerwaldkreis;Rheinland-Pfalz;071435007085;Gemeinde
Willingen;Gemeinde Willingen;Landkreis Westerwaldkreis;Rheinland-Pfalz;071435006311;Gemeinde
Groß-Rohrheim;Gemeinde Groß-Rohrheim;Landkreis Bergstraße;Hessen;064310010010;Gemeinde
Blankenheim;Gemeinde Blankenheim;Kreis Euskirchen;Nordrhein-Westfalen;053660008008;Gemeinde
Nettersheim;Gemeinde Nettersheim;Kreis Euskirchen;Nordrhein-Westfalen;053660032032;Gemeinde
Bretzenheim;Gemeinde Bretzenheim;Landkreis Bad Kreuznach;Rheinland-Pfalz;071335011018;Gemeinde
Senden;Gemeinde Senden;Kreis Coesfeld;Nordrhein-Westfalen;055580044044;Gemeinde
Roth;Gemeinde Roth;Landkreis Bad Kreuznach;Rheinland-Pfalz;071335011085;Gemeinde
Höhn;Gemeinde Höhn;Landkreis Westerwaldkreis;Rheinland-Pfalz;071435009242;Gemeinde
Lisberg;Gemeinde Lisberg;Landkreis Bamberg;Bayern;094715445154;Gemeinde
Halle (Westf.);Stadt Halle (Westf.);Kreis Gütersloh;Nordrhein-Westfalen;057540012012;Stadt
Rietberg;Stadt Rietberg;Kreis Gütersloh;Nordrhein-Westfalen;057540032032;Stadt
Weißenbrunn;Gemeinde Weißenbrunn;Landkreis Kronach;Bayern;094760185185;Gemeinde
Schneckenlohe;Gemeinde Schneckenlohe;Landkreis Kronach;Bayern;094765434171;Gemeinde
Seßlach;Stadt Seßlach;Landkreis Coburg;Bayern;094730165165;Stadt
Neuenmarkt;Gemeinde Neuenmarkt;Landkreis Kulmbach;Bayern;094770143143;Gemeinde
Salzkotten;Stadt Salzkotten;Kreis Paderborn;Nordrhein-Westfalen;057740036036;Stadt
Barnstädt;Gemeinde Barnstädt;Landkreis Saalekreis;Sachsen-Anhalt;150885051030;Gemeinde
Hiltpoltstein;Gemeinde Hiltpoltstein;Landkreis Forchheim;Bayern;094745427138;Gemeinde
Issigau;Gemeinde Issigau;Landkreis Hof;Bayern;094755428137;Gemeinde
Borgsum;Gemeinde Borgsum;Kreis Nordfriesland;Schleswig-Holstein;010545488015;Gemeinde
Breitenworbis;Gemeinde Breitenworbis;Landkreis Eichsfeld;Thüringen;160615006017;Gemeinde
Kirsbach;Gemeinde Kirsbach;Landkreis Vulkaneifel;Rheinland-Pfalz;072335004220;Gemeinde
Oberhausen an der Appel;Gemeinde Oberhausen an der Appel;Landkreis Donnersbergkreis;Rheinland-Pfalz;073335007053;Gemeinde
Gehlweiler;Gemeinde Gehlweiler;Landkreis Rhein-Hunsrück-Kreis;Rheinland-Pfalz;071405004040;Gemeinde
Gau-Bischofsheim;Gemeinde Gau-Bischofsheim;Landkreis Mainz-Bingen;Rheinland-Pfalz;073395002020;Gemeinde
Michelstadt;Stadt Michelstadt;Landkreis Odenwaldkreis;Hessen;064370011011;Stadt
Kriftel;Gemeinde Kriftel;Landkreis Main-Taunus-Kreis;Hessen;064360009009;Gemeinde
Waldbrunn (Westerwald);Gemeinde Waldbrunn (Westerwald);Landkreis Limburg-Weilburg;Hessen;065330016016;Gemeinde
Lahntal;Gemeinde Lahntal;Landkreis Marburg-Biedenkopf;Hessen;065340012012;Gemeinde
Rockenhausen;Stadt Rockenhausen;Landkreis Donnersbergkreis;Rheinland-Pfalz;073335007502;Stadt
Edermünde;Gemeinde Edermünde;Landkreis Schwalm-Eder-Kreis;Hessen;066340002002;Gemeinde
Oberdolling;Gemeinde Oberdolling;Landkreis Eichstätt;Bayern;091765119150;Gemeinde
Leutershausen;Stadt Leutershausen;Landkreis Ansbach;Bayern;095710174174;Stadt
Neuendettelsau;Gemeinde Neuendettelsau;Landkreis Ansbach;Bayern;095710180180;Gemeinde
Vestenbergsgreuth;Gemeinde Vestenbergsgreuth;Landkreis Erlangen-Höchstadt;Bayern;095725510159;Gemeinde
Gersheim;Gemeinde Gersheim;Landkreis Saarpfalz-Kreis;Saarland;100450113113;Gemeinde
Rehlingen-Siersburg;Gemeinde Rehlingen-Siersburg;Landkreis Saarlouis;Saarland;100440114114;Gemeinde
Geltendorf;Gemeinde Geltendorf;Landkreis Landsberg am Lech;Bayern;091810122122;Gemeinde
Penzing;Gemeinde Penzing;Landkreis Landsberg am Lech;Bayern;091810132132;Gemeinde
Eisenach;Stadt Eisenach;Landkreis Wartburgkreis;Thüringen;160630105105;Stadt
Sirksfelde;Gemeinde Sirksfelde;Kreis Herzogtum Lauenburg;Schleswig-Holstein;010535391121;Gemeinde
Gerstengrund;Gemeinde Gerstengrund;Landkreis Wartburgkreis;Thüringen;160635056033;Gemeinde
Kyffhäuserland;Gemeinde Kyffhäuserland;Landkreis Kyffhäuserkreis;Thüringen;160650085085;Gemeinde
Großderschau;Gemeinde Großderschau;Landkreis Havelland;Brandenburg;120635309112;Gemeinde
Tambach-Dietharz/Thür.Wald;Stadt Tambach-Dietharz/Thür.Wald;Landkreis Gotha;Thüringen;160670065065;Stadt
Waltershausen;Stadt Waltershausen;Landkreis Gotha;Thüringen;160670072072;Stadt
Andisleben;Gemeinde Andisleben;Landkreis Sömmerda;Thüringen;160685002002;Gemeinde
Schweickershausen;Gemeinde Schweickershausen;Landkreis Hildburghausen;Thüringen;160695004046;Gemeinde
Beltheim;Gemeinde Beltheim;Landkreis Rhein-Hunsrück-Kreis;Rheinland-Pfalz;071405003010;Gemeinde
Detzem;Gemeinde Detzem;Landkreis Trier-Saarburg;Rheinland-Pfalz;072355006015;Gemeinde
Nochern;Gemeinde Nochern;Landkreis Rhein-Lahn-Kreis;Rheinland-Pfalz;071415009099;Gemeinde
Winden;Gemeinde Winden;Landkreis Rhein-Lahn-Kreis;Rheinland-Pfalz;071415010139;Gemeinde
Wittlich;Stadt Wittlich;Landkreis Bernkastel-Wittlich;Rheinland-Pfalz;072310134134;Stadt
Berglicht;Gemeinde Berglicht;Landkreis Bernkastel-Wittlich;Rheinland-Pfalz;072315006006;Gemeinde
Schwarzatal;Stadt Schwarzatal;Landkreis Saalfeld-Rudolstadt;Thüringen;160735012113;Stadt
Schkölen;Stadt Schkölen;Landkreis Saale-Holzland-Kreis;Thüringen;160745005116;Stadt
Ruttersdorf-Lotschen;Gemeinde Ruttersdorf-Lotschen;Landkreis Saale-Holzland-Kreis;Thüringen;160745050081;Gemeinde
Straupitz (Spreewald);Gemeinde Straupitz (Spreewald);Landkreis Dahme-Spreewald;Brandenburg;120615113476;Gemeinde
Premnitz;Stadt Premnitz;Landkreis Havelland;Brandenburg;120630244244;Stadt
Calau;Stadt Calau;Landkreis Oberspreewald-Lausitz;Brandenburg;120660052052;Stadt
Jacobsdorf;Gemeinde Jacobsdorf;Landkreis Oder-Spree;Brandenburg;120675706237;Gemeinde
Letschin;Gemeinde Letschin;Landkreis Märkisch-Oderland;Brandenburg;120640274274;Gemeinde
Hohen Neuendorf;Stadt Hohen Neuendorf;Landkreis Oberhavel;Brandenburg;120650144144;Stadt
Niederbergkirchen;Gemeinde Niederbergkirchen;Landkreis Mühldorf a.Inn;Bayern;091835152130;Gemeinde
Oberschleißheim;Gemeinde Oberschleißheim;Landkreis München;Bayern;091840135135;Gemeinde
Ampfing;Gemeinde Ampfing;Landkreis Mühldorf a.Inn;Bayern;091830112112;Gemeinde
Konradsreuth;Gemeinde Konradsreuth;Landkreis Hof;Bayern;094750142142;Gemeinde
Bevern;Gemeinde Bevern;Kreis Pinneberg;Schleswig-Holstein;010565660003;Gemeinde
Reichertshofen;Gemeinde Reichertshofen;Landkreis Pfaffenhofen a.d.Ilm;Bayern;091865158147;Gemeinde
Burgheim;Gemeinde Burgheim;Landkreis Neuburg-Schrobenhausen;Bayern;091850125125;Gemeinde
Brück;Stadt Brück;Landkreis Potsdam-Mittelmark;Brandenburg;120695904076;Stadt
Rochlitz;Stadt Rochlitz;Landkreis Mittelsachsen;Sachsen;145225126490;Stadt
Seelitz;Gemeinde Seelitz;Landkreis Mittelsachsen;Sachsen;145225126530;Gemeinde
Sayda;Stadt Sayda;Landkreis Mittelsachsen;Sachsen;145225129520;Stadt
Heltersberg;Gemeinde Heltersberg;Landkreis Südwestpfalz;Rheinland-Pfalz;073405006015;Gemeinde
Weil der Stadt;Stadt Weil der Stadt;Landkreis Böblingen;Baden-Württemberg;081150050050;Stadt
Denkendorf;Gemeinde Denkendorf;Landkreis Esslingen;Baden-Württemberg;081160015015;Gemeinde
Leinfelden-Echterdingen;Stadt Leinfelden-Echterdingen;Landkreis Esslingen;Baden-Württemberg;081160078078;Stadt
Kaiserslautern;Stadt Kaiserslautern;Kreisfreie Stadt Kaiserslautern;Rheinland-Pfalz;073120000000;Stadt
Kirchheim am Neckar;Gemeinde Kirchheim am Neckar;Landkreis Ludwigsburg;Baden-Württemberg;081185003040;Gemeinde
Zweibrücken;Stadt Zweibrücken;Kreisfreie Stadt Zweibrücken;Rheinland-Pfalz;073200000000;Stadt
Meckenheim;Gemeinde Meckenheim;Landkreis Bad Dürkheim;Rheinland-Pfalz;073325001035;Gemeinde
Berg (Pfalz);Gemeinde Berg (Pfalz);Landkreis Germersheim;Rheinland-Pfalz;073345002002;Gemeinde
Oberotterbach;Gemeinde Oberotterbach;Landkreis Südliche Weinstraße;Rheinland-Pfalz;073375002059;Gemeinde
Speicher;Stadt Speicher;Landkreis Eifelkreis Bitburg-Prüm;Rheinland-Pfalz;072325007123;Stadt
Schönau (Pfalz);Gemeinde Schönau (Pfalz);Landkreis Südwestpfalz;Rheinland-Pfalz;073405001045;Gemeinde
Burg;Gemeinde Burg;Landkreis Eifelkreis Bitburg-Prüm;Rheinland-Pfalz;072325005022;Gemeinde
Bonerath;Gemeinde Bonerath;Landkreis Trier-Saarburg;Rheinland-Pfalz;072355004010;Gemeinde
Thomm;Gemeinde Thomm;Landkreis Trier-Saarburg;Rheinland-Pfalz;072355004135;Gemeinde
Warringholz;Gemeinde Warringholz;Kreis Steinburg;Schleswig-Holstein;010615168108;Gemeinde
Oststeinbek;Gemeinde Oststeinbek;Kreis Stormarn;Schleswig-Holstein;010620053053;Gemeinde
Ammersbek;Gemeinde Ammersbek;Kreis Stormarn;Schleswig-Holstein;010620090090;Gemeinde
Groß Nordende;Gemeinde Groß Nordende;Kreis Pinneberg;Schleswig-Holstein;010565690016;Gemeinde
Riepsdorf;Gemeinde Riepsdorf;Kreis Ostholstein;Schleswig-Holstein;010555546036;Gemeinde
Barmstedt;Stadt Barmstedt;Kreis Pinneberg;Schleswig-Holstein;010560002002;Stadt
Kühren;Gemeinde Kühren;Kreis Plön;Schleswig-Holstein;010575747042;Gemeinde
Schwedeneck;Gemeinde Schwedeneck;Kreis Rendsburg-Eckernförde;Schleswig-Holstein;010585822150;Gemeinde
Westerrönfeld;Gemeinde Westerrönfeld;Kreis Rendsburg-Eckernförde;Schleswig-Holstein;010585853172;Gemeinde
Klein Rheide;Gemeinde Klein Rheide;Kreis Schleswig-Flensburg;Schleswig-Holstein;010595996051;Gemeinde
Handewitt;Gemeinde Handewitt;Kreis Schleswig-Flensburg;Schleswig-Holstein;010590183183;Gemeinde
Grödersby;Gemeinde Grödersby;Kreis Schleswig-Flensburg;Schleswig-Holstein;010595920034;Gemeinde
Süderbrarup;Gemeinde Süderbrarup;Kreis Schleswig-Flensburg;Schleswig-Holstein;010595974083;Gemeinde
Hasenmoor;Gemeinde Hasenmoor;Kreis Segeberg;Schleswig-Holstein;010605043036;Gemeinde
Jersbek;Gemeinde Jersbek;Kreis Stormarn;Schleswig-Holstein;010625218036;Gemeinde
Bad Sachsa;Stadt Bad Sachsa;Landkreis Göttingen;Niedersachsen;031590004004;Stadt
Gronau (Leine);Stadt Gronau (Leine);Landkreis Hildesheim;Niedersachsen;032545406043;Stadt
Süderlügum;Gemeinde Süderlügum;Kreis Nordfriesland;Schleswig-Holstein;010545489131;Gemeinde
Rühen;Gemeinde Rühen;Landkreis Gifhorn;Niedersachsen;031515402024;Gemeinde
Meine;Gemeinde Meine;Landkreis Gifhorn;Niedersachsen;031515406016;Gemeinde
Mariental;Gemeindefreies Gebiet Mariental;Landkreis Helmstedt;Niedersachsen;031549504504;Gemeindefreies Gebiet
Liebenburg;Gemeinde Liebenburg;Landkreis Goslar;Niedersachsen;031530008008;Gemeinde
Hohenhameln;Gemeinde Hohenhameln;Landkreis Peine;Niedersachsen;031570002002;Gemeinde
Roklum;Gemeinde Roklum;Landkreis Wolfenbüttel;Niedersachsen;031585407025;Gemeinde
Walkenried;Gemeinde Walkenried;Landkreis Göttingen;Niedersachsen;031590036036;Gemeinde
Herbstadt;Gemeinde Herbstadt;Landkreis Rhön-Grabfeld;Bayern;096735634131;Gemeinde
Pfarrweisach;Gemeinde Pfarrweisach;Landkreis Haßberge;Bayern;096745611184;Gemeinde
Breitbrunn;Gemeinde Breitbrunn;Landkreis Haßberge;Bayern;096745610118;Gemeinde
Wonfurt;Gemeinde Wonfurt;Landkreis Haßberge;Bayern;096745613219;Gemeinde
Waldfensterer Forst;Gemeindefreies Gebiet Waldfensterer Forst;Landkreis Bad Kissingen;Bayern;096729468468;Gemeindefreies Gebiet
Dickel;Gemeinde Dickel;Landkreis Diepholz;Niedersachsen;032515405011;Gemeinde
Boden;Gemeinde Boden;Landkreis Westerwaldkreis;Rheinland-Pfalz;071435004005;Gemeinde
Lauenförde;Gemeinde Lauenförde;Landkreis Holzminden;Niedersachsen;032555403026;Gemeinde
Stolzenau;Gemeinde Stolzenau;Landkreis Nienburg (Weser);Niedersachsen;032565410032;Gemeinde
Mittelsinn;Gemeinde Mittelsinn;Landkreis Main-Spessart;Bayern;096775622159;Gemeinde
Pfaffing;Gemeinde Pfaffing;Landkreis Rosenheim;Bayern;091875184159;Gemeinde
Grammow;Gemeinde Grammow;Landkreis Rostock;Mecklenburg-Vorpommern;130725262037;Gemeinde
Stelle;Gemeinde Stelle;Landkreis Harburg;Niedersachsen;033530032032;Gemeinde
Nonnenkloster;Gemeindefreies Gebiet Nonnenkloster;Landkreis Schweinfurt;Bayern;096789454454;Gemeindefreies Gebiet
Ried;Gemeinde Ried;Landkreis Aichach-Friedberg;Bayern;097710160160;Gemeinde
Todtenweis;Gemeinde Todtenweis;Landkreis Aichach-Friedberg;Bayern;097715701169;Gemeinde
Adelsried;Gemeinde Adelsried;Landkreis Augsburg;Bayern;097720111111;Gemeinde
Winsen (Luhe);Stadt Winsen (Luhe);Landkreis Harburg;Niedersachsen;033530040040;Stadt
Brackel;Gemeinde Brackel;Landkreis Harburg;Niedersachsen;033535402004;Gemeinde
Vierhöfen;Gemeinde Vierhöfen;Landkreis Harburg;Niedersachsen;033535405037;Gemeinde
Lutzingen;Gemeinde Lutzingen;Landkreis Dillingen a.d.Donau;Bayern;097735716146;Gemeinde
Roth;Gemeinde Roth;Landkreis Rhein-Hunsrück-Kreis;Rheinland-Pfalz;071405003131;Gemeinde
Trebel;Gemeinde Trebel;Landkreis Lüchow-Dannenberg;Niedersachsen;033545407023;Gemeinde
Deutsch Evern;Gemeinde Deutsch Evern;Landkreis Lüneburg;Niedersachsen;033555405014;Gemeinde
Neuburg a.d.Kammel;Gemeinde Neuburg a.d.Kammel;Landkreis Günzburg;Bayern;097740162162;Gemeinde
Pfaffenhofen a.d.Roth;Gemeinde Pfaffenhofen a.d.Roth;Landkreis Neu-Ulm;Bayern;097755739143;Gemeinde
Aichen;Gemeinde Aichen;Landkreis Günzburg;Bayern;097745733166;Gemeinde
Heimenkirch;Gemeinde Heimenkirch;Landkreis Lindau (Bodensee);Bayern;097760114114;Gemeinde
Niederhausen;Gemeinde Niederhausen;Landkreis Bad Kreuznach;Rheinland-Pfalz;071335006070;Gemeinde
Hörgertshausen;Gemeinde Hörgertshausen;Landkreis Freising;Bayern;091785129132;Gemeinde
Jagsthausen;Gemeinde Jagsthausen;Landkreis Heilbronn;Baden-Württemberg;081255007048;Gemeinde
Neckarwestheim;Gemeinde Neckarwestheim;Landkreis Heilbronn;Baden-Württemberg;081255006066;Gemeinde
Erlenbach;Gemeinde Erlenbach;Landkreis Heilbronn;Baden-Württemberg;081255008027;Gemeinde
Rittersdorf;Gemeinde Rittersdorf;Landkreis Eifelkreis Bitburg-Prüm;Rheinland-Pfalz;072325008109;Gemeinde
Feldatal;Gemeinde Feldatal;Landkreis Vogelsbergkreis;Hessen;065350003003;Gemeinde
Großröhrsdorf;Stadt Großröhrsdorf;Landkreis Bautzen;Sachsen;146250200200;Stadt
Umpferstedt;Gemeinde Umpferstedt;Landkreis Weimarer Land;Thüringen;160715008089;Gemeinde
Wittichenau;Stadt Wittichenau;Landkreis Bautzen;Sachsen;146250640640;Stadt
Panschwitz-Kuckau;Gemeinde Panschwitz-Kuckau;Landkreis Bautzen;Sachsen;146255501440;Gemeinde
Volkerode;Gemeinde Volkerode;Landkreis Eichsfeld;Thüringen;160615014098;Gemeinde
Fichtenberg;Gemeinde Fichtenberg;Landkreis Schwäbisch Hall;Baden-Württemberg;081275006023;Gemeinde
Nünchritz;Gemeinde Nünchritz;Landkreis Meißen;Sachsen;146275225190;Gemeinde
Arneburg;Stadt Arneburg;Landkreis Stendal;Sachsen-Anhalt;150905051010;Stadt
Eilenburg;Stadt Eilenburg;Landkreis Nordsachsen;Sachsen;147300110110;Stadt
Gemünden (Wohra);Stadt Gemünden (Wohra);Landkreis Waldeck-Frankenberg;Hessen;066350012012;Stadt
Sülzetal;Gemeinde Sülzetal;Landkreis Börde;Sachsen-Anhalt;150830490490;Gemeinde
Lauda-Königshofen;Stadt Lauda-Königshofen;Landkreis Main-Tauber-Kreis;Baden-Württemberg;081280139139;Stadt
Lobbach;Gemeinde Lobbach;Landkreis Rhein-Neckar-Kreis;Baden-Württemberg;082265002104;Gemeinde
Neuweiler;Gemeinde Neuweiler;Landkreis Calw;Baden-Württemberg;082355005050;Gemeinde
Dunningen;Gemeinde Dunningen;Landkreis Rottweil;Baden-Württemberg;083255001014;Gemeinde
Baiersbronn;Gemeinde Baiersbronn;Landkreis Freudenstadt;Baden-Württemberg;082370004004;Gemeinde
Ahrenviölfeld;Gemeinde Ahrenviölfeld;Kreis Nordfriesland;Schleswig-Holstein;010545453004;Gemeinde
Heubach;Stadt Heubach;Landkreis Ostalbkreis;Baden-Württemberg;081365006028;Stadt
Mögglingen;Gemeinde Mögglingen;Landkreis Ostalbkreis;Baden-Württemberg;081365006043;Gemeinde
Karlsdorf-Neuthard;Gemeinde Karlsdorf-Neuthard;Landkreis Karlsruhe;Baden-Württemberg;082155003103;Gemeinde
Haselund;Gemeinde Haselund;Kreis Nordfriesland;Schleswig-Holstein;010545453041;Gemeinde
Altenhof;Gemeinde Altenhof;Landkreis Mecklenburgische Seenplatte;Mecklenburg-Vorpommern;130715159003;Gemeinde
Norstedt;Gemeinde Norstedt;Kreis Nordfriesland;Schleswig-Holstein;010545453092;Gemeinde
Oster-Ohrstedt;Gemeinde Oster-Ohrstedt;Kreis Nordfriesland;Schleswig-Holstein;010545453101;Gemeinde
Friesenried;Gemeinde Friesenried;Landkreis Ostallgäu;Bayern;097775753128;Gemeinde
Mönchweiler;Gemeinde Mönchweiler;Landkreis Schwarzwald-Baar-Kreis;Baden-Württemberg;083265004037;Gemeinde
Steißlingen;Gemeinde Steißlingen;Landkreis Konstanz;Baden-Württemberg;083355005077;Gemeinde
Binzen;Gemeinde Binzen;Landkreis Lörrach;Baden-Württemberg;083365008008;Gemeinde
Dogern;Gemeinde Dogern;Landkreis Waldshut;Baden-Württemberg;083375007032;Gemeinde
Bad Urach;Stadt Bad Urach;Landkreis Reutlingen;Baden-Württemberg;084155005078;Stadt
Wemding;Stadt Wemding;Landkreis Donau-Ries;Bayern;097795723228;Stadt
Weilen unter den Rinnen;Gemeinde Weilen unter den Rinnen;Landkreis Zollernalbkreis;Baden-Württemberg;084175006071;Gemeinde
Erbach;Stadt Erbach;Landkreis Alb-Donau-Kreis;Baden-Württemberg;084250039039;Stadt
Amstetten;Gemeinde Amstetten;Landkreis Alb-Donau-Kreis;Baden-Württemberg;084255009008;Gemeinde
Unterwaldhausen;Gemeinde Unterwaldhausen;Landkreis Ravensburg;Baden-Württemberg;084365001077;Gemeinde
Genderkingen;Gemeinde Genderkingen;Landkreis Donau-Ries;Bayern;097795725149;Gemeinde
Mittelbiberach;Gemeinde Mittelbiberach;Landkreis Biberach;Baden-Württemberg;084265003074;Gemeinde
Warthausen;Gemeinde Warthausen;Landkreis Biberach;Baden-Württemberg;084265003128;Gemeinde
Veringenstadt;Stadt Veringenstadt;Landkreis Sigmaringen;Baden-Württemberg;084375001114;Stadt
Bermatingen;Gemeinde Bermatingen;Landkreis Bodenseekreis;Baden-Württemberg;084355003005;Gemeinde
Nordharz;Gemeinde Nordharz;Landkreis Harz;Sachsen-Anhalt;150850227227;Gemeinde
Wustermark;Gemeinde Wustermark;Landkreis Havelland;Brandenburg;120630357357;Gemeinde
Sönnebüll;Gemeinde Sönnebüll;Kreis Nordfriesland;Schleswig-Holstein;010545494121;Gemeinde
Bunsoh;Gemeinde Bunsoh;Kreis Dithmarschen;Schleswig-Holstein;010515175015;Gemeinde
Perach;Gemeinde Perach;Landkreis Altötting;Bayern;091715104126;Gemeinde
Bayerisch Gmain;Gemeinde Bayerisch Gmain;Landkreis Berchtesgadener Land;Bayern;091720115115;Gemeinde
Pleiskirchen;Gemeinde Pleiskirchen;Landkreis Altötting;Bayern;091710127127;Gemeinde
Blender;Gemeinde Blender;Landkreis Verden;Niedersachsen;033615401002;Gemeinde
Lissendorf;Gemeinde Lissendorf;Landkreis Vulkaneifel;Rheinland-Pfalz;072335006041;Gemeinde
Utscheid;Gemeinde Utscheid;Landkreis Eifelkreis Bitburg-Prüm;Rheinland-Pfalz;072325005102;Gemeinde
Kroppach;Gemeinde Kroppach;Landkreis Westerwaldkreis;Rheinland-Pfalz;071435002250;Gemeinde
Beilingen;Gemeinde Beilingen;Landkreis Eifelkreis Bitburg-Prüm;Rheinland-Pfalz;072325007010;Gemeinde
Auw an der Kyll;Gemeinde Auw an der Kyll;Landkreis Eifelkreis Bitburg-Prüm;Rheinland-Pfalz;072325007006;Gemeinde
Grafhorst;Gemeinde Grafhorst;Landkreis Helmstedt;Niedersachsen;031545404007;Gemeinde
Osterbruch;Gemeinde Osterbruch;Landkreis Cuxhaven;Niedersachsen;033525411045;Gemeinde
Boitze;Gemeinde Boitze;Landkreis Lüneburg;Niedersachsen;033555403010;Gemeinde
Geestland;Stadt Geestland;Landkreis Cuxhaven;Niedersachsen;033520062062;Stadt
Moschheim;Gemeinde Moschheim;Landkreis Westerwaldkreis;Rheinland-Pfalz;071435010049;Gemeinde
Tawern;Gemeinde Tawern;Landkreis Trier-Saarburg;Rheinland-Pfalz;072355003132;Gemeinde
Vahlde;Gemeinde Vahlde;Landkreis Rotenburg (Wümme);Niedersachsen;033575402049;Gemeinde
Ober-Mörlen;Gemeinde Ober-Mörlen;Landkreis Wetteraukreis;Hessen;064400018018;Gemeinde
Osterhofen;Stadt Osterhofen;Landkreis Deggendorf;Bayern;092710141141;Stadt
Greimerath;Gemeinde Greimerath;Landkreis Trier-Saarburg;Rheinland-Pfalz;072355008033;Gemeinde
Rohrdorf;Gemeinde Rohrdorf;Landkreis Calw;Baden-Württemberg;082355007060;Gemeinde
Augsburg;Stadt Augsburg;Kreisfreie Stadt Augsburg;Bayern;097610000000;Stadt
Enge-Sande;Gemeinde Enge-Sande;Kreis Nordfriesland;Schleswig-Holstein;010545489167;Gemeinde
Plön;Stadt Plön;Kreis Plön;Schleswig-Holstein;010570057057;Stadt
Bad Harzburg;Stadt Bad Harzburg;Landkreis Goslar;Niedersachsen;031530002002;Stadt
Umkirch;Gemeinde Umkirch;Landkreis Breisgau-Hochschwarzwald;Baden-Württemberg;083155011115;Gemeinde
Gutsbezirk Kaufunger Wald;Gemeindefreies Gebiet Gutsbezirk Kaufunger Wald;Landkreis Werra-Meißner-Kreis;Hessen;066369200200;Gemeindefreies Gebiet
Stockach;Stadt Stockach;Landkreis Konstanz;Baden-Württemberg;083355006079;Stadt
Münsing;Gemeinde Münsing;Landkreis Bad Tölz-Wolfratshausen;Bayern;091730137137;Gemeinde
Eschenlohe;Gemeinde Eschenlohe;Landkreis Garmisch-Partenkirchen;Bayern;091805136114;Gemeinde
Herrsching a.Ammersee;Gemeinde Herrsching a.Ammersee;Landkreis Starnberg;Bayern;091880124124;Gemeinde
Oberaudorf;Gemeinde Oberaudorf;Landkreis Rosenheim;Bayern;091870157157;Gemeinde
Bad Griesbach i.Rottal;Stadt Bad Griesbach i.Rottal;Landkreis Passau;Bayern;092750124124;Stadt
Lindberg;Gemeinde Lindberg;Landkreis Regen;Bayern;092760130130;Gemeinde
Bayreuth;Stadt Bayreuth;Kreisfreie Stadt Bayreuth;Bayern;094620000000;Stadt
Bischofsgrüner Forst;Gemeindefreies Gebiet Bischofsgrüner Forst;Landkreis Bayreuth;Bayern;094729451451;Gemeindefreies Gebiet
Emskirchen;Gemeinde Emskirchen;Landkreis Neustadt a.d.Aisch-Bad Windsheim;Bayern;095750121121;Gemeinde
Dechenwald;Gemeindefreies Gebiet Dechenwald;Landkreis Roth;Bayern;095769452452;Gemeindefreies Gebiet
Neuwirtshauser Forst;Gemeindefreies Gebiet Neuwirtshauser Forst;Landkreis Bad Kissingen;Bayern;096729462462;Gemeindefreies Gebiet
Geiersnest-West;Gemeindefreies Gebiet Geiersnest-West;Landkreis Bad Kissingen;Bayern;096729456456;Gemeindefreies Gebiet
Prislich;Gemeinde Prislich;Landkreis Ludwigslust-Parchim;Mecklenburg-Vorpommern;130765657115;Gemeinde
Plauen;Stadt Plauen;Landkreis Vogtlandkreis;Sachsen;145230320320;Stadt
Arendsee (Altmark);Stadt Arendsee (Altmark);Landkreis Altmarkkreis Salzwedel;Sachsen-Anhalt;150810030030;Stadt
Marth;Gemeinde Marth;Landkreis Eichsfeld;Thüringen;160615008069;Gemeinde
Wartmannsroth;Gemeinde Wartmannsroth;Landkreis Bad Kissingen;Bayern;096720161161;Gemeinde
Temmen-Ringenwalde;Gemeinde Temmen-Ringenwalde;Landkreis Uckermark;Brandenburg;120735305569;Gemeinde
Göllnitz;Gemeinde Göllnitz;Landkreis Altenburger Land;Thüringen;160775005009;Gemeinde
Wolgast;Stadt Wolgast;Landkreis Vorpommern-Greifswald;Mecklenburg-Vorpommern;130755551144;Stadt
Gornsdorf;Gemeinde Gornsdorf;Landkreis Erzgebirgskreis;Sachsen;145215103230;Gemeinde
Christinenthal;Gemeinde Christinenthal;Kreis Steinburg;Schleswig-Holstein;010615168021;Gemeinde
Ecklak;Gemeinde Ecklak;Kreis Steinburg;Schleswig-Holstein;010615179025;Gemeinde
Triefenstein;Gemeinde Triefenstein;Landkreis Main-Spessart;Bayern;096770154154;Gemeinde
Elchweiler;Gemeinde Elchweiler;Landkreis Birkenfeld;Rheinland-Pfalz;071345002022;Gemeinde
Wirschweiler;Gemeinde Wirschweiler;Landkreis Birkenfeld;Rheinland-Pfalz;071345005095;Gemeinde
Helmeroth;Gemeinde Helmeroth;Landkreis Altenkirchen (Westerwald);Rheinland-Pfalz;071325010048;Gemeinde
Merzen;Gemeinde Merzen;Landkreis Osnabrück;Niedersachsen;034595404026;Gemeinde
Bermel;Gemeinde Bermel;Landkreis Mayen-Koblenz;Rheinland-Pfalz;071375003011;Gemeinde
Alken;Gemeinde Alken;Landkreis Mayen-Koblenz;Rheinland-Pfalz;071375009201;Gemeinde
Kleinfischlingen;Gemeinde Kleinfischlingen;Landkreis Südliche Weinstraße;Rheinland-Pfalz;073375003048;Gemeinde
Großenrade;Gemeinde Großenrade;Kreis Dithmarschen;Schleswig-Holstein;010515163037;Gemeinde
Hochdorf-Assenheim;Gemeinde Hochdorf-Assenheim;Landkreis Rhein-Pfalz-Kreis;Rheinland-Pfalz;073385001014;Gemeinde
Beindersheim;Gemeinde Beindersheim;Landkreis Rhein-Pfalz-Kreis;Rheinland-Pfalz;073385006002;Gemeinde
Baar;Gemeinde Baar;Landkreis Mayen-Koblenz;Rheinland-Pfalz;071375003007;Gemeinde
Gumbsheim;Gemeinde Gumbsheim;Landkreis Alzey-Worms;Rheinland-Pfalz;073315005035;Gemeinde
Girod;Gemeinde Girod;Landkreis Westerwaldkreis;Rheinland-Pfalz;071435004021;Gemeinde
Steinach;Gemeinde Steinach;Landkreis Ortenaukreis;Baden-Württemberg;083175004129;Gemeinde
Groß Krams;Gemeinde Groß Krams;Landkreis Ludwigslust-Parchim;Mecklenburg-Vorpommern;130765658057;Gemeinde
Weilerbach;Gemeinde Weilerbach;Landkreis Kaiserslautern;Rheinland-Pfalz;073355009049;Gemeinde
Laufersweiler;Gemeinde Laufersweiler;Landkreis Rhein-Hunsrück-Kreis;Rheinland-Pfalz;071405004081;Gemeinde
Ehr;Gemeinde Ehr;Landkreis Rhein-Lahn-Kreis;Rheinland-Pfalz;071415007035;Gemeinde
Egesheim;Gemeinde Egesheim;Landkreis Tuttlingen;Baden-Württemberg;083275002013;Gemeinde
Strüth;Gemeinde Strüth;Landkreis Rhein-Lahn-Kreis;Rheinland-Pfalz;071415007131;Gemeinde
Oberweiler-Tiefenbach;Gemeinde Oberweiler-Tiefenbach;Landkreis Kusel;Rheinland-Pfalz;073365008073;Gemeinde
Hüffler;Gemeinde Hüffler;Landkreis Kusel;Rheinland-Pfalz;073365009047;Gemeinde
Neuhausen ob Eck;Gemeinde Neuhausen ob Eck;Landkreis Tuttlingen;Baden-Württemberg;083275006038;Gemeinde
Meinhard;Gemeinde Meinhard;Landkreis Werra-Meißner-Kreis;Hessen;066360007007;Gemeinde
Alt Sührkow;Gemeinde Alt Sührkow;Landkreis Rostock;Mecklenburg-Vorpommern;130725258003;Gemeinde
Kaltenborn;Gemeinde Kaltenborn;Landkreis Ahrweiler;Rheinland-Pfalz;071315001037;Gemeinde
Anschau;Gemeinde Anschau;Landkreis Mayen-Koblenz;Rheinland-Pfalz;071375003004;Gemeinde
Büchenbach;Gemeinde Büchenbach;Landkreis Roth;Bayern;095760117117;Gemeinde
Hoppenrade;Gemeinde Hoppenrade;Landkreis Rostock;Mecklenburg-Vorpommern;130725256048;Gemeinde
Wardow;Gemeinde Wardow;Landkreis Rostock;Mecklenburg-Vorpommern;130725257112;Gemeinde
Lauenburg/Elbe;Stadt Lauenburg/Elbe;Kreis Herzogtum Lauenburg;Schleswig-Holstein;010530083083;Stadt
Schwanfeld;Gemeinde Schwanfeld;Landkreis Schweinfurt;Bayern;096785643175;Gemeinde
Rechtenbach;Gemeinde Rechtenbach;Landkreis Main-Spessart;Bayern;096775624172;Gemeinde
Raisting;Gemeinde Raisting;Landkreis Weilheim-Schongau;Bayern;091900144144;Gemeinde
Wittenhagen;Gemeinde Wittenhagen;Landkreis Vorpommern-Rügen;Mecklenburg-Vorpommern;130735356102;Gemeinde
Buggenhagen;Gemeinde Buggenhagen;Landkreis Vorpommern-Greifswald;Mecklenburg-Vorpommern;130755551021;Gemeinde
Pasewalk;Stadt Pasewalk;Landkreis Vorpommern-Greifswald;Mecklenburg-Vorpommern;130750105105;Stadt
Schlemmin;Gemeinde Schlemmin;Landkreis Vorpommern-Rügen;Mecklenburg-Vorpommern;130735361082;Gemeinde
Rambin;Gemeinde Rambin;Landkreis Vorpommern-Rügen;Mecklenburg-Vorpommern;130735362073;Gemeinde
Röthenbach a.d.Pegnitz;Stadt Röthenbach a.d.Pegnitz;Landkreis Nürnberger Land;Bayern;095740152152;Stadt
Glasin;Gemeinde Glasin;Landkreis Nordwestmecklenburg;Mecklenburg-Vorpommern;130745457023;Gemeinde
Roduchelstorf;Gemeinde Roduchelstorf;Landkreis Nordwestmecklenburg;Mecklenburg-Vorpommern;130745459067;Gemeinde
Waldhäuserwald;Gemeindefreies Gebiet Waldhäuserwald;Landkreis Freyung-Grafenau;Bayern;092729463463;Gemeindefreies Gebiet
Wildenberg;Gemeinde Wildenberg;Landkreis Kelheim;Bayern;092735218181;Gemeinde
Tettenweis;Gemeinde Tettenweis;Landkreis Passau;Bayern;092750149149;Gemeinde
Rotthalmünster;Gemeinde Rotthalmünster;Landkreis Passau;Bayern;092755234143;Gemeinde
Frauenau;Gemeinde Frauenau;Landkreis Regen;Bayern;092760121121;Gemeinde
Niendorf/Stecknitz;Gemeinde Niendorf/Stecknitz;Kreis Herzogtum Lauenburg;Schleswig-Holstein;010535313095;Gemeinde
Klein Pampau;Gemeinde Klein Pampau;Kreis Herzogtum Lauenburg;Schleswig-Holstein;010535318064;Gemeinde
Gudow;Gemeinde Gudow;Kreis Herzogtum Lauenburg;Schleswig-Holstein;010535318046;Gemeinde
Massing;Gemeinde Massing;Landkreis Rottal-Inn;Bayern;092775240133;Gemeinde
Kleinwallstadt;Gemeinde Kleinwallstadt;Landkreis Miltenberg;Bayern;096765630133;Gemeinde
Gebenbach;Gemeinde Gebenbach;Landkreis Amberg-Sulzbach;Bayern;093715301123;Gemeinde
Chamerau;Gemeinde Chamerau;Landkreis Cham;Bayern;093720117117;Gemeinde
Leiblfing;Gemeinde Leiblfing;Landkreis Straubing-Bogen;Bayern;092780146146;Gemeinde
Sennfeld;Gemeinde Sennfeld;Landkreis Schweinfurt;Bayern;096780178178;Gemeinde
Buchholz;Gemeinde Buchholz;Kreis Herzogtum Lauenburg;Schleswig-Holstein;010535358018;Gemeinde
Salching;Gemeinde Salching;Landkreis Straubing-Bogen;Bayern;092785256182;Gemeinde
Waldmünchen;Stadt Waldmünchen;Landkreis Cham;Bayern;093720171171;Stadt
Altendorf;Gemeinde Altendorf;Landkreis Bamberg;Bayern;094710111111;Gemeinde
Pyrbaum;Gemeinde Pyrbaum;Landkreis Neumarkt i.d.OPf.;Bayern;093730156156;Gemeinde
Tegernheim;Gemeinde Tegernheim;Landkreis Regensburg;Bayern;093750204204;Gemeinde
Donaustauf;Gemeinde Donaustauf;Landkreis Regensburg;Bayern;093755335130;Gemeinde
Maxhütte-Haidhof;Stadt Maxhütte-Haidhof;Landkreis Schwandorf;Bayern;093760141141;Stadt
Winklarn;Gemeinde Winklarn;Landkreis Schwandorf;Bayern;093765339178;Gemeinde
Schwarzenfeld;Gemeinde Schwarzenfeld;Landkreis Schwandorf;Bayern;093765342163;Gemeinde
Brand;Gemeinde Brand;Landkreis Tirschenreuth;Bayern;093775349113;Gemeinde
Oberlungwitz;Stadt Oberlungwitz;Landkreis Zwickau;Sachsen;145240230230;Stadt
Heimbuchenthal;Gemeinde Heimbuchenthal;Landkreis Aschaffenburg;Bayern;096715603127;Gemeinde
Johanngeorgenstadt;Stadt Johanngeorgenstadt;Landkreis Erzgebirgskreis;Sachsen;145210320320;Stadt
Deutschneudorf;Gemeinde Deutschneudorf;Landkreis Erzgebirgskreis;Sachsen;145215132140;Gemeinde
Grünhainichen;Gemeinde Grünhainichen;Landkreis Erzgebirgskreis;Sachsen;145215405270;Gemeinde
Dömitz;Stadt Dömitz;Landkreis Ludwigslust-Parchim;Mecklenburg-Vorpommern;130765654034;Stadt
Karstädt;Gemeinde Karstädt;Landkreis Ludwigslust-Parchim;Mecklenburg-Vorpommern;130765657069;Gemeinde
Schönbek;Gemeinde Schönbek;Kreis Rendsburg-Eckernförde;Schleswig-Holstein;010585889144;Gemeinde
Mustin;Gemeinde Mustin;Landkreis Ludwigslust-Parchim;Mecklenburg-Vorpommern;130765664101;Gemeinde
Kuhlen-Wendorf;Gemeinde Kuhlen-Wendorf;Landkreis Ludwigslust-Parchim;Mecklenburg-Vorpommern;130765664078;Gemeinde
Anzinger Forst;Gemeindefreies Gebiet Anzinger Forst;Landkreis Ebersberg;Bayern;091759451451;Gemeindefreies Gebiet
Walpertskirchen;Gemeinde Walpertskirchen;Landkreis Erding;Bayern;091775121142;Gemeinde
Jahnatal;Gemeinde Jahnatal;Landkreis Mittelsachsen;Sachsen;145220275275;Gemeinde
Hainichen;Stadt Hainichen;Landkreis Mittelsachsen;Sachsen;145220230230;Stadt
Grünbach;Gemeinde Grünbach;Landkreis Vogtlandkreis;Sachsen;145235107130;Gemeinde
Königsdorf;Gemeinde Königsdorf;Landkreis Bad Tölz-Wolfratshausen;Bayern;091730134134;Gemeinde
Bergkirchen;Gemeinde Bergkirchen;Landkreis Dachau;Bayern;091740113113;Gemeinde
Laar;Gemeinde Laar;Landkreis Grafschaft Bentheim;Niedersachsen;034565401012;Gemeinde
Wietmarschen;Gemeinde Wietmarschen;Landkreis Grafschaft Bentheim;Niedersachsen;034560025025;Gemeinde
Isterberg;Gemeinde Isterberg;Landkreis Grafschaft Bentheim;Niedersachsen;034565403010;Gemeinde
Meckenbach;Gemeinde Meckenbach;Landkreis Bad Kreuznach;Rheinland-Pfalz;071335009063;Gemeinde
Hundsbach;Gemeinde Hundsbach;Landkreis Bad Kreuznach;Rheinland-Pfalz;071335010049;Gemeinde
Nordenham;Stadt Nordenham;Landkreis Wesermarsch;Niedersachsen;034610007007;Stadt
Schweinschied;Gemeinde Schweinschied;Landkreis Bad Kreuznach;Rheinland-Pfalz;071335010092;Gemeinde
Messingen;Gemeinde Messingen;Landkreis Emsland;Niedersachsen;034545402036;Gemeinde
Fresenburg;Gemeinde Fresenburg;Landkreis Emsland;Niedersachsen;034545404013;Gemeinde
Vechta;Stadt Vechta;Landkreis Vechta;Niedersachsen;034600009009;Stadt
Lünne;Gemeinde Lünne;Landkreis Emsland;Niedersachsen;034545408034;Gemeinde
Aachen;Stadt Aachen;Kreis Städteregion Aachen;Nordrhein-Westfalen;053340002002;Stadt
Baesweiler;Stadt Baesweiler;Kreis Städteregion Aachen;Nordrhein-Westfalen;053340008008;Stadt
Nentershausen;Gemeinde Nentershausen;Landkreis Westerwaldkreis;Rheinland-Pfalz;071435004051;Gemeinde
Reichenbach im Vogtland;Stadt Reichenbach im Vogtland;Landkreis Vogtlandkreis;Sachsen;145235125340;Stadt
Langenweißbach;Gemeinde Langenweißbach;Landkreis Zwickau;Sachsen;145240150150;Gemeinde
Neunkirchen-Seelscheid;Gemeinde Neunkirchen-Seelscheid;Kreis Rhein-Sieg-Kreis;Nordrhein-Westfalen;053820040040;Gemeinde
Döhlau;Gemeinde Döhlau;Landkreis Hof;Bayern;094750120120;Gemeinde
Schwalmtal;Gemeinde Schwalmtal;Landkreis Vogelsbergkreis;Hessen;065350017017;Gemeinde
Legden;Gemeinde Legden;Kreis Borken;Nordrhein-Westfalen;055540036036;Gemeinde
Gescher;Stadt Gescher;Kreis Borken;Nordrhein-Westfalen;055540016016;Stadt
Heiden;Gemeinde Heiden;Kreis Borken;Nordrhein-Westfalen;055540028028;Gemeinde
Wegberg;Stadt Wegberg;Kreis Heinsberg;Nordrhein-Westfalen;053700040040;Stadt
Guckheim;Gemeinde Guckheim;Landkreis Westerwaldkreis;Rheinland-Pfalz;071435009228;Gemeinde
Castrop-Rauxel;Stadt Castrop-Rauxel;Kreis Recklinghausen;Nordrhein-Westfalen;055620004004;Stadt
Forst Hain i.Spessart;Gemeindefreies Gebiet Forst Hain i.Spessart;Landkreis Aschaffenburg;Bayern;096719451451;Gemeindefreies Gebiet
Bornheim;Stadt Bornheim;Kreis Rhein-Sieg-Kreis;Nordrhein-Westfalen;053820012012;Stadt
Warmsroth;Gemeinde Warmsroth;Landkreis Bad Kreuznach;Rheinland-Pfalz;071335011110;Gemeinde
Rotenhain;Gemeinde Rotenhain;Landkreis Westerwaldkreis;Rheinland-Pfalz;071435009288;Gemeinde
Gevelsberg;Stadt Gevelsberg;Kreis Ennepe-Ruhr-Kreis;Nordrhein-Westfalen;059540012012;Stadt
Schönbrunn i.Steigerwald;Gemeinde Schönbrunn i.Steigerwald;Landkreis Bamberg;Bayern;094715408186;Gemeinde
Ahorntal;Gemeinde Ahorntal;Landkreis Bayreuth;Bayern;094720111111;Gemeinde
Aura i.Sinngrund;Gemeinde Aura i.Sinngrund;Landkreis Main-Spessart;Bayern;096775622116;Gemeinde
Schwelm;Stadt Schwelm;Kreis Ennepe-Ruhr-Kreis;Nordrhein-Westfalen;059540024024;Stadt
Zapfendorf;Gemeinde Zapfendorf;Landkreis Bamberg;Bayern;094710214214;Gemeinde
Versmold;Stadt Versmold;Kreis Gütersloh;Nordrhein-Westfalen;057540048048;Stadt
Seiwerath;Gemeinde Seiwerath;Landkreis Eifelkreis Bitburg-Prüm;Rheinland-Pfalz;072325006307;Gemeinde
Eckersdorf;Gemeinde Eckersdorf;Landkreis Bayreuth;Bayern;094720131131;Gemeinde
Nieheim;Stadt Nieheim;Kreis Höxter;Nordrhein-Westfalen;057620028028;Stadt
Hohenkirchen;Gemeinde Hohenkirchen;Landkreis Nordwestmecklenburg;Mecklenburg-Vorpommern;130745454032;Gemeinde
Speichersdorf;Gemeinde Speichersdorf;Landkreis Bayreuth;Bayern;094720190190;Gemeinde
Geismar;Gemeinde Geismar;Landkreis Eichsfeld;Thüringen;160615014035;Gemeinde
Eslohe (Sauerland);Gemeinde Eslohe (Sauerland);Kreis Hochsauerlandkreis;Nordrhein-Westfalen;059580016016;Gemeinde
Medebach;Stadt Medebach;Kreis Hochsauerlandkreis;Nordrhein-Westfalen;059580028028;Stadt
Kamen;Stadt Kamen;Kreis Unna;Nordrhein-Westfalen;059780020020;Stadt
Naurath (Wald);Gemeinde Naurath (Wald);Landkreis Trier-Saarburg;Rheinland-Pfalz;072355001092;Gemeinde
Glauburg;Gemeinde Glauburg;Landkreis Wetteraukreis;Hessen;064400010010;Gemeinde
Haiger;Stadt Haiger;Landkreis Lahn-Dill-Kreis;Hessen;065320011011;Stadt
Greifenstein;Gemeinde Greifenstein;Landkreis Lahn-Dill-Kreis;Hessen;065320010010;Gemeinde
Schöffengrund;Gemeinde Schöffengrund;Landkreis Lahn-Dill-Kreis;Hessen;065320018018;Gemeinde
Weilmünster;Gemeinde Weilmünster;Landkreis Limburg-Weilburg;Hessen;065330018018;Gemeinde
Angelburg;Gemeinde Angelburg;Landkreis Marburg-Biedenkopf;Hessen;065340002002;Gemeinde
Köngernheim;Gemeinde Köngernheim;Landkreis Mainz-Bingen;Rheinland-Pfalz;073395007033;Gemeinde
Flieden;Gemeinde Flieden;Landkreis Fulda;Hessen;066310008008;Gemeinde
Niederaula;Gemeinde Niederaula;Landkreis Hersfeld-Rotenburg;Hessen;066320015015;Gemeinde
Wildeck;Gemeinde Wildeck;Landkreis Hersfeld-Rotenburg;Hessen;066320020020;Gemeinde
Fockendorf;Gemeinde Fockendorf;Landkreis Altenburger Land;Thüringen;160775004005;Gemeinde
Wonsees;Gemeinde Wonsees;Landkreis Kulmbach;Bayern;094775438164;Gemeinde
Kranzberg;Gemeinde Kranzberg;Landkreis Freising;Bayern;091780137137;Gemeinde
Kösching;Gemeinde Kösching;Landkreis Eichstätt;Bayern;091760139139;Gemeinde
Titting;Gemeinde Titting;Landkreis Eichstätt;Bayern;091760164164;Gemeinde
Lehrberg;Gemeinde Lehrberg;Landkreis Ansbach;Bayern;095710171171;Gemeinde
Oberdachstetten;Gemeinde Oberdachstetten;Landkreis Ansbach;Bayern;095710183183;Gemeinde
Wettringen;Gemeinde Wettringen;Landkreis Ansbach;Bayern;095715502222;Gemeinde
Hemhofen;Gemeinde Hemhofen;Landkreis Erlangen-Höchstadt;Bayern;095720130130;Gemeinde
Röckingen;Gemeinde Röckingen;Landkreis Ansbach;Bayern;095715509192;Gemeinde
Mühlhausen;Gemeinde Mühlhausen;Landkreis Erlangen-Höchstadt;Bayern;095725510143;Gemeinde
Jesenwang;Gemeinde Jesenwang;Landkreis Fürstenfeldbruck;Bayern;091795131130;Gemeinde
Scheuring;Gemeinde Scheuring;Landkreis Landsberg am Lech;Bayern;091815140138;Gemeinde
Vilgertshofen;Gemeinde Vilgertshofen;Landkreis Landsberg am Lech;Bayern;091815142133;Gemeinde
Vogtei;Gemeinde Vogtei;Landkreis Unstrut-Hainich-Kreis;Thüringen;160645053075;Gemeinde
Zeuthen;Gemeinde Zeuthen;Landkreis Dahme-Spreewald;Brandenburg;120610572572;Gemeinde
Kirchheilingen;Gemeinde Kirchheilingen;Landkreis Unstrut-Hainich-Kreis;Thüringen;160645001033;Gemeinde
Vachdorf;Gemeinde Vachdorf;Landkreis Schmalkalden-Meiningen;Thüringen;160665014081;Gemeinde
Molschleben;Gemeinde Molschleben;Landkreis Gotha;Thüringen;160675007047;Gemeinde
Haßleben;Gemeinde Haßleben;Landkreis Sömmerda;Thüringen;160685009025;Gemeinde
Themar;Stadt Themar;Landkreis Hildburghausen;Thüringen;160695002051;Stadt
Kloster Veßra;Gemeinde Kloster Veßra;Landkreis Hildburghausen;Thüringen;160695002025;Gemeinde
Rheinböllen;Stadt Rheinböllen;Landkreis Rhein-Hunsrück-Kreis;Rheinland-Pfalz;071405008125;Stadt
Hungenroth;Gemeinde Hungenroth;Landkreis Rhein-Hunsrück-Kreis;Rheinland-Pfalz;071405009060;Gemeinde
Ravengiersburg;Gemeinde Ravengiersburg;Landkreis Rhein-Hunsrück-Kreis;Rheinland-Pfalz;071405008119;Gemeinde
Fachbach;Gemeinde Fachbach;Landkreis Rhein-Lahn-Kreis;Rheinland-Pfalz;071415010041;Gemeinde
Reichenberg;Gemeinde Reichenberg;Landkreis Rhein-Lahn-Kreis;Rheinland-Pfalz;071415009114;Gemeinde
Patersberg;Gemeinde Patersberg;Landkreis Rhein-Lahn-Kreis;Rheinland-Pfalz;071415009109;Gemeinde
Dessighofen;Gemeinde Dessighofen;Landkreis Rhein-Lahn-Kreis;Rheinland-Pfalz;071415010026;Gemeinde
Bernkastel-Kues;Stadt Bernkastel-Kues;Landkreis Bernkastel-Wittlich;Rheinland-Pfalz;072315001008;Stadt
Katzhütte;Gemeinde Katzhütte;Landkreis Saalfeld-Rudolstadt;Thüringen;160735012037;Gemeinde
Saalburg-Ebersdorf;Stadt Saalburg-Ebersdorf;Landkreis Saale-Orla-Kreis;Thüringen;160750135135;Stadt
Gefell;Stadt Gefell;Landkreis Saale-Orla-Kreis;Thüringen;160750131131;Stadt
Wyk auf Föhr;Stadt Wyk auf Föhr;Kreis Nordfriesland;Schleswig-Holstein;010545488164;Stadt
Gössitz;Gemeinde Gössitz;Landkreis Saale-Orla-Kreis;Thüringen;160755013035;Gemeinde
Schmorda;Gemeinde Schmorda;Landkreis Saale-Orla-Kreis;Thüringen;160755013101;Gemeinde
Krölpa;Gemeinde Krölpa;Landkreis Saale-Orla-Kreis;Thüringen;160755013129;Gemeinde
Lieberose;Stadt Lieberose;Landkreis Dahme-Spreewald;Brandenburg;120615113308;Stadt
Elsterwerda;Stadt Elsterwerda;Landkreis Elbe-Elster;Brandenburg;120620124124;Stadt
Schlieben;Stadt Schlieben;Landkreis Elbe-Elster;Brandenburg;120625209445;Stadt
Ketzin/Havel;Stadt Ketzin/Havel;Landkreis Havelland;Brandenburg;120630148148;Stadt
Frauendorf;Gemeinde Frauendorf;Landkreis Oberspreewald-Lausitz;Brandenburg;120665606064;Gemeinde
Lübbenau/Spreewald;Stadt Lübbenau/Spreewald;Landkreis Oberspreewald-Lausitz;Brandenburg;120660196196;Stadt
Dreifelden;Gemeinde Dreifelden;Landkreis Westerwaldkreis;Rheinland-Pfalz;071435002215;Gemeinde
Prinzenmoor;Gemeinde Prinzenmoor;Kreis Rendsburg-Eckernförde;Schleswig-Holstein;010585847129;Gemeinde
Garzau-Garzin;Gemeinde Garzau-Garzin;Landkreis Märkisch-Oderland;Brandenburg;120645408153;Gemeinde
Golzow;Gemeinde Golzow;Landkreis Märkisch-Oderland;Brandenburg;120645404172;Gemeinde
Königsmoos;Gemeinde Königsmoos;Landkreis Neuburg-Schrobenhausen;Bayern;091850163163;Gemeinde
Taufkirchen;Gemeinde Taufkirchen;Landkreis München;Bayern;091840145145;Gemeinde
Neubiberg;Gemeinde Neubiberg;Landkreis München;Bayern;091840146146;Gemeinde
Bergheim;Gemeinde Bergheim;Landkreis Neuburg-Schrobenhausen;Bayern;091855154118;Gemeinde
Dellstedt;Gemeinde Dellstedt;Kreis Dithmarschen;Schleswig-Holstein;010515169019;Gemeinde
Römnitz;Gemeinde Römnitz;Kreis Herzogtum Lauenburg;Schleswig-Holstein;010535358102;Gemeinde
Mustin;Gemeinde Mustin;Kreis Herzogtum Lauenburg;Schleswig-Holstein;010535358093;Gemeinde
Dissen-Striesow;Gemeinde Dissen-Striesow;Landkreis Spree-Neiße;Brandenburg;120715101041;Gemeinde
Schwielowsee;Gemeinde Schwielowsee;Landkreis Potsdam-Mittelmark;Brandenburg;120690590590;Gemeinde
Drehnow;Gemeinde Drehnow;Landkreis Spree-Neiße;Brandenburg;120715107060;Gemeinde
Blankenfelde-Mahlow;Gemeinde Blankenfelde-Mahlow;Landkreis Teltow-Fläming;Brandenburg;120720017017;Gemeinde
Spalt;Stadt Spalt;Landkreis Roth;Bayern;095760147147;Stadt
Niederer Fläming;Gemeinde Niederer Fläming;Landkreis Teltow-Fläming;Brandenburg;120725204298;Gemeinde
Brüssow;Stadt Brüssow;Landkreis Uckermark;Brandenburg;120735303085;Stadt
Angermünde;Stadt Angermünde;Landkreis Uckermark;Brandenburg;120730008008;Stadt
Welzow;Stadt Welzow;Landkreis Spree-Neiße;Brandenburg;120710408408;Stadt
Kröppen;Gemeinde Kröppen;Landkreis Südwestpfalz;Rheinland-Pfalz;073405003026;Gemeinde
Briesen;Gemeinde Briesen;Landkreis Spree-Neiße;Brandenburg;120715101028;Gemeinde
Sindelfingen;Stadt Sindelfingen;Landkreis Böblingen;Baden-Württemberg;081150045045;Stadt
Aichwald;Gemeinde Aichwald;Landkreis Esslingen;Baden-Württemberg;081160076076;Gemeinde
Wolfschlugen;Gemeinde Wolfschlugen;Landkreis Esslingen;Baden-Württemberg;081165005073;Gemeinde
Unterensingen;Gemeinde Unterensingen;Landkreis Esslingen;Baden-Württemberg;081165005068;Gemeinde
Ebersbach an der Fils;Stadt Ebersbach an der Fils;Landkreis Göppingen;Baden-Württemberg;081175002018;Stadt
Mainz;Stadt Mainz;Kreisfreie Stadt Mainz;Rheinland-Pfalz;073150000000;Stadt
Gingen an der Fils;Gemeinde Gingen an der Fils;Landkreis Göppingen;Baden-Württemberg;081175006025;Gemeinde
Ditzingen;Stadt Ditzingen;Landkreis Ludwigsburg;Baden-Württemberg;081180011011;Stadt
Biebelnheim;Gemeinde Biebelnheim;Landkreis Alzey-Worms;Rheinland-Pfalz;073315001010;Gemeinde
Schwieberdingen;Gemeinde Schwieberdingen;Landkreis Ludwigsburg;Baden-Württemberg;081185006067;Gemeinde
Ottersheim bei Landau;Gemeinde Ottersheim bei Landau;Landkreis Germersheim;Rheinland-Pfalz;073345001023;Gemeinde
Dreisen;Gemeinde Dreisen;Landkreis Donnersbergkreis;Rheinland-Pfalz;073335003017;Gemeinde
Scheibenhardt;Gemeinde Scheibenhardt;Landkreis Germersheim;Rheinland-Pfalz;073345002027;Gemeinde
Schladt;Gemeinde Schladt;Landkreis Bernkastel-Wittlich;Rheinland-Pfalz;072315008114;Gemeinde
Sulzbachtal;Gemeinde Sulzbachtal;Landkreis Kaiserslautern;Rheinland-Pfalz;073355010046;Gemeinde
Gönnersdorf;Gemeinde Gönnersdorf;Landkreis Vulkaneifel;Rheinland-Pfalz;072335006028;Gemeinde
Masthorn;Gemeinde Masthorn;Landkreis Eifelkreis Bitburg-Prüm;Rheinland-Pfalz;072325006265;Gemeinde
Damflos;Gemeinde Damflos;Landkreis Trier-Saarburg;Rheinland-Pfalz;072355001014;Gemeinde
Naurath (Eifel);Gemeinde Naurath (Eifel);Landkreis Trier-Saarburg;Rheinland-Pfalz;072355006091;Gemeinde
Fisch;Gemeinde Fisch;Landkreis Trier-Saarburg;Rheinland-Pfalz;072355008025;Gemeinde
Longen;Gemeinde Longen;Landkreis Trier-Saarburg;Rheinland-Pfalz;072355006077;Gemeinde
Nienwohld;Gemeinde Nienwohld;Kreis Stormarn;Schleswig-Holstein;010625218051;Gemeinde
Brokstedt;Gemeinde Brokstedt;Kreis Steinburg;Schleswig-Holstein;010615189019;Gemeinde
Scharbeutz;Gemeinde Scharbeutz;Kreis Ostholstein;Schleswig-Holstein;010550044044;Gemeinde
Strande;Gemeinde Strande;Kreis Rendsburg-Eckernförde;Schleswig-Holstein;010585822157;Gemeinde
Wedel;Stadt Wedel;Kreis Pinneberg;Schleswig-Holstein;010560050050;Stadt
Tornesch;Stadt Tornesch;Kreis Pinneberg;Schleswig-Holstein;010560048048;Stadt
Klamp;Gemeinde Klamp;Kreis Plön;Schleswig-Holstein;010575727035;Gemeinde
Kletkamp;Gemeinde Kletkamp;Kreis Plön;Schleswig-Holstein;010575727038;Gemeinde
Woldert;Gemeinde Woldert;Landkreis Neuwied;Rheinland-Pfalz;071385005078;Gemeinde
Schlesen;Gemeinde Schlesen;Kreis Plön;Schleswig-Holstein;010575775072;Gemeinde
Harrislee;Gemeinde Harrislee;Kreis Schleswig-Flensburg;Schleswig-Holstein;010590120120;Gemeinde
Saustrup;Gemeinde Saustrup;Kreis Schleswig-Flensburg;Schleswig-Holstein;010595974072;Gemeinde
Hollingstedt;Gemeinde Hollingstedt;Kreis Schleswig-Flensburg;Schleswig-Holstein;010595993039;Gemeinde
Ronnenberg;Stadt Ronnenberg;Landkreis Region Hannover;Niedersachsen;032410014014;Stadt
Sassenburg;Gemeinde Sassenburg;Landkreis Gifhorn;Niedersachsen;031510025025;Gemeinde
Brome;Gemeinde Brome;Landkreis Gifhorn;Niedersachsen;031515402005;Gemeinde
Groß Twülpstedt;Gemeinde Groß Twülpstedt;Landkreis Helmstedt;Niedersachsen;031545404009;Gemeinde
Bad Königshofen i.Grabfeld;Stadt Bad Königshofen i.Grabfeld;Landkreis Rhön-Grabfeld;Bayern;096730141141;Stadt
Oberelsbach;Gemeinde Oberelsbach;Landkreis Rhön-Grabfeld;Bayern;096730149149;Gemeinde
Heustreu;Gemeinde Heustreu;Landkreis Rhön-Grabfeld;Bayern;096735638133;Gemeinde
Hofheim i.UFr.;Stadt Hofheim i.UFr.;Landkreis Haßberge;Bayern;096745612149;Stadt
Großlangheim;Gemeinde Großlangheim;Landkreis Kitzingen;Bayern;096755615131;Gemeinde
Biebelried;Gemeinde Biebelried;Landkreis Kitzingen;Bayern;096755617113;Gemeinde
Karlstadt;Stadt Karlstadt;Landkreis Main-Spessart;Bayern;096770148148;Stadt
Elfershausen;Gemeinde Elfershausen;Landkreis Bad Kissingen;Bayern;096725607121;Gemeinde
Bruchhausen-Vilsen;Gemeinde Bruchhausen-Vilsen;Landkreis Diepholz;Niedersachsen;032515403049;Gemeinde
Harmstorf;Gemeinde Harmstorf;Landkreis Harburg;Niedersachsen;033535404017;Gemeinde
Heemsen;Gemeinde Heemsen;Landkreis Nienburg (Weser);Niedersachsen;032565402012;Gemeinde
Oberstedem;Gemeinde Oberstedem;Landkreis Eifelkreis Bitburg-Prüm;Rheinland-Pfalz;072325008097;Gemeinde
Heeßen;Gemeinde Heeßen;Landkreis Schaumburg;Niedersachsen;032575401012;Gemeinde
Bad Nenndorf;Stadt Bad Nenndorf;Landkreis Schaumburg;Niedersachsen;032575403006;Stadt
Winsen (Aller);Gemeinde Winsen (Aller);Landkreis Celle;Niedersachsen;033510024024;Gemeinde
Ruppertshüttener Forst;Gemeindefreies Gebiet Ruppertshüttener Forst;Landkreis Main-Spessart;Bayern;096779463463;Gemeindefreies Gebiet
Grettstadt;Gemeinde Grettstadt;Landkreis Schweinfurt;Bayern;096780138138;Gemeinde
Thüngersheim;Gemeinde Thüngersheim;Landkreis Würzburg;Bayern;096790194194;Gemeinde
Bütthard;Gemeinde Bütthard;Landkreis Würzburg;Bayern;096795648122;Gemeinde
Uettingen;Gemeinde Uettingen;Landkreis Würzburg;Bayern;096795649196;Gemeinde
Steindorf;Gemeinde Steindorf;Landkreis Aichach-Friedberg;Bayern;097715705168;Gemeinde
Thierhaupten;Gemeinde Thierhaupten;Landkreis Augsburg;Bayern;097720207207;Gemeinde
Untermeitingen;Gemeinde Untermeitingen;Landkreis Augsburg;Bayern;097725711209;Gemeinde
Bachhagel;Gemeinde Bachhagel;Landkreis Dillingen a.d.Donau;Bayern;097735714112;Gemeinde
Wittislingen;Gemeinde Wittislingen;Landkreis Dillingen a.d.Donau;Bayern;097735715183;Gemeinde
Gartow;Gemeindefreies Gebiet Gartow;Landkreis Lüchow-Dannenberg;Niedersachsen;033549501501;Gemeindefreies Gebiet
Barnstedt;Gemeinde Barnstedt;Landkreis Lüneburg;Niedersachsen;033555405006;Gemeinde
Röfingen;Gemeinde Röfingen;Landkreis Günzburg;Bayern;097745728178;Gemeinde
Vöhringen;Stadt Vöhringen;Landkreis Neu-Ulm;Bayern;097750162162;Stadt
Unterroth;Gemeinde Unterroth;Landkreis Neu-Ulm;Bayern;097755741161;Gemeinde
Boos;Gemeinde Boos;Landkreis Unterallgäu;Bayern;097785761120;Gemeinde
Apensen;Gemeinde Apensen;Landkreis Stade;Niedersachsen;033595401003;Gemeinde
Großenwörden;Gemeinde Großenwörden;Landkreis Stade;Niedersachsen;033595409019;Gemeinde
Suhlendorf;Gemeinde Suhlendorf;Landkreis Uelzen;Niedersachsen;033605404024;Gemeinde
Künzelsau;Stadt Künzelsau;Landkreis Hohenlohekreis;Baden-Württemberg;081265003046;Stadt
Bartholomä;Gemeinde Bartholomä;Landkreis Ostalbkreis;Baden-Württemberg;081365006007;Gemeinde
Kernen im Remstal;Gemeinde Kernen im Remstal;Landkreis Rems-Murr-Kreis;Baden-Württemberg;081190093093;Gemeinde
Kirchardt;Gemeinde Kirchardt;Landkreis Heilbronn;Baden-Württemberg;081255002049;Gemeinde
Hambergen;Gemeinde Hambergen;Landkreis Osterholz;Niedersachsen;033565401003;Gemeinde
Untereisesheim;Gemeinde Untereisesheim;Landkreis Heilbronn;Baden-Württemberg;081255008096;Gemeinde
Axstedt;Gemeinde Axstedt;Landkreis Osterholz;Niedersachsen;033565401001;Gemeinde
Tiste;Gemeinde Tiste;Landkreis Rotenburg (Wümme);Niedersachsen;033575405048;Gemeinde
Crimmitschau;Stadt Crimmitschau;Landkreis Zwickau;Sachsen;145245104030;Stadt
Hartmannsdorf b.Kirchberg;Gemeinde Hartmannsdorf b.Kirchberg;Landkreis Zwickau;Sachsen;145245111100;Gemeinde
Guxhagen;Gemeinde Guxhagen;Landkreis Schwalm-Eder-Kreis;Hessen;066340008008;Gemeinde
Homberg (Efze);Stadt Homberg (Efze);Landkreis Schwalm-Eder-Kreis;Hessen;066340009009;Stadt
Eichstetten am Kaiserstuhl;Gemeinde Eichstetten am Kaiserstuhl;Landkreis Breisgau-Hochschwarzwald;Baden-Württemberg;083155009030;Gemeinde
Twistetal;Gemeinde Twistetal;Landkreis Waldeck-Frankenberg;Hessen;066350018018;Gemeinde
Zschepplin;Gemeinde Zschepplin;Landkreis Nordsachsen;Sachsen;147305601360;Gemeinde
Apenburg-Winterfeld;Gemeinde Apenburg-Winterfeld;Landkreis Altmarkkreis Salzwedel;Sachsen-Anhalt;150815051026;Gemeinde
Wolmirstedt;Stadt Wolmirstedt;Landkreis Börde;Sachsen-Anhalt;150830565565;Stadt
Wallhausen;Gemeinde Wallhausen;Landkreis Schwäbisch Hall;Baden-Württemberg;081275008091;Gemeinde
Steinheim am Albuch;Gemeinde Steinheim am Albuch;Landkreis Heidenheim;Baden-Württemberg;081350032032;Gemeinde
Willstätt;Gemeinde Willstätt;Landkreis Ortenaukreis;Baden-Württemberg;083170141141;Gemeinde
Denkingen;Gemeinde Denkingen;Landkreis Tuttlingen;Baden-Württemberg;083275004010;Gemeinde
Ölbronn-Dürrn;Gemeinde Ölbronn-Dürrn;Landkreis Enzkreis;Baden-Württemberg;082365006075;Gemeinde
Wört;Gemeinde Wört;Landkreis Ostalbkreis;Baden-Württemberg;081365003084;Gemeinde
Eggenstein-Leopoldshafen;Gemeinde Eggenstein-Leopoldshafen;Landkreis Karlsruhe;Baden-Württemberg;082150102102;Gemeinde
Priborn;Gemeinde Priborn;Landkreis Mecklenburgische Seenplatte;Mecklenburg-Vorpommern;130715159118;Gemeinde
Schwarz;Gemeinde Schwarz;Landkreis Mecklenburgische Seenplatte;Mecklenburg-Vorpommern;130715159133;Gemeinde
Briggow;Gemeinde Briggow;Landkreis Mecklenburgische Seenplatte;Mecklenburg-Vorpommern;130715162018;Gemeinde
Kraftisried;Gemeinde Kraftisried;Landkreis Ostallgäu;Bayern;097775755144;Gemeinde
Wieden;Gemeinde Wieden;Landkreis Lörrach;Baden-Württemberg;083365006096;Gemeinde
Kienberg;Gemeinde Kienberg;Landkreis Traunstein;Bayern;091895170126;Gemeinde
Lörrach;Stadt Lörrach;Landkreis Lörrach;Baden-Württemberg;083365003050;Stadt
Stühlingen;Stadt Stühlingen;Landkreis Waldshut;Baden-Württemberg;083370106106;Stadt
Betzenweiler;Gemeinde Betzenweiler;Landkreis Biberach;Baden-Württemberg;084265001020;Gemeinde
Pfullingen;Stadt Pfullingen;Landkreis Reutlingen;Baden-Württemberg;084150059059;Stadt
Mariaposching;Gemeinde Mariaposching;Landkreis Straubing-Bogen;Bayern;092785252149;Gemeinde
Ammerbuch;Gemeinde Ammerbuch;Landkreis Tübingen;Baden-Württemberg;084160048048;Gemeinde
Wolde;Gemeinde Wolde;Landkreis Mecklenburgische Seenplatte;Mecklenburg-Vorpommern;130715163163;Gemeinde
Zirzow;Gemeinde Zirzow;Landkreis Mecklenburgische Seenplatte;Mecklenburg-Vorpommern;130715157170;Gemeinde
Altheim;Gemeinde Altheim;Landkreis Alb-Donau-Kreis;Baden-Württemberg;084255001004;Gemeinde
Erlenmoos;Gemeinde Erlenmoos;Landkreis Biberach;Baden-Württemberg;084265006043;Gemeinde
Döllstädt;Gemeinde Döllstädt;Landkreis Gotha;Thüringen;160675012011;Gemeinde
Tannheim;Gemeinde Tannheim;Landkreis Biberach;Baden-Württemberg;084265008117;Gemeinde
Munningen;Gemeinde Munningen;Landkreis Donau-Ries;Bayern;097795721188;Gemeinde
Thale;Stadt Thale;Landkreis Harz;Sachsen-Anhalt;150850330330;Stadt
Mengen;Stadt Mengen;Landkreis Sigmaringen;Baden-Württemberg;084375002076;Stadt
Krauchenwies;Gemeinde Krauchenwies;Landkreis Sigmaringen;Baden-Württemberg;084375006065;Gemeinde
Vogt;Gemeinde Vogt;Landkreis Ravensburg;Baden-Württemberg;084365006078;Gemeinde
Schellenberger Forst;Gemeindefreies Gebiet Schellenberger Forst;Landkreis Berchtesgadener Land;Bayern;091729454454;Gemeindefreies Gebiet
Verden (Aller);Stadt Verden (Aller);Landkreis Verden;Niedersachsen;033610012012;Stadt
Westerstede;Stadt Westerstede;Landkreis Ammerland;Niedersachsen;034510007007;Stadt
Boos;Gemeinde Boos;Landkreis Bad Kreuznach;Rheinland-Pfalz;071335006014;Gemeinde
Türkheim;Gemeinde Türkheim;Landkreis Unterallgäu;Bayern;097785764203;Gemeinde
Legau;Gemeinde Legau;Landkreis Unterallgäu;Bayern;097785767165;Gemeinde
Bolsterlang;Gemeinde Bolsterlang;Landkreis Oberallgäu;Bayern;097805742116;Gemeinde
Kotzen;Gemeinde Kotzen;Landkreis Havelland;Brandenburg;120635306165;Gemeinde
Hawangen;Gemeinde Hawangen;Landkreis Unterallgäu;Bayern;097785757149;Gemeinde
Menningen;Gemeinde Menningen;Landkreis Eifelkreis Bitburg-Prüm;Rheinland-Pfalz;072325005078;Gemeinde
Herbstmühle;Gemeinde Herbstmühle;Landkreis Eifelkreis Bitburg-Prüm;Rheinland-Pfalz;072325005049;Gemeinde
Roth an der Our;Gemeinde Roth an der Our;Landkreis Eifelkreis Bitburg-Prüm;Rheinland-Pfalz;072325005112;Gemeinde
Obernbreit;Gemeinde Obernbreit;Landkreis Kitzingen;Bayern;096755618156;Gemeinde
Irrhausen;Gemeinde Irrhausen;Landkreis Eifelkreis Bitburg-Prüm;Rheinland-Pfalz;072325001245;Gemeinde
Fintel;Gemeinde Fintel;Landkreis Rotenburg (Wümme);Niedersachsen;033575402015;Gemeinde
Bebensee;Gemeinde Bebensee;Kreis Segeberg;Schleswig-Holstein;010605053008;Gemeinde
Högersdorf;Gemeinde Högersdorf;Kreis Segeberg;Schleswig-Holstein;010605053041;Gemeinde
Krautscheid;Gemeinde Krautscheid;Landkreis Eifelkreis Bitburg-Prüm;Rheinland-Pfalz;072325001253;Gemeinde
Stein-Wingert;Gemeinde Stein-Wingert;Landkreis Westerwaldkreis;Rheinland-Pfalz;071435002296;Gemeinde
Ascheffel;Gemeinde Ascheffel;Kreis Rendsburg-Eckernförde;Schleswig-Holstein;010585890008;Gemeinde
Hamburg;Stadt Hamburg;Kreisfreie Stadt Hamburg;Hamburg;020000000000;Stadt
Faulbach;Gemeinde Faulbach;Landkreis Miltenberg;Bayern;096760124124;Gemeinde
Auerbach i.d.OPf.;Stadt Auerbach i.d.OPf.;Landkreis Amberg-Sulzbach;Bayern;093710113113;Stadt
Wöllstadt;Gemeinde Wöllstadt;Landkreis Wetteraukreis;Hessen;064400025025;Gemeinde
Glattbach;Gemeinde Glattbach;Landkreis Aschaffenburg;Bayern;096710120120;Gemeinde
Allendorf (Lumda);Stadt Allendorf (Lumda);Landkreis Gießen;Hessen;065310001001;Stadt
Neustadt a.d.Donau;Stadt Neustadt a.d.Donau;Landkreis Kelheim;Bayern;092730152152;Stadt
Trierscheid;Gemeinde Trierscheid;Landkreis Ahrweiler;Rheinland-Pfalz;071315001079;Gemeinde
Saara;Gemeinde Saara;Landkreis Greiz;Thüringen;160765006064;Gemeinde
Reinfeld (Holstein);Stadt Reinfeld (Holstein);Kreis Stormarn;Schleswig-Holstein;010620061061;Stadt
Neritz;Gemeinde Neritz;Kreis Stormarn;Schleswig-Holstein;010625207050;Gemeinde
Oggelshausen;Gemeinde Oggelshausen;Landkreis Biberach;Baden-Württemberg;084265001090;Gemeinde
Stadtoldendorf;Stadt Stadtoldendorf;Landkreis Holzminden;Niedersachsen;032555409034;Stadt
Luhden;Gemeinde Luhden;Landkreis Schaumburg;Niedersachsen;032575401022;Gemeinde
Lüdersfeld;Gemeinde Lüdersfeld;Landkreis Schaumburg;Niedersachsen;032575402021;Gemeinde
Seggebruch;Gemeinde Seggebruch;Landkreis Schaumburg;Niedersachsen;032575405034;Gemeinde
Sommerland;Gemeinde Sommerland;Kreis Steinburg;Schleswig-Holstein;010615134101;Gemeinde
Pollhagen;Gemeinde Pollhagen;Landkreis Schaumburg;Niedersachsen;032575404030;Gemeinde
Hespe;Gemeinde Hespe;Landkreis Schaumburg;Niedersachsen;032575405014;Gemeinde
Borsfleth;Gemeinde Borsfleth;Kreis Steinburg;Schleswig-Holstein;010615134015;Gemeinde
Besdorf;Gemeinde Besdorf;Kreis Steinburg;Schleswig-Holstein;010615168011;Gemeinde
Bechstedt;Gemeinde Bechstedt;Landkreis Saalfeld-Rudolstadt;Thüringen;160735054006;Gemeinde
Modautal;Gemeinde Modautal;Landkreis Darmstadt-Dieburg;Hessen;064320013013;Gemeinde
Molsberg;Gemeinde Molsberg;Landkreis Westerwaldkreis;Rheinland-Pfalz;071435008266;Gemeinde
Kronweiler;Gemeinde Kronweiler;Landkreis Birkenfeld;Rheinland-Pfalz;071345002048;Gemeinde
Mühltal;Gemeinde Mühltal;Landkreis Darmstadt-Dieburg;Hessen;064320014014;Gemeinde
Brachbach;Gemeinde Brachbach;Landkreis Altenkirchen (Westerwald);Rheinland-Pfalz;071325007012;Gemeinde
Dickendorf;Gemeinde Dickendorf;Landkreis Altenkirchen (Westerwald);Rheinland-Pfalz;071325009020;Gemeinde
Langenorla;Gemeinde Langenorla;Landkreis Saale-Orla-Kreis;Thüringen;160755005054;Gemeinde
Busenhausen;Gemeinde Busenhausen;Landkreis Altenkirchen (Westerwald);Rheinland-Pfalz;071325010017;Gemeinde
Altlay;Gemeinde Altlay;Landkreis Cochem-Zell;Rheinland-Pfalz;071355005003;Gemeinde
Voltlage;Gemeinde Voltlage;Landkreis Osnabrück;Niedersachsen;034595404032;Gemeinde
Forst (Eifel);Gemeinde Forst (Eifel);Landkreis Cochem-Zell;Rheinland-Pfalz;071355002031;Gemeinde
Gamlen;Gemeinde Gamlen;Landkreis Cochem-Zell;Rheinland-Pfalz;071355002033;Gemeinde
Boos;Gemeinde Boos;Landkreis Mayen-Koblenz;Rheinland-Pfalz;071375003014;Gemeinde
Düngenheim;Gemeinde Düngenheim;Landkreis Cochem-Zell;Rheinland-Pfalz;071355002023;Gemeinde
Jettingen;Gemeinde Jettingen;Landkreis Böblingen;Baden-Württemberg;081155005053;Gemeinde
Langenfeld;Gemeinde Langenfeld;Landkreis Mayen-Koblenz;Rheinland-Pfalz;071375003060;Gemeinde
Kleinkarlbach;Gemeinde Kleinkarlbach;Landkreis Bad Dürkheim;Rheinland-Pfalz;073325007031;Gemeinde
Weissach im Tal;Gemeinde Weissach im Tal;Landkreis Rems-Murr-Kreis;Baden-Württemberg;081195001083;Gemeinde
Beedenbostel;Gemeinde Beedenbostel;Landkreis Celle;Niedersachsen;033515403003;Gemeinde
Langenbrettach;Gemeinde Langenbrettach;Landkreis Heilbronn;Baden-Württemberg;081255009113;Gemeinde
Hollnseth;Gemeinde Hollnseth;Landkreis Cuxhaven;Niedersachsen;033525404024;Gemeinde
Güglingen;Stadt Güglingen;Landkreis Heilbronn;Baden-Württemberg;081255010038;Stadt
Sulzheim;Gemeinde Sulzheim;Landkreis Alzey-Worms;Rheinland-Pfalz;073315006063;Gemeinde
Kämpfelbach;Gemeinde Kämpfelbach;Landkreis Enzkreis;Baden-Württemberg;082365002074;Gemeinde
Sasbach am Kaiserstuhl;Gemeinde Sasbach am Kaiserstuhl;Landkreis Emmendingen;Baden-Württemberg;083165005038;Gemeinde
Rumohr;Gemeinde Rumohr;Kreis Rendsburg-Eckernförde;Schleswig-Holstein;010585896139;Gemeinde
Tosterglope;Gemeinde Tosterglope;Landkreis Lüneburg;Niedersachsen;033555403037;Gemeinde
Bergenhausen;Gemeinde Bergenhausen;Landkreis Rhein-Hunsrück-Kreis;Rheinland-Pfalz;071405008012;Gemeinde
Külz (Hunsrück);Gemeinde Külz (Hunsrück);Landkreis Rhein-Hunsrück-Kreis;Rheinland-Pfalz;071405008076;Gemeinde
Horn;Gemeinde Horn;Landkreis Rhein-Hunsrück-Kreis;Rheinland-Pfalz;071405008058;Gemeinde
Dürbheim;Gemeinde Dürbheim;Landkreis Tuttlingen;Baden-Württemberg;083275004011;Gemeinde
Niederstaufenbach;Gemeinde Niederstaufenbach;Landkreis Kusel;Rheinland-Pfalz;073365010068;Gemeinde
Hunzel;Gemeinde Hunzel;Landkreis Rhein-Lahn-Kreis;Rheinland-Pfalz;071415007063;Gemeinde
Bendorf;Gemeinde Bendorf;Kreis Rendsburg-Eckernförde;Schleswig-Holstein;010585895014;Gemeinde
Obertiefenbach;Gemeinde Obertiefenbach;Landkreis Rhein-Lahn-Kreis;Rheinland-Pfalz;071415007104;Gemeinde
Dittweiler;Gemeinde Dittweiler;Landkreis Kusel;Rheinland-Pfalz;073365009016;Gemeinde
Herchweiler;Gemeinde Herchweiler;Landkreis Kusel;Rheinland-Pfalz;073365010039;Gemeinde
Niedertiefenbach;Gemeinde Niedertiefenbach;Landkreis Rhein-Lahn-Kreis;Rheinland-Pfalz;071415011096;Gemeinde
Ebertshausen;Gemeinde Ebertshausen;Landkreis Rhein-Lahn-Kreis;Rheinland-Pfalz;071415011034;Gemeinde
Rettert;Gemeinde Rettert;Landkreis Rhein-Lahn-Kreis;Rheinland-Pfalz;071415011117;Gemeinde
Langenbach bei Kirburg;Gemeinde Langenbach bei Kirburg;Landkreis Westerwaldkreis;Rheinland-Pfalz;071435001253;Gemeinde
Monzelfeld;Gemeinde Monzelfeld;Landkreis Bernkastel-Wittlich;Rheinland-Pfalz;072315001087;Gemeinde
Nürburg;Gemeinde Nürburg;Landkreis Ahrweiler;Rheinland-Pfalz;071315001058;Gemeinde
Arenrath;Gemeinde Arenrath;Landkreis Bernkastel-Wittlich;Rheinland-Pfalz;072315008003;Gemeinde
Dankerath;Gemeinde Dankerath;Landkreis Ahrweiler;Rheinland-Pfalz;071315001015;Gemeinde
Rüber;Gemeinde Rüber;Landkreis Mayen-Koblenz;Rheinland-Pfalz;071375002095;Gemeinde
Behringersdorfer Forst;Gemeindefreies Gebiet Behringersdorfer Forst;Landkreis Nürnberger Land;Bayern;095749451451;Gemeindefreies Gebiet
Neustadt a.d.Aisch;Stadt Neustadt a.d.Aisch;Landkreis Neustadt a.d.Aisch-Bad Windsheim;Bayern;095750153153;Stadt
Sehlen;Gemeinde Sehlen;Landkreis Vorpommern-Rügen;Mecklenburg-Vorpommern;130735353083;Gemeinde
Lindholz;Gemeinde Lindholz;Landkreis Vorpommern-Rügen;Mecklenburg-Vorpommern;130735360050;Gemeinde
Eberfing;Gemeinde Eberfing;Landkreis Weilheim-Schongau;Bayern;091905177120;Gemeinde
Pfeffenhausen;Gemeinde Pfeffenhausen;Landkreis Landshut;Bayern;092740172172;Gemeinde
Meiersberg;Gemeinde Meiersberg;Landkreis Vorpommern-Greifswald;Mecklenburg-Vorpommern;130755552089;Gemeinde
Frauenforst;Gemeindefreies Gebiet Frauenforst;Landkreis Kelheim;Bayern;092739452452;Gemeindefreies Gebiet
Obersüßbach;Gemeinde Obersüßbach;Landkreis Landshut;Bayern;092745221165;Gemeinde
Postau;Gemeinde Postau;Landkreis Landshut;Bayern;092745222174;Gemeinde
Kößlarn;Gemeinde Kößlarn;Landkreis Passau;Bayern;092750131131;Gemeinde
Elsenfeld;Gemeinde Elsenfeld;Landkreis Miltenberg;Bayern;096760121121;Gemeinde
Wurmannsquick;Gemeinde Wurmannsquick;Landkreis Rottal-Inn;Bayern;092770153153;Gemeinde
Schwarzenbek;Stadt Schwarzenbek;Kreis Herzogtum Lauenburg;Schleswig-Holstein;010530116116;Stadt
Niendorf bei Berkenthin;Gemeinde Niendorf bei Berkenthin;Kreis Herzogtum Lauenburg;Schleswig-Holstein;010535308094;Gemeinde
Fitzen;Gemeinde Fitzen;Kreis Herzogtum Lauenburg;Schleswig-Holstein;010535318029;Gemeinde
Retzstadt;Gemeinde Retzstadt;Landkreis Main-Spessart;Bayern;096775625175;Gemeinde
Hamwarde;Gemeinde Hamwarde;Kreis Herzogtum Lauenburg;Schleswig-Holstein;010535323050;Gemeinde
Ludwigschorgast;Gemeinde Ludwigschorgast;Landkreis Kulmbach;Bayern;094775437135;Gemeinde
Lütau;Gemeinde Lütau;Kreis Herzogtum Lauenburg;Schleswig-Holstein;010535343087;Gemeinde
Konzell;Gemeinde Konzell;Landkreis Straubing-Bogen;Bayern;092780143143;Gemeinde
Landau a.d.Isar;Stadt Landau a.d.Isar;Landkreis Dingolfing-Landau;Bayern;092790122122;Stadt
Stamsried;Gemeinde Stamsried;Landkreis Cham;Bayern;093725310161;Gemeinde
Windischeschenbach;Stadt Windischeschenbach;Landkreis Neustadt a.d.Waldnaab;Bayern;093740168168;Stadt
Deining;Gemeinde Deining;Landkreis Neumarkt i.d.OPf.;Bayern;093730119119;Gemeinde
Bischberg;Gemeinde Bischberg;Landkreis Bamberg;Bayern;094710117117;Gemeinde
Seedorf;Gemeinde Seedorf;Kreis Herzogtum Lauenburg;Schleswig-Holstein;010535358117;Gemeinde
Beratzhausen;Gemeinde Beratzhausen;Landkreis Regensburg;Bayern;093750118118;Gemeinde
Wörth a.d.Donau;Stadt Wörth a.d.Donau;Landkreis Regensburg;Bayern;093755336210;Stadt
Altendorf;Gemeinde Altendorf;Landkreis Schwandorf;Bayern;093765341112;Gemeinde
Neukirchen-Balbini;Gemeinde Neukirchen-Balbini;Landkreis Schwandorf;Bayern;093765345146;Gemeinde
Kloster Tempzin;Gemeinde Kloster Tempzin;Landkreis Ludwigslust-Parchim;Mecklenburg-Vorpommern;130765664167;Gemeinde
Crivitz;Stadt Crivitz;Landkreis Ludwigslust-Parchim;Mecklenburg-Vorpommern;130765668025;Stadt
Plate;Gemeinde Plate;Landkreis Ludwigslust-Parchim;Mecklenburg-Vorpommern;130765668113;Gemeinde
Tannenberg;Gemeinde Tannenberg;Landkreis Erzgebirgskreis;Sachsen;145215110610;Gemeinde
Domsühl;Gemeinde Domsühl;Landkreis Ludwigslust-Parchim;Mecklenburg-Vorpommern;130765662035;Gemeinde
Brenz;Gemeinde Brenz;Landkreis Ludwigslust-Parchim;Mecklenburg-Vorpommern;130765660017;Gemeinde
Barkhagen;Gemeinde Barkhagen;Landkreis Ludwigslust-Parchim;Mecklenburg-Vorpommern;130765663006;Gemeinde
Schwabhausen;Gemeinde Schwabhausen;Landkreis Dachau;Bayern;091740143143;Gemeinde
Pliening;Gemeinde Pliening;Landkreis Ebersberg;Bayern;091750133133;Gemeinde
Frauenneuharting;Gemeinde Frauenneuharting;Landkreis Ebersberg;Bayern;091755112119;Gemeinde
Bruck;Gemeinde Bruck;Landkreis Ebersberg;Bayern;091755114114;Gemeinde
Geroldshausen;Gemeinde Geroldshausen;Landkreis Würzburg;Bayern;096795650137;Gemeinde
Gauern;Gemeinde Gauern;Landkreis Greiz;Thüringen;160765004019;Gemeinde
Osterwald;Gemeinde Osterwald;Landkreis Grafschaft Bentheim;Niedersachsen;034565402017;Gemeinde
Varel;Stadt Varel;Landkreis Friesland;Niedersachsen;034550026026;Stadt
Breitenheim;Gemeinde Breitenheim;Landkreis Bad Kreuznach;Rheinland-Pfalz;071335010017;Gemeinde
Hilden;Stadt Hilden;Kreis Mettmann;Nordrhein-Westfalen;051580016016;Stadt
Insel Lütje Hörn;Gemeindefreies Gebiet Insel Lütje Hörn;Landkreis Leer;Niedersachsen;034579501501;Gemeindefreies Gebiet
Rengsdorf;Gemeinde Rengsdorf;Landkreis Neuwied;Rheinland-Pfalz;071385009061;Gemeinde
Schmittweiler;Gemeinde Schmittweiler;Landkreis Bad Kreuznach;Rheinland-Pfalz;071335010090;Gemeinde
Hilkenbrook;Gemeinde Hilkenbrook;Landkreis Emsland;Niedersachsen;034545406022;Gemeinde
Traisen;Gemeinde Traisen;Landkreis Bad Kreuznach;Rheinland-Pfalz;071335006105;Gemeinde
Untershausen;Gemeinde Untershausen;Landkreis Westerwaldkreis;Rheinland-Pfalz;071435004077;Gemeinde
Fuhlenhagen;Gemeinde Fuhlenhagen;Kreis Herzogtum Lauenburg;Schleswig-Holstein;010535373031;Gemeinde
Grevenbroich;Stadt Grevenbroich;Kreis Rhein-Kreis Neuss;Nordrhein-Westfalen;051620008008;Stadt
Wachtberg;Gemeinde Wachtberg;Kreis Rhein-Sieg-Kreis;Nordrhein-Westfalen;053820072072;Gemeinde
Windeck;Gemeinde Windeck;Kreis Rhein-Sieg-Kreis;Nordrhein-Westfalen;053820076076;Gemeinde
Ulrichstein;Stadt Ulrichstein;Landkreis Vogelsbergkreis;Hessen;065350018018;Stadt
Heimbach;Stadt Heimbach;Kreis Düren;Nordrhein-Westfalen;053580012012;Stadt
Schleiden;Stadt Schleiden;Kreis Euskirchen;Nordrhein-Westfalen;053660036036;Stadt
Erkelenz;Stadt Erkelenz;Kreis Heinsberg;Nordrhein-Westfalen;053700004004;Stadt
Reichshof;Gemeinde Reichshof;Kreis Oberbergischer Kreis;Nordrhein-Westfalen;053740040040;Gemeinde
Alfter;Gemeinde Alfter;Kreis Rhein-Sieg-Kreis;Nordrhein-Westfalen;053820004004;Gemeinde
Eitorf;Gemeinde Eitorf;Kreis Rhein-Sieg-Kreis;Nordrhein-Westfalen;053820016016;Gemeinde
Marl;Stadt Marl;Kreis Recklinghausen;Nordrhein-Westfalen;055620024024;Stadt
Biebesheim am Rhein;Gemeinde Biebesheim am Rhein;Landkreis Groß-Gerau;Hessen;064330001001;Gemeinde
Lienen;Gemeinde Lienen;Kreis Steinfurt;Nordrhein-Westfalen;055660044044;Gemeinde
Ötzingen;Gemeinde Ötzingen;Landkreis Westerwaldkreis;Rheinland-Pfalz;071435010060;Gemeinde
Seinsfeld;Gemeinde Seinsfeld;Landkreis Eifelkreis Bitburg-Prüm;Rheinland-Pfalz;072325008306;Gemeinde
Bünde;Stadt Bünde;Kreis Herford;Nordrhein-Westfalen;057580004004;Stadt
Lage;Stadt Lage;Kreis Lippe;Nordrhein-Westfalen;057660040040;Stadt
Bleckhausen;Gemeinde Bleckhausen;Landkreis Vulkaneifel;Rheinland-Pfalz;072335001008;Gemeinde
Brockscheid;Gemeinde Brockscheid;Landkreis Vulkaneifel;Rheinland-Pfalz;072335001011;Gemeinde
Reichenbach;Gemeinde Reichenbach;Landkreis Kronach;Bayern;094765433166;Gemeinde
Millienhagen-Oebelitz;Gemeinde Millienhagen-Oebelitz;Landkreis Vorpommern-Rügen;Mecklenburg-Vorpommern;130735355057;Gemeinde
Untersiemau;Gemeinde Untersiemau;Landkreis Coburg;Bayern;094730170170;Gemeinde
Gerbstedt;Stadt Gerbstedt;Landkreis Mansfeld-Südharz;Sachsen-Anhalt;150870165165;Stadt
Petersberg;Gemeinde Petersberg;Landkreis Saalekreis;Sachsen-Anhalt;150880295295;Gemeinde
Wallhausen;Gemeinde Wallhausen;Landkreis Mansfeld-Südharz;Sachsen-Anhalt;150875051440;Gemeinde
Kunreuth;Gemeinde Kunreuth;Landkreis Forchheim;Bayern;094745422145;Gemeinde
Wiesenttal;Gemeinde Wiesenttal;Landkreis Forchheim;Bayern;094740176176;Gemeinde
Bodenbach;Gemeinde Bodenbach;Landkreis Vulkaneifel;Rheinland-Pfalz;072335004205;Gemeinde
Am Ohmberg;Gemeinde Am Ohmberg;Landkreis Eichsfeld;Thüringen;160610116116;Gemeinde
Schimberg;Gemeinde Schimberg;Landkreis Eichsfeld;Thüringen;160615014113;Gemeinde
Hallenberg;Stadt Hallenberg;Kreis Hochsauerlandkreis;Nordrhein-Westfalen;059580020020;Stadt
Maisborn;Gemeinde Maisborn;Landkreis Rhein-Hunsrück-Kreis;Rheinland-Pfalz;071405009089;Gemeinde
Bürstadt;Stadt Bürstadt;Landkreis Bergstraße;Hessen;064310005005;Stadt
Otzberg;Gemeinde Otzberg;Landkreis Darmstadt-Dieburg;Hessen;064320017017;Gemeinde
Kreuztal;Stadt Kreuztal;Kreis Siegen-Wittgenstein;Nordrhein-Westfalen;059700024024;Stadt
Freigericht;Gemeinde Freigericht;Landkreis Main-Kinzig-Kreis;Hessen;064350009009;Gemeinde
Breitscheid;Gemeinde Breitscheid;Landkreis Mainz-Bingen;Rheinland-Pfalz;073395001007;Gemeinde
Karben;Stadt Karben;Landkreis Wetteraukreis;Hessen;064400012012;Stadt
Rabenau;Gemeinde Rabenau;Landkreis Gießen;Hessen;065310015015;Gemeinde
Stadecken-Elsheim;Gemeinde Stadecken-Elsheim;Landkreis Mainz-Bingen;Rheinland-Pfalz;073395006057;Gemeinde
Pohlheim;Stadt Pohlheim;Landkreis Gießen;Hessen;065310014014;Stadt
Müden (Mosel);Gemeinde Müden (Mosel);Landkreis Cochem-Zell;Rheinland-Pfalz;071355001066;Gemeinde
Welgesheim;Gemeinde Welgesheim;Landkreis Mainz-Bingen;Rheinland-Pfalz;073395008065;Gemeinde
Germersheim;Stadt Germersheim;Landkreis Germersheim;Rheinland-Pfalz;073340007007;Stadt
Friedewald;Gemeinde Friedewald;Landkreis Hersfeld-Rotenburg;Hessen;066320006006;Gemeinde
Breitenbach a.Herzberg;Gemeinde Breitenbach a.Herzberg;Landkreis Hersfeld-Rotenburg;Hessen;066320004004;Gemeinde
Tröstau;Gemeinde Tröstau;Landkreis Wunsiedel i.Fichtelgebirge;Bayern;094795444161;Gemeinde
Stammham;Gemeinde Stammham;Landkreis Eichstätt;Bayern;091760161161;Gemeinde
Wartenberg;Gemeinde Wartenberg;Landkreis Erding;Bayern;091775126143;Gemeinde
Ammerndorf;Gemeinde Ammerndorf;Landkreis Fürth;Bayern;095730111111;Gemeinde
Geschaidt;Gemeindefreies Gebiet Geschaidt;Landkreis Erlangen-Höchstadt;Bayern;095729456456;Gemeindefreies Gebiet
Löbichau;Gemeinde Löbichau;Landkreis Altenburger Land;Thüringen;160775009026;Gemeinde
Nandlstadt;Gemeinde Nandlstadt;Landkreis Freising;Bayern;091780144144;Gemeinde
Haag a.d.Amper;Gemeinde Haag a.d.Amper;Landkreis Freising;Bayern;091785130129;Gemeinde
Oberammergau;Gemeinde Oberammergau;Landkreis Garmisch-Partenkirchen;Bayern;091800125125;Gemeinde
Riegsee;Gemeinde Riegsee;Landkreis Garmisch-Partenkirchen;Bayern;091805137128;Gemeinde
Wutha-Farnroda;Gemeinde Wutha-Farnroda;Landkreis Wartburgkreis;Thüringen;160630092092;Gemeinde
Marolterode;Gemeinde Marolterode;Landkreis Unstrut-Hainich-Kreis;Thüringen;160645055043;Gemeinde
Helbedündorf;Gemeinde Helbedündorf;Landkreis Kyffhäuserkreis;Thüringen;160650032032;Gemeinde
Reinsdorf;Gemeinde Reinsdorf;Landkreis Kyffhäuserkreis;Thüringen;160655055056;Gemeinde
Südeichsfeld;Gemeinde Südeichsfeld;Landkreis Unstrut-Hainich-Kreis;Thüringen;160640074074;Gemeinde
Amt Creuzburg;Stadt Amt Creuzburg;Landkreis Wartburgkreis;Thüringen;160635006104;Stadt
Buttstädt;Gemeinde Buttstädt;Landkreis Sömmerda;Thüringen;160680063063;Gemeinde
Heldburg;Stadt Heldburg;Landkreis Hildburghausen;Thüringen;160695004063;Stadt
Hasselbach;Gemeinde Hasselbach;Landkreis Rhein-Hunsrück-Kreis;Rheinland-Pfalz;071405003046;Gemeinde
Mermuth;Gemeinde Mermuth;Landkreis Rhein-Hunsrück-Kreis;Rheinland-Pfalz;071405009093;Gemeinde
Pfalzfeld;Gemeinde Pfalzfeld;Landkreis Rhein-Hunsrück-Kreis;Rheinland-Pfalz;071405009117;Gemeinde
Urbar;Gemeinde Urbar;Landkreis Rhein-Hunsrück-Kreis;Rheinland-Pfalz;071405009155;Gemeinde
Hambach;Gemeinde Hambach;Landkreis Rhein-Lahn-Kreis;Rheinland-Pfalz;071415003052;Gemeinde
Welterod;Gemeinde Welterod;Landkreis Rhein-Lahn-Kreis;Rheinland-Pfalz;071415007137;Gemeinde
Pölich;Gemeinde Pölich;Landkreis Trier-Saarburg;Rheinland-Pfalz;072355006108;Gemeinde
Hetzerath;Gemeinde Hetzerath;Landkreis Bernkastel-Wittlich;Rheinland-Pfalz;072315008053;Gemeinde
Apolda;Stadt Apolda;Landkreis Weimarer Land;Thüringen;160710001001;Stadt
Steinach;Stadt Steinach;Landkreis Sonneberg;Thüringen;160720019019;Stadt
Heideland;Gemeinde Heideland;Landkreis Saale-Holzland-Kreis;Thüringen;160745005039;Gemeinde
Großpürschütz;Gemeinde Großpürschütz;Landkreis Saale-Holzland-Kreis;Thüringen;160745011033;Gemeinde
Miesitz;Gemeinde Miesitz;Landkreis Saale-Orla-Kreis;Thüringen;160755011065;Gemeinde
Witsum;Gemeinde Witsum;Kreis Nordfriesland;Schleswig-Holstein;010545488158;Gemeinde
Fichtwald;Gemeinde Fichtwald;Landkreis Elbe-Elster;Brandenburg;120625209134;Gemeinde
Schraden;Gemeinde Schraden;Landkreis Elbe-Elster;Brandenburg;120625207464;Gemeinde
Wittendörp;Gemeinde Wittendörp;Landkreis Ludwigslust-Parchim;Mecklenburg-Vorpommern;130765666153;Gemeinde
Embühren;Gemeinde Embühren;Kreis Rendsburg-Eckernförde;Schleswig-Holstein;010585853048;Gemeinde
Alt Bukow;Gemeinde Alt Bukow;Landkreis Rostock;Mecklenburg-Vorpommern;130725259002;Gemeinde
Weyarn;Gemeinde Weyarn;Landkreis Miesbach;Bayern;091820137137;Gemeinde
Küstriner Vorland;Gemeinde Küstriner Vorland;Landkreis Märkisch-Oderland;Brandenburg;120645404266;Gemeinde
Treplin;Gemeinde Treplin;Landkreis Märkisch-Oderland;Brandenburg;120645406480;Gemeinde
Ragow-Merz;Gemeinde Ragow-Merz;Landkreis Oder-Spree;Brandenburg;120675708397;Gemeinde
Grasbrunn;Gemeinde Grasbrunn;Landkreis München;Bayern;091840121121;Gemeinde
Aresing;Gemeinde Aresing;Landkreis Neuburg-Schrobenhausen;Bayern;091850113113;Gemeinde
Perlacher Forst;Gemeindefreies Gebiet Perlacher Forst;Landkreis München;Bayern;091849457457;Gemeindefreies Gebiet
Lutzhorn;Gemeinde Lutzhorn;Kreis Pinneberg;Schleswig-Holstein;010565660035;Gemeinde
Glüsing;Gemeinde Glüsing;Kreis Dithmarschen;Schleswig-Holstein;010515169036;Gemeinde
Rosenau;Gemeinde Rosenau;Landkreis Potsdam-Mittelmark;Brandenburg;120695917537;Gemeinde
Wusterwitz;Gemeinde Wusterwitz;Landkreis Potsdam-Mittelmark;Brandenburg;120695917688;Gemeinde
Thalmässing;Gemeinde Thalmässing;Landkreis Roth;Bayern;095760148148;Gemeinde
Rohr;Gemeinde Rohr;Landkreis Roth;Bayern;095760142142;Gemeinde
Bad Bocklet;Gemeinde Bad Bocklet;Landkreis Bad Kissingen;Bayern;096720112112;Gemeinde
Burg (Spreewald);Gemeinde Burg (Spreewald);Landkreis Spree-Neiße;Brandenburg;120715101032;Gemeinde
Riedelberg;Gemeinde Riedelberg;Landkreis Südwestpfalz;Rheinland-Pfalz;073405008221;Gemeinde
Holzgerlingen;Stadt Holzgerlingen;Landkreis Böblingen;Baden-Württemberg;081155004024;Stadt
Worms;Stadt Worms;Kreisfreie Stadt Worms;Rheinland-Pfalz;073190000000;Stadt
Haselau;Gemeinde Haselau;Kreis Pinneberg;Schleswig-Holstein;010565690019;Gemeinde
Neuleiningen;Gemeinde Neuleiningen;Landkreis Bad Dürkheim;Rheinland-Pfalz;073325007038;Gemeinde
Schwarzenborn;Gemeinde Schwarzenborn;Landkreis Bernkastel-Wittlich;Rheinland-Pfalz;072315008116;Gemeinde
Bann;Gemeinde Bann;Landkreis Kaiserslautern;Rheinland-Pfalz;073355011002;Gemeinde
Wolfstein;Stadt Wolfstein;Landkreis Kusel;Rheinland-Pfalz;073365008105;Stadt
Schweighofen;Gemeinde Schweighofen;Landkreis Südliche Weinstraße;Rheinland-Pfalz;073375002072;Gemeinde
Freimersheim (Pfalz);Gemeinde Freimersheim (Pfalz);Landkreis Südliche Weinstraße;Rheinland-Pfalz;073375003027;Gemeinde
Rumbach;Gemeinde Rumbach;Landkreis Südwestpfalz;Rheinland-Pfalz;073405001039;Gemeinde
Zweifelscheid;Gemeinde Zweifelscheid;Landkreis Eifelkreis Bitburg-Prüm;Rheinland-Pfalz;072325005138;Gemeinde
Lampaden;Gemeinde Lampaden;Landkreis Trier-Saarburg;Rheinland-Pfalz;072355008072;Gemeinde
Oelixdorf;Gemeinde Oelixdorf;Kreis Steinburg;Schleswig-Holstein;010615104079;Gemeinde
Kellinghusen;Stadt Kellinghusen;Kreis Steinburg;Schleswig-Holstein;010615189049;Stadt
Damlos;Gemeinde Damlos;Kreis Ostholstein;Schleswig-Holstein;010555546011;Gemeinde
Pölitz;Gemeinde Pölitz;Kreis Stormarn;Schleswig-Holstein;010625207056;Gemeinde
Kummerfeld;Gemeinde Kummerfeld;Kreis Pinneberg;Schleswig-Holstein;010565687032;Gemeinde
Blekendorf;Gemeinde Blekendorf;Kreis Plön;Schleswig-Holstein;010575727007;Gemeinde
Schönkirchen;Gemeinde Schönkirchen;Kreis Plön;Schleswig-Holstein;010575782074;Gemeinde
Bendestorf;Gemeinde Bendestorf;Landkreis Harburg;Niedersachsen;033535404003;Gemeinde
Holzdorf;Gemeinde Holzdorf;Kreis Rendsburg-Eckernförde;Schleswig-Holstein;010585893082;Gemeinde
Techelsdorf;Gemeinde Techelsdorf;Kreis Rendsburg-Eckernförde;Schleswig-Holstein;010585896160;Gemeinde
Ehndorf;Gemeinde Ehndorf;Kreis Rendsburg-Eckernförde;Schleswig-Holstein;010585895044;Gemeinde
Heuzert;Gemeinde Heuzert;Landkreis Westerwaldkreis;Rheinland-Pfalz;071435002240;Gemeinde
Scheggerott;Gemeinde Scheggerott;Kreis Schleswig-Flensburg;Schleswig-Holstein;010595974074;Gemeinde
Ulsnis;Gemeinde Ulsnis;Kreis Schleswig-Flensburg;Schleswig-Holstein;010595974094;Gemeinde
Klappholz;Gemeinde Klappholz;Kreis Schleswig-Flensburg;Schleswig-Holstein;010595987049;Gemeinde
Stoltebüll;Gemeinde Stoltebüll;Kreis Schleswig-Flensburg;Schleswig-Holstein;010595990168;Gemeinde
Lengenbostel;Gemeinde Lengenbostel;Landkreis Rotenburg (Wümme);Niedersachsen;033575405034;Gemeinde
Steinbergkirche;Gemeinde Steinbergkirche;Kreis Schleswig-Flensburg;Schleswig-Holstein;010595990186;Gemeinde
Sülfeld;Gemeinde Sülfeld;Kreis Segeberg;Schleswig-Holstein;010605034085;Gemeinde
Wahlstedt;Stadt Wahlstedt;Kreis Segeberg;Schleswig-Holstein;010600092092;Stadt
Hartenholm;Gemeinde Hartenholm;Kreis Segeberg;Schleswig-Holstein;010605043034;Gemeinde
Neuengörs;Gemeinde Neuengörs;Kreis Segeberg;Schleswig-Holstein;010605086061;Gemeinde
Galmsbüll;Gemeinde Galmsbüll;Kreis Nordfriesland;Schleswig-Holstein;010545489165;Gemeinde
Danndorf;Gemeinde Danndorf;Landkreis Helmstedt;Niedersachsen;031545404004;Gemeinde
Nörvenich;Gemeinde Nörvenich;Kreis Düren;Nordrhein-Westfalen;053580052052;Gemeinde
Etteldorf;Gemeinde Etteldorf;Landkreis Eifelkreis Bitburg-Prüm;Rheinland-Pfalz;072325008035;Gemeinde
Gindorf;Gemeinde Gindorf;Landkreis Eifelkreis Bitburg-Prüm;Rheinland-Pfalz;072325008043;Gemeinde
Sandberg;Gemeinde Sandberg;Landkreis Rhön-Grabfeld;Bayern;096730162162;Gemeinde
Mellrichstadt;Stadt Mellrichstadt;Landkreis Rhön-Grabfeld;Bayern;096735633142;Stadt
Helmstadt;Gemeinde Helmstadt;Landkreis Würzburg;Bayern;096795649144;Gemeinde
Prichsenstadt;Stadt Prichsenstadt;Landkreis Kitzingen;Bayern;096750158158;Stadt
Mottener Forst-Süd;Gemeindefreies Gebiet Mottener Forst-Süd;Landkreis Bad Kissingen;Bayern;096729461461;Gemeindefreies Gebiet
Rhade;Gemeinde Rhade;Landkreis Rotenburg (Wümme);Niedersachsen;033575404038;Gemeinde
Twistringen;Stadt Twistringen;Landkreis Diepholz;Niedersachsen;032510042042;Stadt
Scholen;Gemeinde Scholen;Landkreis Diepholz;Niedersachsen;032515406031;Gemeinde
Staffhorst;Gemeinde Staffhorst;Landkreis Diepholz;Niedersachsen;032515407035;Gemeinde
Bad Münder am Deister;Stadt Bad Münder am Deister;Landkreis Hameln-Pyrmont;Niedersachsen;032520002002;Stadt
Bevern;Gemeinde Bevern;Landkreis Holzminden;Niedersachsen;032555401002;Gemeinde
Ottenstein;Gemeinde Ottenstein;Landkreis Holzminden;Niedersachsen;032555408031;Gemeinde
Pegestorf;Gemeinde Pegestorf;Landkreis Holzminden;Niedersachsen;032555408032;Gemeinde
Flintsbach a.Inn;Gemeinde Flintsbach a.Inn;Landkreis Rosenheim;Bayern;091870131131;Gemeinde
Wörthsee;Gemeinde Wörthsee;Landkreis Starnberg;Bayern;091880145145;Gemeinde
Neuhütten;Gemeinde Neuhütten;Landkreis Main-Spessart;Bayern;096775656165;Gemeinde
Gerbrunn;Gemeinde Gerbrunn;Landkreis Würzburg;Bayern;096790136136;Gemeinde
Neusäß;Stadt Neusäß;Landkreis Augsburg;Bayern;097720184184;Stadt
Rehling;Gemeinde Rehling;Landkreis Aichach-Friedberg;Bayern;097710158158;Gemeinde
Gessertshausen;Gemeinde Gessertshausen;Landkreis Augsburg;Bayern;097725708148;Gemeinde
Medlingen;Gemeinde Medlingen;Landkreis Dillingen a.d.Donau;Bayern;097735713153;Gemeinde
Altenmünster;Gemeinde Altenmünster;Landkreis Augsburg;Bayern;097720115115;Gemeinde
Garlstorf;Gemeinde Garlstorf;Landkreis Harburg;Niedersachsen;033535405011;Gemeinde
Asperg;Stadt Asperg;Landkreis Ludwigsburg;Baden-Württemberg;081180003003;Stadt
Hitzacker (Elbe);Stadt Hitzacker (Elbe);Landkreis Lüchow-Dannenberg;Niedersachsen;033545406009;Stadt
Ursberg;Gemeinde Ursberg;Landkreis Günzburg;Bayern;097740116116;Gemeinde
Wertingen;Stadt Wertingen;Landkreis Dillingen a.d.Donau;Bayern;097735718182;Stadt
Winterbach;Gemeinde Winterbach;Landkreis Günzburg;Bayern;097745728196;Gemeinde
Offingen;Gemeinde Offingen;Landkreis Günzburg;Bayern;097745727171;Gemeinde
Ziemetshausen;Gemeinde Ziemetshausen;Landkreis Günzburg;Bayern;097745733198;Gemeinde
Balzhausen;Gemeinde Balzhausen;Landkreis Günzburg;Bayern;097745732115;Gemeinde
Ebershauser-Nattenhauser Wald;Gemeindefreies Gebiet Ebershauser-Nattenhauser Wald;Landkreis Günzburg;Bayern;097749451451;Gemeindefreies Gebiet
Weißensberg;Gemeinde Weißensberg;Landkreis Lindau (Bodensee);Bayern;097765735130;Gemeinde
Steinkirchen;Gemeinde Steinkirchen;Landkreis Stade;Niedersachsen;033595406039;Gemeinde
Rosche;Gemeinde Rosche;Landkreis Uelzen;Niedersachsen;033605404018;Gemeinde
Natendorf;Gemeinde Natendorf;Landkreis Uelzen;Niedersachsen;033605407014;Gemeinde
Wriedel;Gemeinde Wriedel;Landkreis Uelzen;Niedersachsen;033605407029;Gemeinde
Bad Bevensen;Stadt Bad Bevensen;Landkreis Uelzen;Niedersachsen;033605407002;Stadt
Gransdorf;Gemeinde Gransdorf;Landkreis Eifelkreis Bitburg-Prüm;Rheinland-Pfalz;072325008228;Gemeinde
Mulfingen;Gemeinde Mulfingen;Landkreis Hohenlohekreis;Baden-Württemberg;081265002056;Gemeinde
Offenau;Gemeinde Offenau;Landkreis Heilbronn;Baden-Württemberg;081255001079;Gemeinde
Beilstein;Stadt Beilstein;Landkreis Heilbronn;Baden-Württemberg;081255012008;Stadt
Wohnste;Gemeinde Wohnste;Landkreis Rotenburg (Wümme);Niedersachsen;033575405056;Gemeinde
Lohsa;Gemeinde Lohsa;Landkreis Bautzen;Sachsen;146250330330;Gemeinde
Havelberg;Stadt Havelberg;Landkreis Stendal;Sachsen-Anhalt;150900225225;Stadt
Ralbitz-Rosenthal;Gemeinde Ralbitz-Rosenthal;Landkreis Bautzen;Sachsen;146255501500;Gemeinde
Niedertrebra;Gemeinde Niedertrebra;Landkreis Weimarer Land;Thüringen;160715051064;Gemeinde
Hötensleben;Gemeinde Hötensleben;Landkreis Börde;Sachsen-Anhalt;150835053320;Gemeinde
Thiendorf;Gemeinde Thiendorf;Landkreis Meißen;Sachsen;146270290290;Gemeinde
Radebeul;Stadt Radebeul;Landkreis Meißen;Sachsen;146270210210;Stadt
Bahretal;Gemeinde Bahretal;Landkreis Sächsische Schweiz-Osterzgebirge;Sachsen;146285202040;Gemeinde
Ilberstedt;Gemeinde Ilberstedt;Landkreis Salzlandkreis;Sachsen-Anhalt;150895052185;Gemeinde
Elstertrebnitz;Gemeinde Elstertrebnitz;Landkreis Leipzig;Sachsen;147295308100;Gemeinde
Oberaula;Gemeinde Oberaula;Landkreis Schwalm-Eder-Kreis;Hessen;066340019019;Gemeinde
Jesewitz;Gemeinde Jesewitz;Landkreis Nordsachsen;Sachsen;147305601140;Gemeinde
Hatzfeld (Eder);Stadt Hatzfeld (Eder);Landkreis Waldeck-Frankenberg;Hessen;066350014014;Stadt
Calvörde;Gemeinde Calvörde;Landkreis Börde;Sachsen-Anhalt;150835052125;Gemeinde
Gechingen;Gemeinde Gechingen;Landkreis Calw;Baden-Württemberg;082355002029;Gemeinde
Lossatal;Gemeinde Lossatal;Landkreis Leipzig;Sachsen;147290245245;Gemeinde
Fuchshofen;Gemeinde Fuchshofen;Landkreis Ahrweiler;Rheinland-Pfalz;071315001022;Gemeinde
Dahn;Stadt Dahn;Landkreis Südwestpfalz;Rheinland-Pfalz;073405001004;Stadt
Titisee-Neustadt;Stadt Titisee-Neustadt;Landkreis Breisgau-Hochschwarzwald;Baden-Württemberg;083155017113;Stadt
Ottersweier;Gemeinde Ottersweier;Landkreis Rastatt;Baden-Württemberg;082165002041;Gemeinde
Sinzheim;Gemeinde Sinzheim;Landkreis Rastatt;Baden-Württemberg;082165007049;Gemeinde
Riesbürg;Gemeinde Riesbürg;Landkreis Ostalbkreis;Baden-Württemberg;081365002087;Gemeinde
Nattheim;Gemeinde Nattheim;Landkreis Heidenheim;Baden-Württemberg;081355002026;Gemeinde
Buchen (Odenwald);Stadt Buchen (Odenwald);Landkreis Neckar-Odenwald-Kreis;Baden-Württemberg;082250014014;Stadt
Neckargerach;Gemeinde Neckargerach;Landkreis Neckar-Odenwald-Kreis;Baden-Württemberg;082255006064;Gemeinde
Marquartstein;Gemeinde Marquartstein;Landkreis Traunstein;Bayern;091895169129;Gemeinde
Simmersfeld;Gemeinde Simmersfeld;Landkreis Calw;Baden-Württemberg;082355001066;Gemeinde
Keltern;Gemeinde Keltern;Landkreis Enzkreis;Baden-Württemberg;082360070070;Gemeinde
Straubenhardt;Gemeinde Straubenhardt;Landkreis Enzkreis;Baden-Württemberg;082360072072;Gemeinde
Birkenfeld;Gemeinde Birkenfeld;Landkreis Enzkreis;Baden-Württemberg;082360004004;Gemeinde
Lenzkirch;Gemeinde Lenzkirch;Landkreis Breisgau-Hochschwarzwald;Baden-Württemberg;083150068068;Gemeinde
Eisenbach (Hochschwarzwald);Gemeinde Eisenbach (Hochschwarzwald);Landkreis Breisgau-Hochschwarzwald;Baden-Württemberg;083155017031;Gemeinde
Spraitbach;Gemeinde Spraitbach;Landkreis Ostalbkreis;Baden-Württemberg;081365008066;Gemeinde
Kronau;Gemeinde Kronau;Landkreis Karlsruhe;Baden-Württemberg;082155001039;Gemeinde
Füssen;Stadt Füssen;Landkreis Ostallgäu;Bayern;097770129129;Stadt
Günzach;Gemeinde Günzach;Landkreis Ostallgäu;Bayern;097775754138;Gemeinde
Ruderatshofen;Gemeinde Ruderatshofen;Landkreis Ostallgäu;Bayern;097775752167;Gemeinde
Allensbach;Gemeinde Allensbach;Landkreis Konstanz;Baden-Württemberg;083355004002;Gemeinde
Öhningen;Gemeinde Öhningen;Landkreis Konstanz;Baden-Württemberg;083355003061;Gemeinde
Orsingen-Nenzingen;Gemeinde Orsingen-Nenzingen;Landkreis Konstanz;Baden-Württemberg;083355006099;Gemeinde
Kleines Wiesental;Gemeinde Kleines Wiesental;Landkreis Lörrach;Baden-Württemberg;083360107107;Gemeinde
Eningen unter Achalm;Gemeinde Eningen unter Achalm;Landkreis Reutlingen;Baden-Württemberg;084150019019;Gemeinde
Klettgau;Gemeinde Klettgau;Landkreis Waldshut;Baden-Württemberg;083370062062;Gemeinde
Demmin;Stadt Demmin;Landkreis Mecklenburgische Seenplatte;Mecklenburg-Vorpommern;130710029029;Stadt
Sarow;Gemeinde Sarow;Landkreis Mecklenburgische Seenplatte;Mecklenburg-Vorpommern;130715151128;Gemeinde
Engstingen;Gemeinde Engstingen;Landkreis Reutlingen;Baden-Württemberg;084155001089;Gemeinde
Basedow;Gemeinde Basedow;Landkreis Mecklenburgische Seenplatte;Mecklenburg-Vorpommern;130715153007;Gemeinde
Dettenhausen;Gemeinde Dettenhausen;Landkreis Tübingen;Baden-Württemberg;084160009009;Gemeinde
Pfronstetten;Gemeinde Pfronstetten;Landkreis Reutlingen;Baden-Württemberg;084155006058;Gemeinde
Schnaudertal;Gemeinde Schnaudertal;Landkreis Burgenlandkreis;Sachsen-Anhalt;150845052442;Gemeinde
Meßstetten;Stadt Meßstetten;Landkreis Zollernalbkreis;Baden-Württemberg;084175005044;Stadt
Öpfingen;Gemeinde Öpfingen;Landkreis Alb-Donau-Kreis;Baden-Württemberg;084255005093;Gemeinde
Dornstadt;Gemeinde Dornstadt;Landkreis Alb-Donau-Kreis;Baden-Württemberg;084255004031;Gemeinde
Schwendi;Gemeinde Schwendi;Landkreis Biberach;Baden-Württemberg;084265009108;Gemeinde
Freyburg (Unstrut);Stadt Freyburg (Unstrut);Landkreis Burgenlandkreis;Sachsen-Anhalt;150845053135;Stadt
Salem;Gemeinde Salem;Landkreis Bodenseekreis;Baden-Württemberg;084355005052;Gemeinde
Osterfeld;Stadt Osterfeld;Landkreis Burgenlandkreis;Sachsen-Anhalt;150845054375;Stadt
Ockholm;Gemeinde Ockholm;Kreis Nordfriesland;Schleswig-Holstein;010545494093;Gemeinde
Tielenhemme;Gemeinde Tielenhemme;Kreis Dithmarschen;Schleswig-Holstein;010515169117;Gemeinde
Grünkraut;Gemeinde Grünkraut;Landkreis Ravensburg;Baden-Württemberg;084365003039;Gemeinde
Laufen;Stadt Laufen;Landkreis Berchtesgadener Land;Bayern;091720122122;Stadt
Altötting;Stadt Altötting;Landkreis Altötting;Bayern;091710111111;Stadt
Großheide;Gemeinde Großheide;Landkreis Aurich;Niedersachsen;034520007007;Gemeinde
Haren (Ems);Stadt Haren (Ems);Landkreis Emsland;Niedersachsen;034540018018;Stadt
Wirdum;Gemeinde Wirdum;Landkreis Aurich;Niedersachsen;034525401026;Gemeinde
Lietzen;Gemeinde Lietzen;Landkreis Märkisch-Oderland;Brandenburg;120645412288;Gemeinde
Unterthingau;Gemeinde Unterthingau;Landkreis Ostallgäu;Bayern;097775755175;Gemeinde
Rückholz;Gemeinde Rückholz;Landkreis Ostallgäu;Bayern;097775756168;Gemeinde
Sontheim;Gemeinde Sontheim;Landkreis Unterallgäu;Bayern;097780196196;Gemeinde
Mönkloh;Gemeinde Mönkloh;Kreis Segeberg;Schleswig-Holstein;010605005056;Gemeinde
Kerpen (Eifel);Gemeinde Kerpen (Eifel);Landkreis Vulkaneifel;Rheinland-Pfalz;072335006038;Gemeinde
Tülau;Gemeinde Tülau;Landkreis Gifhorn;Niedersachsen;031515402032;Gemeinde
Helmstedt;Gemeindefreies Gebiet Helmstedt;Landkreis Helmstedt;Niedersachsen;031549502502;Gemeindefreies Gebiet
Kaschenbach;Gemeinde Kaschenbach;Landkreis Eifelkreis Bitburg-Prüm;Rheinland-Pfalz;072325005065;Gemeinde
Karlshausen;Gemeinde Karlshausen;Landkreis Eifelkreis Bitburg-Prüm;Rheinland-Pfalz;072325005064;Gemeinde
Schankweiler;Gemeinde Schankweiler;Landkreis Eifelkreis Bitburg-Prüm;Rheinland-Pfalz;072325005114;Gemeinde
Oldenhütten;Gemeinde Oldenhütten;Kreis Rendsburg-Eckernförde;Schleswig-Holstein;010585864120;Gemeinde
Wenningstedt-Braderup (Sylt);Gemeinde Wenningstedt-Braderup (Sylt);Kreis Nordfriesland;Schleswig-Holstein;010545439149;Gemeinde
Fredesdorf;Gemeinde Fredesdorf;Kreis Segeberg;Schleswig-Holstein;010605053022;Gemeinde
Niederzissen;Gemeinde Niederzissen;Landkreis Ahrweiler;Rheinland-Pfalz;071315004055;Gemeinde
Krummendeich;Gemeinde Krummendeich;Landkreis Stade;Niedersachsen;033595407030;Gemeinde
Pickließem;Gemeinde Pickließem;Landkreis Eifelkreis Bitburg-Prüm;Rheinland-Pfalz;072325008105;Gemeinde
Kötterichen;Gemeinde Kötterichen;Landkreis Vulkaneifel;Rheinland-Pfalz;072335004221;Gemeinde
Kerschenbach;Gemeinde Kerschenbach;Landkreis Vulkaneifel;Rheinland-Pfalz;072335006219;Gemeinde
Ahausen;Gemeinde Ahausen;Landkreis Rotenburg (Wümme);Niedersachsen;033575406001;Gemeinde
Remlingen-Semmenstedt;Gemeinde Remlingen-Semmenstedt;Landkreis Wolfenbüttel;Niedersachsen;031585407040;Gemeinde
Haidmühle;Gemeinde Haidmühle;Landkreis Freyung-Grafenau;Bayern;092720122122;Gemeinde
Bühl;Stadt Bühl;Landkreis Rastatt;Baden-Württemberg;082165002007;Stadt
Gondelsheim;Gemeinde Gondelsheim;Landkreis Karlsruhe;Baden-Württemberg;082155002025;Gemeinde
Binau;Gemeinde Binau;Landkreis Neckar-Odenwald-Kreis;Baden-Württemberg;082255006010;Gemeinde
Ispringen;Gemeinde Ispringen;Landkreis Enzkreis;Baden-Württemberg;082360030030;Gemeinde
Malente;Gemeinde Malente;Kreis Ostholstein;Schleswig-Holstein;010550028028;Gemeinde
Clausthal-Zellerfeld;Stadt Clausthal-Zellerfeld;Landkreis Goslar;Niedersachsen;031530018018;Stadt
Seelze;Stadt Seelze;Landkreis Region Hannover;Niedersachsen;032410015015;Stadt
Hamminkeln;Stadt Hamminkeln;Kreis Wesel;Nordrhein-Westfalen;051700012012;Stadt
Remscheid;Stadt Remscheid;Kreisfreie Stadt Remscheid;Nordrhein-Westfalen;051200000000;Stadt
Trier;Stadt Trier;Kreisfreie Stadt Trier;Rheinland-Pfalz;072110000000;Stadt
Friedrichshafen;Stadt Friedrichshafen;Landkreis Bodenseekreis;Baden-Württemberg;084355002016;Stadt
Dorfen;Stadt Dorfen;Landkreis Erding;Bayern;091770115115;Stadt
Petting;Gemeinde Petting;Landkreis Traunstein;Bayern;091890135135;Gemeinde
Döbritschen;Gemeinde Döbritschen;Landkreis Weimarer Land;Thüringen;160715008013;Gemeinde
Laberweinting;Gemeinde Laberweinting;Landkreis Straubing-Bogen;Bayern;092780144144;Gemeinde
Wernberg-Köblitz;Gemeinde Wernberg-Köblitz;Landkreis Schwandorf;Bayern;093760150150;Gemeinde
Rehau;Stadt Rehau;Landkreis Hof;Bayern;094750162162;Stadt
Hilpoltstein;Stadt Hilpoltstein;Landkreis Roth;Bayern;095760127127;Stadt
Westgreußen;Gemeinde Westgreußen;Landkreis Kyffhäuserkreis;Thüringen;160655002079;Gemeinde
Wiesenburg/Mark;Gemeinde Wiesenburg/Mark;Landkreis Potsdam-Mittelmark;Brandenburg;120690665665;Gemeinde
Dranske;Gemeinde Dranske;Landkreis Vorpommern-Rügen;Mecklenburg-Vorpommern;130735359019;Gemeinde
Peenemünde;Gemeinde Peenemünde;Landkreis Vorpommern-Greifswald;Mecklenburg-Vorpommern;130755561106;Gemeinde
Siggelkow;Gemeinde Siggelkow;Landkreis Ludwigslust-Parchim;Mecklenburg-Vorpommern;130765655125;Gemeinde
Gräfenhainichen;Stadt Gräfenhainichen;Landkreis Wittenberg;Sachsen-Anhalt;150910110110;Stadt
Dornburg-Camburg;Stadt Dornburg-Camburg;Landkreis Saale-Holzland-Kreis;Thüringen;160745015011;Stadt
Roding;Stadt Roding;Landkreis Cham;Bayern;093720153153;Stadt
Geisleden;Gemeinde Geisleden;Landkreis Eichsfeld;Thüringen;160615009034;Gemeinde
Untergriesbach;Gemeinde Untergriesbach;Landkreis Passau;Bayern;092750153153;Gemeinde
Rosbach v.d.Höhe;Stadt Rosbach v.d.Höhe;Landkreis Wetteraukreis;Hessen;064400023023;Stadt
Buchenberg;Gemeinde Buchenberg;Landkreis Oberallgäu;Bayern;097800117117;Gemeinde
Tauche;Gemeinde Tauche;Landkreis Oder-Spree;Brandenburg;120670493493;Gemeinde
Feldberger Seenlandschaft;Gemeinde Feldberger Seenlandschaft;Landkreis Mecklenburgische Seenplatte;Mecklenburg-Vorpommern;130710033033;Gemeinde
Höchstadt a.d.Aisch;Stadt Höchstadt a.d.Aisch;Landkreis Erlangen-Höchstadt;Bayern;095720135135;Stadt
Grimma;Stadt Grimma;Landkreis Leipzig;Sachsen;147290160160;Stadt
Harztor;Gemeinde Harztor;Landkreis Nordhausen;Thüringen;160620065065;Gemeinde
Büttstedt;Gemeinde Büttstedt;Landkreis Eichsfeld;Thüringen;160615013018;Gemeinde
Wielen;Gemeinde Wielen;Landkreis Grafschaft Bentheim;Niedersachsen;034565404024;Gemeinde
Kirschroth;Gemeinde Kirschroth;Landkreis Bad Kreuznach;Rheinland-Pfalz;071335010053;Gemeinde
Breddenberg;Gemeinde Breddenberg;Landkreis Emsland;Niedersachsen;034545406006;Gemeinde
Elxleben;Gemeinde Elxleben;Landkreis Ilm-Kreis;Thüringen;160705009013;Gemeinde
Hämelhausen;Gemeinde Hämelhausen;Landkreis Nienburg (Weser);Niedersachsen;032565409009;Gemeinde
Lauenhagen;Gemeinde Lauenhagen;Landkreis Schaumburg;Niedersachsen;032575404019;Gemeinde
Wied;Gemeinde Wied;Landkreis Westerwaldkreis;Rheinland-Pfalz;071435002310;Gemeinde
Kollmar;Gemeinde Kollmar;Kreis Steinburg;Schleswig-Holstein;010615134118;Gemeinde
Kronsmoor;Gemeinde Kronsmoor;Kreis Steinburg;Schleswig-Holstein;010615104058;Gemeinde
Kleve;Gemeinde Kleve;Kreis Steinburg;Schleswig-Holstein;010615138052;Gemeinde
Kaisborstel;Gemeinde Kaisborstel;Kreis Steinburg;Schleswig-Holstein;010615168048;Gemeinde
Oldenborstel;Gemeinde Oldenborstel;Kreis Steinburg;Schleswig-Holstein;010615168081;Gemeinde
Sarlhusen;Gemeinde Sarlhusen;Kreis Steinburg;Schleswig-Holstein;010615189096;Gemeinde
Döschnitz;Gemeinde Döschnitz;Landkreis Saalfeld-Rudolstadt;Thüringen;160735012017;Gemeinde
Möckern;Gemeinde Möckern;Landkreis Saale-Holzland-Kreis;Thüringen;160745050058;Gemeinde
Fürthen;Gemeinde Fürthen;Landkreis Altenkirchen (Westerwald);Rheinland-Pfalz;071325006038;Gemeinde
Kausen;Gemeinde Kausen;Landkreis Altenkirchen (Westerwald);Rheinland-Pfalz;071325009059;Gemeinde
Bodelwitz;Gemeinde Bodelwitz;Landkreis Saale-Orla-Kreis;Thüringen;160755005006;Gemeinde
Isert;Gemeinde Isert;Landkreis Altenkirchen (Westerwald);Rheinland-Pfalz;071325010058;Gemeinde
Winterbach;Gemeinde Winterbach;Landkreis Rems-Murr-Kreis;Baden-Württemberg;081195003086;Gemeinde
Rodalben;Stadt Rodalben;Landkreis Südwestpfalz;Rheinland-Pfalz;073405004038;Stadt
Siebenbach;Gemeinde Siebenbach;Landkreis Mayen-Koblenz;Rheinland-Pfalz;071375003099;Gemeinde
Höheinöd;Gemeinde Höheinöd;Landkreis Südwestpfalz;Rheinland-Pfalz;073405006022;Gemeinde
Dingen;Gemeinde Dingen;Kreis Dithmarschen;Schleswig-Holstein;010515163022;Gemeinde
Rhodt unter Rietburg;Gemeinde Rhodt unter Rietburg;Landkreis Südliche Weinstraße;Rheinland-Pfalz;073375003066;Gemeinde
Ilbesheim bei Landau in der Pfalz;Gemeinde Ilbesheim bei Landau in der Pfalz;Landkreis Südliche Weinstraße;Rheinland-Pfalz;073375005042;Gemeinde
Magstadt;Gemeinde Magstadt;Landkreis Böblingen;Baden-Württemberg;081150029029;Gemeinde
Altrip;Gemeinde Altrip;Landkreis Rhein-Pfalz-Kreis;Rheinland-Pfalz;073385008001;Gemeinde
Wustrow (Wendland);Stadt Wustrow (Wendland);Landkreis Lüchow-Dannenberg;Niedersachsen;033545407026;Stadt
Moorrege;Gemeinde Moorrege;Kreis Pinneberg;Schleswig-Holstein;010565690036;Gemeinde
Stakendorf;Gemeinde Stakendorf;Kreis Plön;Schleswig-Holstein;010575755078;Gemeinde
Urbach;Gemeinde Urbach;Landkreis Neuwied;Rheinland-Pfalz;071385005074;Gemeinde
Tessin b.Boizenburg;Gemeinde Tessin b.Boizenburg;Landkreis Ludwigslust-Parchim;Mecklenburg-Vorpommern;130765652138;Gemeinde
Gutach (Schwarzwaldbahn);Gemeinde Gutach (Schwarzwaldbahn);Landkreis Ortenaukreis;Baden-Württemberg;083175005039;Gemeinde
Rodenbach;Gemeinde Rodenbach;Landkreis Kaiserslautern;Rheinland-Pfalz;073355009040;Gemeinde
Unzenberg;Gemeinde Unzenberg;Landkreis Rhein-Hunsrück-Kreis;Rheinland-Pfalz;071405004154;Gemeinde
Raversbeuren;Gemeinde Raversbeuren;Landkreis Rhein-Hunsrück-Kreis;Rheinland-Pfalz;071405004120;Gemeinde
Liebshausen;Gemeinde Liebshausen;Landkreis Rhein-Hunsrück-Kreis;Rheinland-Pfalz;071405008085;Gemeinde
Farven;Gemeinde Farven;Landkreis Rotenburg (Wümme);Niedersachsen;033575404014;Gemeinde
Münster (Hessen);Gemeinde Münster (Hessen);Landkreis Darmstadt-Dieburg;Hessen;064320015015;Gemeinde
Wittorf;Gemeinde Wittorf;Landkreis Lüneburg;Niedersachsen;033555402042;Gemeinde
Cramberg;Gemeinde Cramberg;Landkreis Rhein-Lahn-Kreis;Rheinland-Pfalz;071415003022;Gemeinde
Reichenbach am Heuberg;Gemeinde Reichenbach am Heuberg;Landkreis Tuttlingen;Baden-Württemberg;083275002040;Gemeinde
Mühlheim an der Donau;Stadt Mühlheim an der Donau;Landkreis Tuttlingen;Baden-Württemberg;083275001036;Stadt
Rinnthal;Gemeinde Rinnthal;Landkreis Südliche Weinstraße;Rheinland-Pfalz;073375001067;Gemeinde
Tettau;Gemeinde Tettau;Landkreis Oberspreewald-Lausitz;Brandenburg;120665606316;Gemeinde
Heinzenhausen;Gemeinde Heinzenhausen;Landkreis Kusel;Rheinland-Pfalz;073365008038;Gemeinde
Dennweiler-Frohnbach;Gemeinde Dennweiler-Frohnbach;Landkreis Kusel;Rheinland-Pfalz;073365010015;Gemeinde
Frohnhofen;Gemeinde Frohnhofen;Landkreis Kusel;Rheinland-Pfalz;073365009027;Gemeinde
Klingenmünster;Gemeinde Klingenmünster;Landkreis Südliche Weinstraße;Rheinland-Pfalz;073375002049;Gemeinde
Altrich;Gemeinde Altrich;Landkreis Bernkastel-Wittlich;Rheinland-Pfalz;072315008001;Gemeinde
Hergersweiler;Gemeinde Hergersweiler;Landkreis Südliche Weinstraße;Rheinland-Pfalz;073375002037;Gemeinde
Spessart;Gemeinde Spessart;Landkreis Ahrweiler;Rheinland-Pfalz;071315004208;Gemeinde
Wassenach;Gemeinde Wassenach;Landkreis Ahrweiler;Rheinland-Pfalz;071315004209;Gemeinde
Binningen;Gemeinde Binningen;Landkreis Cochem-Zell;Rheinland-Pfalz;071355002009;Gemeinde
Filz;Gemeinde Filz;Landkreis Cochem-Zell;Rheinland-Pfalz;071355003030;Gemeinde
Altstrimmig;Gemeinde Altstrimmig;Landkreis Cochem-Zell;Rheinland-Pfalz;071355005004;Gemeinde
Münk;Gemeinde Münk;Landkreis Mayen-Koblenz;Rheinland-Pfalz;071375003077;Gemeinde
Puderbach;Gemeinde Puderbach;Landkreis Neuwied;Rheinland-Pfalz;071385005057;Gemeinde
Kammerstein;Gemeinde Kammerstein;Landkreis Roth;Bayern;095760128128;Gemeinde
Teterow;Stadt Teterow;Landkreis Rostock;Mecklenburg-Vorpommern;130720106106;Stadt
Mistorf;Gemeinde Mistorf;Landkreis Rostock;Mecklenburg-Vorpommern;130725255071;Gemeinde
Ponitz;Gemeinde Ponitz;Landkreis Altenburger Land;Thüringen;160775050039;Gemeinde
Happurg;Gemeinde Happurg;Landkreis Nürnberger Land;Bayern;095745528128;Gemeinde
Winkelhaid;Gemeindefreies Gebiet Winkelhaid;Landkreis Nürnberger Land;Bayern;095749464464;Gemeindefreies Gebiet
Odderade;Gemeinde Odderade;Kreis Dithmarschen;Schleswig-Holstein;010515175083;Gemeinde
Nindorf;Gemeinde Nindorf;Kreis Dithmarschen;Schleswig-Holstein;010515175078;Gemeinde
Nordermeldorf;Gemeinde Nordermeldorf;Kreis Dithmarschen;Schleswig-Holstein;010515175137;Gemeinde
Fuhlendorf;Gemeinde Fuhlendorf;Landkreis Vorpommern-Rügen;Mecklenburg-Vorpommern;130735352025;Gemeinde
Klausdorf;Gemeinde Klausdorf;Landkreis Vorpommern-Rügen;Mecklenburg-Vorpommern;130735351044;Gemeinde
Kenz-Küstrow;Gemeinde Kenz-Küstrow;Landkreis Vorpommern-Rügen;Mecklenburg-Vorpommern;130735352043;Gemeinde
Tacherting;Gemeinde Tacherting;Landkreis Traunstein;Bayern;091890149149;Gemeinde
Ritschenhausen;Gemeinde Ritschenhausen;Landkreis Schmalkalden-Meiningen;Thüringen;160665014057;Gemeinde
Surberg;Gemeinde Surberg;Landkreis Traunstein;Bayern;091890148148;Gemeinde
Steinhagen;Gemeinde Steinhagen;Landkreis Vorpommern-Rügen;Mecklenburg-Vorpommern;130735358087;Gemeinde
Niepars;Gemeinde Niepars;Landkreis Vorpommern-Rügen;Mecklenburg-Vorpommern;130735358060;Gemeinde
Wustrow;Gemeinde Wustrow;Landkreis Vorpommern-Rügen;Mecklenburg-Vorpommern;130735354103;Gemeinde
Prerow;Gemeinde Prerow;Landkreis Vorpommern-Rügen;Mecklenburg-Vorpommern;130735354067;Gemeinde
Franzburg;Stadt Franzburg;Landkreis Vorpommern-Rügen;Mecklenburg-Vorpommern;130735355024;Stadt
Schönberg;Gemeinde Schönberg;Landkreis Freyung-Grafenau;Bayern;092725211147;Gemeinde
Borne;Gemeinde Borne;Landkreis Salzlandkreis;Sachsen-Anhalt;150895051045;Gemeinde
Ahrenshagen-Daskow;Gemeinde Ahrenshagen-Daskow;Landkreis Vorpommern-Rügen;Mecklenburg-Vorpommern;130735361001;Gemeinde
Oberhausen;Gemeinde Oberhausen;Landkreis Weilheim-Schongau;Bayern;091905177135;Gemeinde
Samtens;Gemeinde Samtens;Landkreis Vorpommern-Rügen;Mecklenburg-Vorpommern;130735362079;Gemeinde
Lübow;Gemeinde Lübow;Landkreis Nordwestmecklenburg;Mecklenburg-Vorpommern;130745451047;Gemeinde
Hohen Viecheln;Gemeinde Hohen Viecheln;Landkreis Nordwestmecklenburg;Mecklenburg-Vorpommern;130745451031;Gemeinde
Weilersbach;Gemeinde Weilersbach;Landkreis Forchheim;Bayern;094745423171;Gemeinde
Langquaid;Gemeinde Langquaid;Landkreis Kelheim;Bayern;092735217141;Gemeinde
Aicha vorm Wald;Gemeinde Aicha vorm Wald;Landkreis Passau;Bayern;092750111111;Gemeinde
Brünzow;Gemeinde Brünzow;Landkreis Vorpommern-Greifswald;Mecklenburg-Vorpommern;130755557018;Gemeinde
Rothenklempenow;Gemeinde Rothenklempenow;Landkreis Vorpommern-Greifswald;Mecklenburg-Vorpommern;130755556119;Gemeinde
Lubmin;Gemeinde Lubmin;Landkreis Vorpommern-Greifswald;Mecklenburg-Vorpommern;130755557083;Gemeinde
Beutelsbach;Gemeinde Beutelsbach;Landkreis Passau;Bayern;092755232117;Gemeinde
Arnbruck;Gemeinde Arnbruck;Landkreis Regen;Bayern;092760113113;Gemeinde
Eichenbühl;Gemeinde Eichenbühl;Landkreis Miltenberg;Bayern;096760119119;Gemeinde
Breitenfelde;Gemeinde Breitenfelde;Kreis Herzogtum Lauenburg;Schleswig-Holstein;010535313014;Gemeinde
Büchen;Gemeinde Büchen;Kreis Herzogtum Lauenburg;Schleswig-Holstein;010535318020;Gemeinde
Zeilarn;Gemeinde Zeilarn;Landkreis Rottal-Inn;Bayern;092770154154;Gemeinde
Mamming;Gemeinde Mamming;Landkreis Dingolfing-Landau;Bayern;092795208125;Gemeinde
Königstein;Gemeinde Königstein;Landkreis Amberg-Sulzbach;Bayern;093715302135;Gemeinde
Freudenberg;Gemeinde Freudenberg;Landkreis Amberg-Sulzbach;Bayern;093710122122;Gemeinde
Bürgstadt;Gemeinde Bürgstadt;Landkreis Miltenberg;Bayern;096765626116;Gemeinde
Großensee;Gemeinde Großensee;Kreis Stormarn;Schleswig-Holstein;010625270022;Gemeinde
Waidhaus;Gemeinde Waidhaus;Landkreis Neustadt a.d.Waldnaab;Bayern;093740164164;Gemeinde
Walsdorf;Gemeinde Walsdorf;Landkreis Bamberg;Bayern;094710208208;Gemeinde
Postbauer-Heng;Gemeinde Postbauer-Heng;Landkreis Neumarkt i.d.OPf.;Bayern;093730155155;Gemeinde
Krogaspe;Gemeinde Krogaspe;Kreis Rendsburg-Eckernförde;Schleswig-Holstein;010585864091;Gemeinde
Salem;Gemeinde Salem;Kreis Herzogtum Lauenburg;Schleswig-Holstein;010535358107;Gemeinde
Etzenricht;Gemeinde Etzenricht;Landkreis Neustadt a.d.Waldnaab;Bayern;093745325119;Gemeinde
Speinshart;Gemeinde Speinshart;Landkreis Neustadt a.d.Waldnaab;Bayern;093745327157;Gemeinde
Pfatter;Gemeinde Pfatter;Landkreis Regensburg;Bayern;093750183183;Gemeinde
Alteglofsheim;Gemeinde Alteglofsheim;Landkreis Regensburg;Bayern;093755337113;Gemeinde
Kreuther Forst;Gemeindefreies Gebiet Kreuther Forst;Landkreis Regensburg;Bayern;093759452452;Gemeindefreies Gebiet
Bruck i.d.OPf.;Gemeinde Bruck i.d.OPf.;Landkreis Schwandorf;Bayern;093760117117;Gemeinde
Stulln;Gemeinde Stulln;Landkreis Schwandorf;Bayern;093765342169;Gemeinde
Kulmain;Gemeinde Kulmain;Landkreis Tirschenreuth;Bayern;093770133133;Gemeinde
Stockstadt a.Main;Gemeinde Stockstadt a.Main;Landkreis Aschaffenburg;Bayern;096710155155;Gemeinde
Heigenbrücken;Gemeinde Heigenbrücken;Landkreis Aschaffenburg;Bayern;096715602126;Gemeinde
Kastl;Gemeinde Kastl;Landkreis Tirschenreuth;Bayern;093775348128;Gemeinde
Coburg;Stadt Coburg;Kreisfreie Stadt Coburg;Bayern;094630000000;Stadt
Sehmatal;Gemeinde Sehmatal;Landkreis Erzgebirgskreis;Sachsen;145210560560;Gemeinde
Gützkow;Stadt Gützkow;Landkreis Vorpommern-Greifswald;Mecklenburg-Vorpommern;130755563044;Stadt
Vierkirchen;Gemeinde Vierkirchen;Landkreis Dachau;Bayern;091740150150;Gemeinde
Großschirma;Stadt Großschirma;Landkreis Mittelsachsen;Sachsen;145220210210;Stadt
Bad Köstritz;Stadt Bad Köstritz;Landkreis Greiz;Thüringen;160765051003;Stadt
Hundhaupten;Gemeinde Hundhaupten;Landkreis Greiz;Thüringen;160765006033;Gemeinde
Greiling;Gemeinde Greiling;Landkreis Bad Tölz-Wolfratshausen;Bayern;091735109127;Gemeinde
Rüdesheim;Gemeinde Rüdesheim;Landkreis Bad Kreuznach;Rheinland-Pfalz;071335006117;Gemeinde
Bad Rothenfelde;Gemeinde Bad Rothenfelde;Landkreis Osnabrück;Niedersachsen;034590006006;Gemeinde
Basthorst;Gemeinde Basthorst;Kreis Herzogtum Lauenburg;Schleswig-Holstein;010535373007;Gemeinde
Bohmte;Gemeinde Bohmte;Landkreis Osnabrück;Niedersachsen;034590013013;Gemeinde
Wallenhorst;Gemeinde Wallenhorst;Landkreis Osnabrück;Niedersachsen;034590033033;Gemeinde
Spabrücken;Gemeinde Spabrücken;Landkreis Bad Kreuznach;Rheinland-Pfalz;071335006099;Gemeinde
Düsseldorf;Stadt Düsseldorf;Kreisfreie Stadt Düsseldorf;Nordrhein-Westfalen;051110000000;Stadt
Goch;Stadt Goch;Kreis Kleve;Nordrhein-Westfalen;051540016016;Stadt
Havekost;Gemeinde Havekost;Kreis Herzogtum Lauenburg;Schleswig-Holstein;010535373052;Gemeinde
Emmerich am Rhein;Stadt Emmerich am Rhein;Kreis Kleve;Nordrhein-Westfalen;051540008008;Stadt
Hamfelde;Gemeinde Hamfelde;Kreis Herzogtum Lauenburg;Schleswig-Holstein;010535373049;Gemeinde
Stahlhofen;Gemeinde Stahlhofen;Landkreis Westerwaldkreis;Rheinland-Pfalz;071435004072;Gemeinde
Brüggen;Gemeinde Brüggen;Kreis Viersen;Nordrhein-Westfalen;051660004004;Gemeinde
Schwalmtal;Gemeinde Schwalmtal;Kreis Viersen;Nordrhein-Westfalen;051660024024;Gemeinde
Übach-Palenberg;Stadt Übach-Palenberg;Kreis Heinsberg;Nordrhein-Westfalen;053700028028;Stadt
Hille;Gemeinde Hille;Kreis Minden-Lübbecke;Nordrhein-Westfalen;057700012012;Gemeinde
Hartenstein;Stadt Hartenstein;Landkreis Zwickau;Sachsen;145240090090;Stadt
Niederkassel;Stadt Niederkassel;Kreis Rhein-Sieg-Kreis;Nordrhein-Westfalen;053820044044;Stadt
Lüdinghausen;Stadt Lüdinghausen;Kreis Coesfeld;Nordrhein-Westfalen;055580024024;Stadt
Bergneustadt;Stadt Bergneustadt;Kreis Oberbergischer Kreis;Nordrhein-Westfalen;053740004004;Stadt
Rümmelsheim;Gemeinde Rümmelsheim;Landkreis Bad Kreuznach;Rheinland-Pfalz;071335011087;Gemeinde
Waldsee;Gemeinde Waldsee;Landkreis Rhein-Pfalz-Kreis;Rheinland-Pfalz;073385008026;Gemeinde
Drensteinfurt;Stadt Drensteinfurt;Kreis Warendorf;Nordrhein-Westfalen;055700016016;Stadt
Oelde;Stadt Oelde;Kreis Warendorf;Nordrhein-Westfalen;055700028028;Stadt
Wilhelmsdorf;Gemeinde Wilhelmsdorf;Landkreis Neustadt a.d.Aisch-Bad Windsheim;Bayern;095755520181;Gemeinde
Ahlsdorf;Gemeinde Ahlsdorf;Landkreis Mansfeld-Südharz;Sachsen-Anhalt;150875052010;Gemeinde
Steigra;Gemeinde Steigra;Landkreis Saalekreis;Sachsen-Anhalt;150885051355;Gemeinde
Nienburg (Saale);Stadt Nienburg (Saale);Landkreis Salzlandkreis;Sachsen-Anhalt;150890235235;Stadt
Obertrubach;Gemeinde Obertrubach;Landkreis Forchheim;Bayern;094740156156;Gemeinde
Lichtenberg;Stadt Lichtenberg;Landkreis Hof;Bayern;094755428146;Stadt
Feilitzsch;Gemeinde Feilitzsch;Landkreis Hof;Bayern;094755430123;Gemeinde
Weißdorf;Gemeinde Weißdorf;Landkreis Hof;Bayern;094755432184;Gemeinde
Schauenstein;Stadt Schauenstein;Landkreis Hof;Bayern;094755431165;Stadt
Sollstedt;Gemeinde Sollstedt;Landkreis Nordhausen;Thüringen;160620049049;Gemeinde
Heppenheim (Bergstraße);Stadt Heppenheim (Bergstraße);Landkreis Bergstraße;Hessen;064310011011;Stadt
Unkenbach;Gemeinde Unkenbach;Landkreis Donnersbergkreis;Rheinland-Pfalz;073335007078;Gemeinde
Raunheim;Stadt Raunheim;Landkreis Groß-Gerau;Hessen;064330010010;Stadt
Neu-Anspach;Stadt Neu-Anspach;Landkreis Hochtaunuskreis;Hessen;064340007007;Stadt
Schinkel;Gemeinde Schinkel;Kreis Rendsburg-Eckernförde;Schleswig-Holstein;010585824142;Gemeinde
Hilchenbach;Stadt Hilchenbach;Kreis Siegen-Wittgenstein;Nordrhein-Westfalen;059700020020;Stadt
Limeshain;Gemeinde Limeshain;Landkreis Wetteraukreis;Hessen;064400014014;Gemeinde
Nieder-Hilbersheim;Gemeinde Nieder-Hilbersheim;Landkreis Mainz-Bingen;Rheinland-Pfalz;073395003041;Gemeinde
Dexheim;Gemeinde Dexheim;Landkreis Mainz-Bingen;Rheinland-Pfalz;073395007011;Gemeinde
Ebsdorfergrund;Gemeinde Ebsdorfergrund;Landkreis Marburg-Biedenkopf;Hessen;065340008008;Gemeinde
Rasdorf;Gemeinde Rasdorf;Landkreis Fulda;Hessen;066310022022;Gemeinde
Philippsthal (Werra);Gemeinde Philippsthal (Werra);Landkreis Hersfeld-Rotenburg;Hessen;066320016016;Gemeinde
Eberdingen;Gemeinde Eberdingen;Landkreis Ludwigsburg;Baden-Württemberg;081185008012;Gemeinde
Bad Emstal;Gemeinde Bad Emstal;Landkreis Kassel;Hessen;066330006006;Gemeinde
Au;Gemeinde Au;Landkreis Breisgau-Hochschwarzwald;Baden-Württemberg;083155007003;Gemeinde
Marzling;Gemeinde Marzling;Landkreis Freising;Bayern;091780140140;Gemeinde
Ottenhofen;Gemeinde Ottenhofen;Landkreis Erding;Bayern;091775124134;Gemeinde
Kirchheim b.München;Gemeinde Kirchheim b.München;Landkreis München;Bayern;091840131131;Gemeinde
Ziesendorf;Gemeinde Ziesendorf;Landkreis Rostock;Mecklenburg-Vorpommern;130725263121;Gemeinde
Rothenburg ob der Tauber;Stadt Rothenburg ob der Tauber;Landkreis Ansbach;Bayern;095710193193;Stadt
Ornbau;Stadt Ornbau;Landkreis Ansbach;Bayern;095715506189;Stadt
Stein;Stadt Stein;Landkreis Fürth;Bayern;095730127127;Stadt
Wallerfangen;Gemeinde Wallerfangen;Landkreis Saarlouis;Saarland;100440121121;Gemeinde
Marpingen;Gemeinde Marpingen;Landkreis St. Wendel;Saarland;100460112112;Gemeinde
Vollmershain;Gemeinde Vollmershain;Landkreis Altenburger Land;Thüringen;160775009049;Gemeinde
Unterhaching;Gemeinde Unterhaching;Landkreis München;Bayern;091840148148;Gemeinde
Linau;Gemeinde Linau;Kreis Herzogtum Lauenburg;Schleswig-Holstein;010535391085;Gemeinde
Großlohra;Gemeinde Großlohra;Landkreis Nordhausen;Thüringen;160625054009;Gemeinde
Wiesenthal;Gemeinde Wiesenthal;Landkreis Wartburgkreis;Thüringen;160635059086;Gemeinde
Holzsußra;Gemeinde Holzsußra;Landkreis Kyffhäuserkreis;Thüringen;160655052038;Gemeinde
Obermaßfeld-Grimmenthal;Gemeinde Obermaßfeld-Grimmenthal;Landkreis Schmalkalden-Meiningen;Thüringen;160665014049;Gemeinde
Kastellaun;Stadt Kastellaun;Landkreis Rhein-Hunsrück-Kreis;Rheinland-Pfalz;071405003064;Stadt
Schnorbach;Gemeinde Schnorbach;Landkreis Rhein-Hunsrück-Kreis;Rheinland-Pfalz;071405008138;Gemeinde
Gondershausen;Gemeinde Gondershausen;Landkreis Rhein-Hunsrück-Kreis;Rheinland-Pfalz;071405009043;Gemeinde
Hirschfeld (Hunsrück);Gemeinde Hirschfeld (Hunsrück);Landkreis Rhein-Hunsrück-Kreis;Rheinland-Pfalz;071405004053;Gemeinde
Ensch;Gemeinde Ensch;Landkreis Trier-Saarburg;Rheinland-Pfalz;072355006019;Gemeinde
Nassau;Stadt Nassau;Landkreis Rhein-Lahn-Kreis;Rheinland-Pfalz;071415010091;Stadt
Kaub;Stadt Kaub;Landkreis Rhein-Lahn-Kreis;Rheinland-Pfalz;071415009069;Stadt
Erden;Gemeinde Erden;Landkreis Bernkastel-Wittlich;Rheinland-Pfalz;072315001030;Gemeinde
Graach an der Mosel;Gemeinde Graach an der Mosel;Landkreis Bernkastel-Wittlich;Rheinland-Pfalz;072315001041;Gemeinde
Damp;Gemeinde Damp;Kreis Rendsburg-Eckernförde;Schleswig-Holstein;010585893040;Gemeinde
Hohenfelden;Gemeinde Hohenfelden;Landkreis Weimarer Land;Thüringen;160715007032;Gemeinde
Nauendorf;Gemeinde Nauendorf;Landkreis Weimarer Land;Thüringen;160715007059;Gemeinde
Mittenwalde;Stadt Mittenwalde;Landkreis Dahme-Spreewald;Brandenburg;120610332332;Stadt
Golßen;Stadt Golßen;Landkreis Dahme-Spreewald;Brandenburg;120615114164;Stadt
Gransee;Stadt Gransee;Landkreis Oberhavel;Brandenburg;120655502100;Stadt
Königshügel;Gemeinde Königshügel;Kreis Rendsburg-Eckernförde;Schleswig-Holstein;010585847089;Gemeinde
Gehlert;Gemeinde Gehlert;Landkreis Westerwaldkreis;Rheinland-Pfalz;071435002223;Gemeinde
Strausberg;Stadt Strausberg;Landkreis Märkisch-Oderland;Brandenburg;120640472472;Stadt
Rehfelde;Gemeinde Rehfelde;Landkreis Märkisch-Oderland;Brandenburg;120645408408;Gemeinde
Egglkofen;Gemeinde Egglkofen;Landkreis Mühldorf a.Inn;Bayern;091835149115;Gemeinde
Baierbrunn;Gemeinde Baierbrunn;Landkreis München;Bayern;091840113113;Gemeinde
Kleinkahl;Gemeinde Kleinkahl;Landkreis Aschaffenburg;Bayern;096715604135;Gemeinde
Gaushorn;Gemeinde Gaushorn;Kreis Dithmarschen;Schleswig-Holstein;010515169035;Gemeinde
Groven;Gemeinde Groven;Kreis Dithmarschen;Schleswig-Holstein;010515169038;Gemeinde
Schweitenkirchen;Gemeinde Schweitenkirchen;Landkreis Pfaffenhofen a.d.Ilm;Bayern;091860152152;Gemeinde
Zernitz-Lohm;Gemeinde Zernitz-Lohm;Landkreis Ostprignitz-Ruppin;Brandenburg;120685805501;Gemeinde
Beetzsee;Gemeinde Beetzsee;Landkreis Potsdam-Mittelmark;Brandenburg;120695902018;Gemeinde
Päwesin;Gemeinde Päwesin;Landkreis Potsdam-Mittelmark;Brandenburg;120695902460;Gemeinde
Tantow;Gemeinde Tantow;Landkreis Uckermark;Brandenburg;120735304565;Gemeinde
Casekow;Gemeinde Casekow;Landkreis Uckermark;Brandenburg;120735304097;Gemeinde
Schenkenberg;Gemeinde Schenkenberg;Landkreis Uckermark;Brandenburg;120735303490;Gemeinde
Dorfchemnitz;Gemeinde Dorfchemnitz;Landkreis Mittelsachsen;Sachsen;145225129090;Gemeinde
Saalstadt;Gemeinde Saalstadt;Landkreis Südwestpfalz;Rheinland-Pfalz;073405009041;Gemeinde
Walshausen;Gemeinde Walshausen;Landkreis Südwestpfalz;Rheinland-Pfalz;073405008226;Gemeinde
Deidesheim;Stadt Deidesheim;Landkreis Bad Dürkheim;Rheinland-Pfalz;073325001009;Stadt
Fischbach;Gemeinde Fischbach;Landkreis Kaiserslautern;Rheinland-Pfalz;073355002007;Gemeinde
Diefenbach;Gemeinde Diefenbach;Landkreis Bernkastel-Wittlich;Rheinland-Pfalz;072315009020;Gemeinde
Lötzbeuren;Gemeinde Lötzbeuren;Landkreis Bernkastel-Wittlich;Rheinland-Pfalz;072315009206;Gemeinde
Weidingen;Gemeinde Weidingen;Landkreis Eifelkreis Bitburg-Prüm;Rheinland-Pfalz;072325005132;Gemeinde
Beuren (Hochwald);Gemeinde Beuren (Hochwald);Landkreis Trier-Saarburg;Rheinland-Pfalz;072355001008;Gemeinde
Gusenburg;Gemeinde Gusenburg;Landkreis Trier-Saarburg;Rheinland-Pfalz;072355001036;Gemeinde
Üxheim;Gemeinde Üxheim;Landkreis Vulkaneifel;Rheinland-Pfalz;072335006076;Gemeinde
Mehring;Gemeinde Mehring;Landkreis Trier-Saarburg;Rheinland-Pfalz;072355006083;Gemeinde
Zemmer;Gemeinde Zemmer;Landkreis Trier-Saarburg;Rheinland-Pfalz;072355007151;Gemeinde
Büttel;Gemeinde Büttel;Kreis Steinburg;Schleswig-Holstein;010615179020;Gemeinde
Oberlauch;Gemeinde Oberlauch;Landkreis Eifelkreis Bitburg-Prüm;Rheinland-Pfalz;072325006284;Gemeinde
Barsbüttel;Gemeinde Barsbüttel;Kreis Stormarn;Schleswig-Holstein;010620009009;Gemeinde
Borstel-Hohenraden;Gemeinde Borstel-Hohenraden;Kreis Pinneberg;Schleswig-Holstein;010565687009;Gemeinde
Grömitz;Gemeinde Grömitz;Kreis Ostholstein;Schleswig-Holstein;010550016016;Gemeinde
Osloß;Gemeinde Osloß;Landkreis Gifhorn;Niedersachsen;031515401020;Gemeinde
Harmsdorf;Gemeinde Harmsdorf;Kreis Ostholstein;Schleswig-Holstein;010555546020;Gemeinde
Tasdorf;Gemeinde Tasdorf;Kreis Plön;Schleswig-Holstein;010575785083;Gemeinde
Hanerau-Hademarschen;Gemeinde Hanerau-Hademarschen;Kreis Rendsburg-Eckernförde;Schleswig-Holstein;010585895072;Gemeinde
Tolk;Gemeinde Tolk;Kreis Schleswig-Flensburg;Schleswig-Holstein;010595987090;Gemeinde
Hasselberg;Gemeinde Hasselberg;Kreis Schleswig-Flensburg;Schleswig-Holstein;010595990121;Gemeinde
Gelting;Gemeinde Gelting;Kreis Schleswig-Flensburg;Schleswig-Holstein;010595990112;Gemeinde
Alt Bennebek;Gemeinde Alt Bennebek;Kreis Schleswig-Flensburg;Schleswig-Holstein;010595996001;Gemeinde
Ilsede;Gemeinde Ilsede;Landkreis Peine;Niedersachsen;031570009009;Gemeinde
Lamspringe;Gemeinde Lamspringe;Landkreis Hildesheim;Niedersachsen;032540044044;Gemeinde
Stadum;Gemeinde Stadum;Kreis Nordfriesland;Schleswig-Holstein;010545489125;Gemeinde
Westre;Gemeinde Westre;Kreis Nordfriesland;Schleswig-Holstein;010545489154;Gemeinde
Hude;Gemeinde Hude;Kreis Nordfriesland;Schleswig-Holstein;010545492054;Gemeinde
Wasbüttel;Gemeinde Wasbüttel;Landkreis Gifhorn;Niedersachsen;031515404037;Gemeinde
Diedorf;Gemeinde Diedorf;Landkreis Augsburg;Bayern;097720130130;Gemeinde
Seedorf;Gemeinde Seedorf;Landkreis Rotenburg (Wümme);Niedersachsen;033575404042;Gemeinde
Auetal;Gemeinde Auetal;Landkreis Schaumburg;Niedersachsen;032570003003;Gemeinde
Eiselfing;Gemeinde Eiselfing;Landkreis Rosenheim;Bayern;091870126126;Gemeinde
Birkenfeld;Gemeinde Birkenfeld;Landkreis Main-Spessart;Bayern;096775621119;Gemeinde
Poppenhausen;Gemeinde Poppenhausen;Landkreis Schweinfurt;Bayern;096780168168;Gemeinde
Kirchheim;Gemeinde Kirchheim;Landkreis Würzburg;Bayern;096795650153;Gemeinde
Affing;Gemeinde Affing;Landkreis Aichach-Friedberg;Bayern;097710112112;Gemeinde
Nordendorf;Gemeinde Nordendorf;Landkreis Augsburg;Bayern;097725706185;Gemeinde
Wiesenbach;Gemeinde Wiesenbach;Landkreis Günzburg;Bayern;097745731189;Gemeinde
Lemgow;Gemeinde Lemgow;Landkreis Lüchow-Dannenberg;Niedersachsen;033545407015;Gemeinde
Dahlenburg;Gemeinde Dahlenburg;Landkreis Lüneburg;Niedersachsen;033555403013;Gemeinde
Betzendorf;Gemeinde Betzendorf;Landkreis Lüneburg;Niedersachsen;033555401008;Gemeinde
Rullstorf;Gemeinde Rullstorf;Landkreis Lüneburg;Niedersachsen;033555407032;Gemeinde
Krumbach (Schwaben);Stadt Krumbach (Schwaben);Landkreis Günzburg;Bayern;097740150150;Stadt
Jettingen-Scheppach;Gemeinde Jettingen-Scheppach;Landkreis Günzburg;Bayern;097740144144;Gemeinde
Roggenburg;Gemeinde Roggenburg;Landkreis Neu-Ulm;Bayern;097750149149;Gemeinde
Oberroth;Gemeinde Oberroth;Landkreis Neu-Ulm;Bayern;097755741141;Gemeinde
Fellheim;Gemeinde Fellheim;Landkreis Unterallgäu;Bayern;097785761139;Gemeinde
Wolsfeld;Gemeinde Wolsfeld;Landkreis Eifelkreis Bitburg-Prüm;Rheinland-Pfalz;072325008137;Gemeinde
Waldenburg;Stadt Waldenburg;Landkreis Hohenlohekreis;Baden-Württemberg;081265001085;Stadt
Ingelfingen;Stadt Ingelfingen;Landkreis Hohenlohekreis;Baden-Württemberg;081265003039;Stadt
Weinstadt;Stadt Weinstadt;Landkreis Rems-Murr-Kreis;Baden-Württemberg;081190091091;Stadt
Welzheim;Stadt Welzheim;Landkreis Rems-Murr-Kreis;Baden-Württemberg;081195005084;Stadt
Lauffen am Neckar;Stadt Lauffen am Neckar;Landkreis Heilbronn;Baden-Württemberg;081255006056;Stadt
Neuenstadt am Kocher;Stadt Neuenstadt am Kocher;Landkreis Heilbronn;Baden-Württemberg;081255009069;Stadt
Bülstedt;Gemeinde Bülstedt;Landkreis Rotenburg (Wümme);Niedersachsen;033575407010;Gemeinde
Harbke;Gemeinde Harbke;Landkreis Börde;Sachsen-Anhalt;150835053275;Gemeinde
Schmiedehausen;Gemeinde Schmiedehausen;Landkreis Weimarer Land;Thüringen;160715051083;Gemeinde
Weißwasser/O.L.;Stadt Weißwasser/O.L.;Landkreis Görlitz;Sachsen;146265242600;Stadt
Braunsbach;Gemeinde Braunsbach;Landkreis Schwäbisch Hall;Baden-Württemberg;081275001009;Gemeinde
Käbschütztal;Gemeinde Käbschütztal;Landkreis Meißen;Sachsen;146270080080;Gemeinde
Klipphausen;Gemeinde Klipphausen;Landkreis Meißen;Sachsen;146270100100;Gemeinde
Rosenthal-Bielatal;Gemeinde Rosenthal-Bielatal;Landkreis Sächsische Schweiz-Osterzgebirge;Sachsen;146285219340;Gemeinde
Herschbroich;Gemeinde Herschbroich;Landkreis Ahrweiler;Rheinland-Pfalz;071315001028;Gemeinde
Honerath;Gemeinde Honerath;Landkreis Ahrweiler;Rheinland-Pfalz;071315001032;Gemeinde
Mockrehna;Gemeinde Mockrehna;Landkreis Nordsachsen;Sachsen;147300190190;Gemeinde
Wermsdorf;Gemeinde Wermsdorf;Landkreis Nordsachsen;Sachsen;147300330330;Gemeinde
Asbach;Gemeinde Asbach;Landkreis Neuwied;Rheinland-Pfalz;071385001003;Gemeinde
Rosenthal;Stadt Rosenthal;Landkreis Waldeck-Frankenberg;Hessen;066350017017;Stadt
Barleben;Gemeinde Barleben;Landkreis Börde;Sachsen-Anhalt;150830040040;Gemeinde
Boxberg;Stadt Boxberg;Landkreis Main-Tauber-Kreis;Baden-Württemberg;081285002014;Stadt
Grünsfeld;Stadt Grünsfeld;Landkreis Main-Tauber-Kreis;Baden-Württemberg;081285003047;Stadt
Rheinmünster;Gemeinde Rheinmünster;Landkreis Rastatt;Baden-Württemberg;082165006063;Gemeinde
Neunkirchen;Gemeinde Neunkirchen;Landkreis Neckar-Odenwald-Kreis;Baden-Württemberg;082255003068;Gemeinde
Schwarzach;Gemeinde Schwarzach;Landkreis Neckar-Odenwald-Kreis;Baden-Württemberg;082255003116;Gemeinde
Lautenbach;Gemeinde Lautenbach;Landkreis Ortenaukreis;Baden-Württemberg;083175009067;Gemeinde
Pforzheim;Stadt Pforzheim;Stadtkreis Pforzheim;Baden-Württemberg;082310000000;Stadt
Kieselbronn;Gemeinde Kieselbronn;Landkreis Enzkreis;Baden-Württemberg;082365006031;Gemeinde
Wellendingen;Gemeinde Wellendingen;Landkreis Rottweil;Baden-Württemberg;083255003064;Gemeinde
Waldachtal;Gemeinde Waldachtal;Landkreis Freudenstadt;Baden-Württemberg;082375001074;Gemeinde
Horb am Neckar;Stadt Horb am Neckar;Landkreis Freudenstadt;Baden-Württemberg;082375003040;Stadt
Ihringen;Gemeinde Ihringen;Landkreis Breisgau-Hochschwarzwald;Baden-Württemberg;083155002059;Gemeinde
Hausach;Stadt Hausach;Landkreis Ortenaukreis;Baden-Württemberg;083175005041;Stadt
Kappelrodeck;Gemeinde Kappelrodeck;Landkreis Ortenaukreis;Baden-Württemberg;083175006056;Gemeinde
Frankenthal;Gemeinde Frankenthal;Landkreis Bautzen;Sachsen;146255211140;Gemeinde
Kieve;Gemeinde Kieve;Landkreis Mecklenburgische Seenplatte;Mecklenburg-Vorpommern;130715159073;Gemeinde
Immenstedt;Gemeinde Immenstedt;Kreis Nordfriesland;Schleswig-Holstein;010545453057;Gemeinde
Hohen Wangelin;Gemeinde Hohen Wangelin;Landkreis Mecklenburgische Seenplatte;Mecklenburg-Vorpommern;130715160063;Gemeinde
Sietow;Gemeinde Sietow;Landkreis Mecklenburgische Seenplatte;Mecklenburg-Vorpommern;130715159137;Gemeinde
Halblech;Gemeinde Halblech;Landkreis Ostallgäu;Bayern;097770173173;Gemeinde
Eisenberg;Gemeinde Eisenberg;Landkreis Ostallgäu;Bayern;097775756125;Gemeinde
Breesen;Gemeinde Breesen;Landkreis Mecklenburgische Seenplatte;Mecklenburg-Vorpommern;130715163016;Gemeinde
Dauchingen;Gemeinde Dauchingen;Landkreis Schwarzwald-Baar-Kreis;Baden-Württemberg;083265004010;Gemeinde
Schliengen;Gemeinde Schliengen;Landkreis Lörrach;Baden-Württemberg;083365005078;Gemeinde
Borrentin;Gemeinde Borrentin;Landkreis Mecklenburgische Seenplatte;Mecklenburg-Vorpommern;130715151014;Gemeinde
Hohentengen am Hochrhein;Gemeinde Hohentengen am Hochrhein;Landkreis Waldshut;Baden-Württemberg;083375003053;Gemeinde
Verchen;Gemeinde Verchen;Landkreis Mecklenburgische Seenplatte;Mecklenburg-Vorpommern;130715151150;Gemeinde
Trochtelfingen;Stadt Trochtelfingen;Landkreis Reutlingen;Baden-Württemberg;084150073073;Stadt
Münsingen;Stadt Münsingen;Landkreis Reutlingen;Baden-Württemberg;084155003053;Stadt
Rain;Gemeinde Rain;Landkreis Straubing-Bogen;Bayern;092785250177;Gemeinde
Balingen;Stadt Balingen;Landkreis Zollernalbkreis;Baden-Württemberg;084175002002;Stadt
Ratshausen;Gemeinde Ratshausen;Landkreis Zollernalbkreis;Baden-Württemberg;084175006052;Gemeinde
Oberstadion;Gemeinde Oberstadion;Landkreis Alb-Donau-Kreis;Baden-Württemberg;084255010091;Gemeinde
Lonsee;Gemeinde Lonsee;Landkreis Alb-Donau-Kreis;Baden-Württemberg;084255009075;Gemeinde
Königseggwald;Gemeinde Königseggwald;Landkreis Ravensburg;Baden-Württemberg;084365001053;Gemeinde
Biberach an der Riß;Stadt Biberach an der Riß;Landkreis Biberach;Baden-Württemberg;084265003021;Stadt
Langenenslingen;Gemeinde Langenenslingen;Landkreis Biberach;Baden-Württemberg;084265007067;Gemeinde
Unlingen;Gemeinde Unlingen;Landkreis Biberach;Baden-Württemberg;084265007121;Gemeinde
Oberteuringen;Gemeinde Oberteuringen;Landkreis Bodenseekreis;Baden-Württemberg;084355003045;Gemeinde
Sipplingen;Gemeinde Sipplingen;Landkreis Bodenseekreis;Baden-Württemberg;084355007053;Gemeinde
Weddingstedt;Gemeinde Weddingstedt;Kreis Dithmarschen;Schleswig-Holstein;010515172122;Gemeinde
Mittelsömmern;Gemeinde Mittelsömmern;Landkreis Unstrut-Hainich-Kreis;Thüringen;160645001045;Gemeinde
Hinte;Gemeinde Hinte;Landkreis Aurich;Niedersachsen;034520011011;Gemeinde
Wildpoldsried;Gemeinde Wildpoldsried;Landkreis Oberallgäu;Bayern;097800147147;Gemeinde
Feilbingert;Gemeinde Feilbingert;Landkreis Bad Kreuznach;Rheinland-Pfalz;071335001030;Gemeinde
Pleitersheim;Gemeinde Pleitersheim;Landkreis Bad Kreuznach;Rheinland-Pfalz;071335001080;Gemeinde
Holzgünz;Gemeinde Holzgünz;Landkreis Unterallgäu;Bayern;097785765151;Gemeinde
Woringen;Gemeinde Woringen;Landkreis Unterallgäu;Bayern;097785768219;Gemeinde
Kleinblittersdorf;Gemeinde Kleinblittersdorf;Landkreis Regionalverband Saarbrücken;Saarland;100410514514;Gemeinde
Ettringen;Gemeinde Ettringen;Landkreis Unterallgäu;Bayern;097780137137;Gemeinde
Markt Wald;Gemeinde Markt Wald;Landkreis Unterallgäu;Bayern;097780169169;Gemeinde
Sommerhausen;Gemeinde Sommerhausen;Landkreis Würzburg;Bayern;096795646187;Gemeinde
Tiddische;Gemeinde Tiddische;Landkreis Gifhorn;Niedersachsen;031515402031;Gemeinde
Damsdorf;Gemeinde Damsdorf;Kreis Segeberg;Schleswig-Holstein;010605024017;Gemeinde
Nützen;Gemeinde Nützen;Kreis Segeberg;Schleswig-Holstein;010605043064;Gemeinde
Mittelbrunn;Gemeinde Mittelbrunn;Landkreis Kaiserslautern;Rheinland-Pfalz;073355011027;Gemeinde
Nahe;Gemeinde Nahe;Kreis Segeberg;Schleswig-Holstein;010605034058;Gemeinde
Berkoth;Gemeinde Berkoth;Landkreis Eifelkreis Bitburg-Prüm;Rheinland-Pfalz;072325005011;Gemeinde
Jagel;Gemeinde Jagel;Kreis Schleswig-Flensburg;Schleswig-Holstein;010595915043;Gemeinde
Niederdürenbach;Gemeinde Niederdürenbach;Landkreis Ahrweiler;Rheinland-Pfalz;071315004054;Gemeinde
Königsmoor;Gemeinde Königsmoor;Landkreis Harburg;Niedersachsen;033535406022;Gemeinde
Schapen;Gemeinde Schapen;Landkreis Emsland;Niedersachsen;034545408046;Gemeinde
Melsbach;Gemeinde Melsbach;Landkreis Neuwied;Rheinland-Pfalz;071385009043;Gemeinde
Hamm;Stadt Hamm;Kreisfreie Stadt Hamm;Nordrhein-Westfalen;059150000000;Stadt
Reimerath;Gemeinde Reimerath;Landkreis Vulkaneifel;Rheinland-Pfalz;072335004233;Gemeinde
Wasserliesch;Gemeinde Wasserliesch;Landkreis Trier-Saarburg;Rheinland-Pfalz;072355003143;Gemeinde
Dackscheid;Gemeinde Dackscheid;Landkreis Eifelkreis Bitburg-Prüm;Rheinland-Pfalz;072325001211;Gemeinde
Sulzbach;Gemeinde Sulzbach;Landkreis Rhein-Lahn-Kreis;Rheinland-Pfalz;071415010132;Gemeinde
Osann-Monzel;Gemeinde Osann-Monzel;Landkreis Bernkastel-Wittlich;Rheinland-Pfalz;072315008103;Gemeinde
Mölsheim;Gemeinde Mölsheim;Landkreis Alzey-Worms;Rheinland-Pfalz;073315003046;Gemeinde
Sonnenberg-Winnenberg;Gemeinde Sonnenberg-Winnenberg;Landkreis Birkenfeld;Rheinland-Pfalz;071345002085;Gemeinde
Günstedt;Gemeinde Günstedt;Landkreis Sömmerda;Thüringen;160685005022;Gemeinde
Neureichenau;Gemeinde Neureichenau;Landkreis Freyung-Grafenau;Bayern;092720136136;Gemeinde
Kleve;Gemeinde Kleve;Kreis Dithmarschen;Schleswig-Holstein;010515169060;Gemeinde
Jühnde;Gemeinde Jühnde;Landkreis Göttingen;Niedersachsen;031595401021;Gemeinde
Landsberied;Gemeinde Landsberied;Landkreis Fürstenfeldbruck;Bayern;091795131132;Gemeinde
Todesfelde;Gemeinde Todesfelde;Kreis Segeberg;Schleswig-Holstein;010605053088;Gemeinde
Leezen;Gemeinde Leezen;Kreis Segeberg;Schleswig-Holstein;010605053053;Gemeinde
Salzgitter;Stadt Salzgitter;Kreisfreie Stadt Salzgitter;Niedersachsen;031020000000;Stadt
Solingen;Stadt Solingen;Kreisfreie Stadt Solingen;Nordrhein-Westfalen;051220000000;Stadt
Bad Saulgau;Stadt Bad Saulgau;Landkreis Sigmaringen;Baden-Württemberg;084375005100;Stadt
Sankt Wolfgang;Gemeinde Sankt Wolfgang;Landkreis Erding;Bayern;091770137137;Gemeinde
Frankendorf;Gemeinde Frankendorf;Landkreis Weimarer Land;Thüringen;160715008019;Gemeinde
Regen;Stadt Regen;Landkreis Regen;Bayern;092760138138;Stadt
Thurnau;Gemeinde Thurnau;Landkreis Kulmbach;Bayern;094770157157;Gemeinde
Potsdam;Stadt Potsdam;Kreisfreie Stadt Potsdam;Brandenburg;120540000000;Stadt
Karstädt;Gemeinde Karstädt;Landkreis Prignitz;Brandenburg;120700173173;Gemeinde
Zimmern;Gemeinde Zimmern;Landkreis Saale-Holzland-Kreis;Thüringen;160745015113;Gemeinde
Parchim;Stadt Parchim;Landkreis Ludwigslust-Parchim;Mecklenburg-Vorpommern;130760108108;Stadt
Dippoldiswalde;Stadt Dippoldiswalde;Landkreis Sächsische Schweiz-Osterzgebirge;Sachsen;146280060060;Stadt
Bad Gottleuba-Berggießhübel;Stadt Bad Gottleuba-Berggießhübel;Landkreis Sächsische Schweiz-Osterzgebirge;Sachsen;146285202020;Stadt
Raguhn-Jeßnitz;Stadt Raguhn-Jeßnitz;Landkreis Anhalt-Bitterfeld;Sachsen-Anhalt;150820301301;Stadt
Leuna;Stadt Leuna;Landkreis Saalekreis;Sachsen-Anhalt;150880205205;Stadt
Seehausen (Altmark);Stadt Seehausen (Altmark);Landkreis Stendal;Sachsen-Anhalt;150905053520;Stadt
Meiningen;Stadt Meiningen;Landkreis Schmalkalden-Meiningen;Thüringen;160665050042;Stadt
Walsrode;Stadt Walsrode;Landkreis Heidekreis;Niedersachsen;033580024024;Stadt
Breitscheid;Gemeinde Breitscheid;Landkreis Neuwied;Rheinland-Pfalz;071385009006;Gemeinde
Rehe;Gemeinde Rehe;Landkreis Westerwaldkreis;Rheinland-Pfalz;071435006285;Gemeinde
Dienstweiler;Gemeinde Dienstweiler;Landkreis Birkenfeld;Rheinland-Pfalz;071345002020;Gemeinde
Würrich;Gemeinde Würrich;Landkreis Rhein-Hunsrück-Kreis;Rheinland-Pfalz;071405004165;Gemeinde
Heckenmünster;Gemeinde Heckenmünster;Landkreis Bernkastel-Wittlich;Rheinland-Pfalz;072315008050;Gemeinde
Lingerhahn;Gemeinde Lingerhahn;Landkreis Rhein-Hunsrück-Kreis;Rheinland-Pfalz;071405009087;Gemeinde
Erpolzheim;Gemeinde Erpolzheim;Landkreis Bad Dürkheim;Rheinland-Pfalz;073325002015;Gemeinde
Hassendorf;Gemeinde Hassendorf;Landkreis Rotenburg (Wümme);Niedersachsen;033575406020;Gemeinde
Geiersberg;Gemeindefreies Gebiet Geiersberg;Landkreis Schweinfurt;Bayern;096789452452;Gemeindefreies Gebiet
Herrnwald;Gemeindefreies Gebiet Herrnwald;Landkreis Main-Spessart;Bayern;096779458458;Gemeindefreies Gebiet
Reichelsheim (Wetterau);Stadt Reichelsheim (Wetterau);Landkreis Wetteraukreis;Hessen;064400021021;Stadt
Schwäbisch Gmünd;Stadt Schwäbisch Gmünd;Landkreis Ostalbkreis;Baden-Württemberg;081365007065;Stadt
Dackenheim;Gemeinde Dackenheim;Landkreis Bad Dürkheim;Rheinland-Pfalz;073325002008;Gemeinde
Ehingen (Donau);Stadt Ehingen (Donau);Landkreis Alb-Donau-Kreis;Baden-Württemberg;084255005033;Stadt
Krün;Gemeinde Krün;Landkreis Garmisch-Partenkirchen;Bayern;091800122122;Gemeinde
Barth;Stadt Barth;Landkreis Vorpommern-Rügen;Mecklenburg-Vorpommern;130735352009;Stadt
Stemshorn;Gemeinde Stemshorn;Landkreis Diepholz;Niedersachsen;032515401036;Gemeinde
Neubörger;Gemeinde Neubörger;Landkreis Emsland;Niedersachsen;034545401037;Gemeinde
Friedland;Gemeinde Friedland;Landkreis Göttingen;Niedersachsen;031590013013;Gemeinde
Hagen im Bremischen;Gemeinde Hagen im Bremischen;Landkreis Cuxhaven;Niedersachsen;033520060060;Gemeinde
Gau-Heppenheim;Gemeinde Gau-Heppenheim;Landkreis Alzey-Worms;Rheinland-Pfalz;073315001031;Gemeinde
Adelschlag;Gemeinde Adelschlag;Landkreis Eichstätt;Bayern;091765118111;Gemeinde
Tegernsee;Stadt Tegernsee;Landkreis Miesbach;Bayern;091820132132;Stadt
Babensham;Gemeinde Babensham;Landkreis Rosenheim;Bayern;091870116116;Gemeinde
Rennertshofen;Gemeinde Rennertshofen;Landkreis Neuburg-Schrobenhausen;Bayern;091850153153;Gemeinde
Bad Birnbach;Gemeinde Bad Birnbach;Landkreis Rottal-Inn;Bayern;092775241113;Gemeinde
Kleinheubach;Gemeinde Kleinheubach;Landkreis Miltenberg;Bayern;096765627132;Gemeinde
Burglengenfeld;Stadt Burglengenfeld;Landkreis Schwandorf;Bayern;093760119119;Stadt
Grub;Gemeinde Grub;Landkreis Hildburghausen;Thüringen;160695002017;Gemeinde
Selb;Stadt Selb;Landkreis Wunsiedel i.Fichtelgebirge;Bayern;094790152152;Stadt
Münnerstadt;Stadt Münnerstadt;Landkreis Bad Kissingen;Bayern;096720135135;Stadt
Trunkelsberg;Gemeinde Trunkelsberg;Landkreis Unterallgäu;Bayern;097785765202;Gemeinde
Dargun;Stadt Dargun;Landkreis Mecklenburgische Seenplatte;Mecklenburg-Vorpommern;130710027027;Stadt
Friedland;Stadt Friedland;Landkreis Mecklenburgische Seenplatte;Mecklenburg-Vorpommern;130715152035;Stadt
Ferna;Gemeinde Ferna;Landkreis Eichsfeld;Thüringen;160615001031;Gemeinde
Tastungen;Gemeinde Tastungen;Landkreis Eichsfeld;Thüringen;160615001094;Gemeinde
Vellahn;Gemeinde Vellahn;Landkreis Ludwigslust-Parchim;Mecklenburg-Vorpommern;130765667142;Gemeinde
Salzwedel;Stadt Salzwedel;Landkreis Altmarkkreis Salzwedel;Sachsen-Anhalt;150810455455;Stadt
Oschersleben (Bode);Stadt Oschersleben (Bode);Landkreis Börde;Sachsen-Anhalt;150830415415;Stadt
Wanzleben-Börde;Stadt Wanzleben-Börde;Landkreis Börde;Sachsen-Anhalt;150830531531;Stadt
Klostermansfeld;Gemeinde Klostermansfeld;Landkreis Mansfeld-Südharz;Sachsen-Anhalt;150875052260;Gemeinde
Schönebeck (Elbe);Stadt Schönebeck (Elbe);Landkreis Salzlandkreis;Sachsen-Anhalt;150890305305;Stadt
Jessen (Elster);Stadt Jessen (Elster);Landkreis Wittenberg;Sachsen-Anhalt;150910145145;Stadt
Schachtebich;Gemeinde Schachtebich;Landkreis Eichsfeld;Thüringen;160615008083;Gemeinde
Nittenau;Stadt Nittenau;Landkreis Schwandorf;Bayern;093760149149;Stadt
Holldorf;Gemeinde Holldorf;Landkreis Mecklenburgische Seenplatte;Mecklenburg-Vorpommern;130715161067;Gemeinde
Insel Hiddensee;Gemeinde Insel Hiddensee;Landkreis Vorpommern-Rügen;Mecklenburg-Vorpommern;130735362040;Gemeinde
Metelsdorf;Gemeinde Metelsdorf;Landkreis Nordwestmecklenburg;Mecklenburg-Vorpommern;130745451053;Gemeinde
Barnekow;Gemeinde Barnekow;Landkreis Nordwestmecklenburg;Mecklenburg-Vorpommern;130745451003;Gemeinde
Niedergebra;Gemeinde Niedergebra;Landkreis Nordhausen;Thüringen;160625054037;Gemeinde
Tangerhütte;Stadt Tangerhütte;Landkreis Stendal;Sachsen-Anhalt;150900546546;Stadt
Schüttorf;Stadt Schüttorf;Landkreis Grafschaft Bentheim;Niedersachsen;034565403027;Stadt
Groß Ippener;Gemeinde Groß Ippener;Landkreis Oldenburg;Niedersachsen;034585401006;Gemeinde
Sankt Margarethen;Gemeinde Sankt Margarethen;Kreis Steinburg;Schleswig-Holstein;010615179095;Gemeinde
Oberbrombach;Gemeinde Oberbrombach;Landkreis Birkenfeld;Rheinland-Pfalz;071345002062;Gemeinde
Herrstein;Gemeinde Herrstein;Landkreis Birkenfeld;Rheinland-Pfalz;071345005039;Gemeinde
Oberreidenbach;Gemeinde Oberreidenbach;Landkreis Birkenfeld;Rheinland-Pfalz;071345005066;Gemeinde
Sensweiler;Gemeinde Sensweiler;Landkreis Birkenfeld;Rheinland-Pfalz;071345005081;Gemeinde
Waldeck;Gemeinde Waldeck;Landkreis Saale-Holzland-Kreis;Thüringen;160745053105;Gemeinde
Sonnschied;Gemeinde Sonnschied;Landkreis Birkenfeld;Rheinland-Pfalz;071345005086;Gemeinde
Malberg;Gemeinde Malberg;Landkreis Altenkirchen (Westerwald);Rheinland-Pfalz;071325009066;Gemeinde
Birkenfeld;Stadt Birkenfeld;Landkreis Birkenfeld;Rheinland-Pfalz;071345002010;Stadt
Giershausen;Gemeinde Giershausen;Landkreis Altenkirchen (Westerwald);Rheinland-Pfalz;071325010041;Gemeinde
Ettringen;Gemeinde Ettringen;Landkreis Mayen-Koblenz;Rheinland-Pfalz;071375003025;Gemeinde
Hermersberg;Gemeinde Hermersberg;Landkreis Südwestpfalz;Rheinland-Pfalz;073405006016;Gemeinde
Bechhofen;Gemeinde Bechhofen;Landkreis Südwestpfalz;Rheinland-Pfalz;073405008203;Gemeinde
Tamm;Stadt Tamm;Landkreis Ludwigsburg;Baden-Württemberg;081185002071;Stadt
Altleiningen;Gemeinde Altleiningen;Landkreis Bad Dürkheim;Rheinland-Pfalz;073325007001;Gemeinde
Großholbach;Gemeinde Großholbach;Landkreis Westerwaldkreis;Rheinland-Pfalz;071435004024;Gemeinde
Handeloh;Gemeinde Handeloh;Landkreis Harburg;Niedersachsen;033535406015;Gemeinde
Kirf;Gemeinde Kirf;Landkreis Trier-Saarburg;Rheinland-Pfalz;072355008062;Gemeinde
Hangen-Weisheim;Gemeinde Hangen-Weisheim;Landkreis Alzey-Worms;Rheinland-Pfalz;073315007039;Gemeinde
Kuhardt;Gemeinde Kuhardt;Landkreis Germersheim;Rheinland-Pfalz;073345006015;Gemeinde
Martinshöhe;Gemeinde Martinshöhe;Landkreis Kaiserslautern;Rheinland-Pfalz;073355001203;Gemeinde
Mehlbach;Gemeinde Mehlbach;Landkreis Kaiserslautern;Rheinland-Pfalz;073355010025;Gemeinde
Maitzborn;Gemeinde Maitzborn;Landkreis Rhein-Hunsrück-Kreis;Rheinland-Pfalz;071405004090;Gemeinde
Ober-Ramstadt;Stadt Ober-Ramstadt;Landkreis Darmstadt-Dieburg;Hessen;064320016016;Stadt
Erbach;Gemeinde Erbach;Landkreis Rhein-Hunsrück-Kreis;Rheinland-Pfalz;071405008037;Gemeinde
Melsdorf;Gemeinde Melsdorf;Kreis Rendsburg-Eckernförde;Schleswig-Holstein;010585803104;Gemeinde
Ohlweiler;Gemeinde Ohlweiler;Landkreis Rhein-Hunsrück-Kreis;Rheinland-Pfalz;071405008113;Gemeinde
Holzheim;Gemeinde Holzheim;Landkreis Rhein-Lahn-Kreis;Rheinland-Pfalz;071415003061;Gemeinde
Kasdorf;Gemeinde Kasdorf;Landkreis Rhein-Lahn-Kreis;Rheinland-Pfalz;071415007067;Gemeinde
Hömberg;Gemeinde Hömberg;Landkreis Rhein-Lahn-Kreis;Rheinland-Pfalz;071415010058;Gemeinde
Rutsweiler am Glan;Gemeinde Rutsweiler am Glan;Landkreis Kusel;Rheinland-Pfalz;073365010089;Gemeinde
Lollschied;Gemeinde Lollschied;Landkreis Rhein-Lahn-Kreis;Rheinland-Pfalz;071415010082;Gemeinde
Talheim;Gemeinde Talheim;Landkreis Tuttlingen;Baden-Württemberg;083275005048;Gemeinde
Niederbachheim;Gemeinde Niederbachheim;Landkreis Rhein-Lahn-Kreis;Rheinland-Pfalz;071415007094;Gemeinde
Rehweiler;Gemeinde Rehweiler;Landkreis Kusel;Rheinland-Pfalz;073365009082;Gemeinde
Katzenelnbogen;Stadt Katzenelnbogen;Landkreis Rhein-Lahn-Kreis;Rheinland-Pfalz;071415011068;Stadt
Körborn;Gemeinde Körborn;Landkreis Kusel;Rheinland-Pfalz;073365010051;Gemeinde
Siebeneichen;Gemeinde Siebeneichen;Kreis Herzogtum Lauenburg;Schleswig-Holstein;010535318119;Gemeinde
Ringgau;Gemeinde Ringgau;Landkreis Werra-Meißner-Kreis;Hessen;066360010010;Gemeinde
Meißner;Gemeinde Meißner;Landkreis Werra-Meißner-Kreis;Hessen;066360008008;Gemeinde
Kirchsahr;Gemeinde Kirchsahr;Landkreis Ahrweiler;Rheinland-Pfalz;071315002040;Gemeinde
Mayschoß;Gemeinde Mayschoß;Landkreis Ahrweiler;Rheinland-Pfalz;071315002049;Gemeinde
Alsdorf;Gemeinde Alsdorf;Landkreis Altenkirchen (Westerwald);Rheinland-Pfalz;071325009002;Gemeinde
Masburg;Gemeinde Masburg;Landkreis Cochem-Zell;Rheinland-Pfalz;071355002058;Gemeinde
Landkern;Gemeinde Landkern;Landkreis Cochem-Zell;Rheinland-Pfalz;071355002051;Gemeinde
Wierschem;Gemeinde Wierschem;Landkreis Mayen-Koblenz;Rheinland-Pfalz;071375002114;Gemeinde
Saffig;Gemeinde Saffig;Landkreis Mayen-Koblenz;Rheinland-Pfalz;071375001096;Gemeinde
Pünderich;Gemeinde Pünderich;Landkreis Cochem-Zell;Rheinland-Pfalz;071355005073;Gemeinde
Kruft;Gemeinde Kruft;Landkreis Mayen-Koblenz;Rheinland-Pfalz;071375001057;Gemeinde
Bell (Hunsrück);Gemeinde Bell (Hunsrück);Landkreis Rhein-Hunsrück-Kreis;Rheinland-Pfalz;071405003009;Gemeinde
Allersberg;Gemeinde Allersberg;Landkreis Roth;Bayern;095760113113;Gemeinde
Sarmstorf;Gemeinde Sarmstorf;Landkreis Rostock;Mecklenburg-Vorpommern;130725255092;Gemeinde
Gutow;Gemeinde Gutow;Landkreis Rostock;Mecklenburg-Vorpommern;130725255044;Gemeinde
Dolgen am See;Gemeinde Dolgen am See;Landkreis Rostock;Mecklenburg-Vorpommern;130725257027;Gemeinde
Zerzabelshofer Forst;Gemeindefreies Gebiet Zerzabelshofer Forst;Landkreis Nürnberger Land;Bayern;095749465465;Gemeindefreies Gebiet
Bad Windsheim;Stadt Bad Windsheim;Landkreis Neustadt a.d.Aisch-Bad Windsheim;Bayern;095750112112;Stadt
Wolmersdorf;Gemeinde Wolmersdorf;Kreis Dithmarschen;Schleswig-Holstein;010515175135;Gemeinde
Reit im Winkl;Gemeinde Reit im Winkl;Landkreis Traunstein;Bayern;091890139139;Gemeinde
Breege;Gemeinde Breege;Landkreis Vorpommern-Rügen;Mecklenburg-Vorpommern;130735359013;Gemeinde
Groß Kordshagen;Gemeinde Groß Kordshagen;Landkreis Vorpommern-Rügen;Mecklenburg-Vorpommern;130735358036;Gemeinde
Gransebieth;Gemeinde Gransebieth;Landkreis Vorpommern-Rügen;Mecklenburg-Vorpommern;130735360033;Gemeinde
Weilheim i.OB;Stadt Weilheim i.OB;Landkreis Weilheim-Schongau;Bayern;091900157157;Stadt
Schwabsoien;Gemeinde Schwabsoien;Landkreis Weilheim-Schongau;Bayern;091905174151;Gemeinde
Schwabbruck;Gemeinde Schwabbruck;Landkreis Weilheim-Schongau;Bayern;091905174149;Gemeinde
Selmsdorf;Gemeinde Selmsdorf;Landkreis Nordwestmecklenburg;Mecklenburg-Vorpommern;130745459076;Gemeinde
Herrngiersdorf;Gemeinde Herrngiersdorf;Landkreis Kelheim;Bayern;092735217127;Gemeinde
Bodenkirchen;Gemeinde Bodenkirchen;Landkreis Landshut;Bayern;092740120120;Gemeinde
Biburg;Gemeinde Biburg;Landkreis Kelheim;Bayern;092735218119;Gemeinde
Bieberehren;Gemeinde Bieberehren;Landkreis Würzburg;Bayern;096795654118;Gemeinde
Buch a.Erlbach;Gemeinde Buch a.Erlbach;Landkreis Landshut;Bayern;092740121121;Gemeinde
Sarnow;Gemeinde Sarnow;Landkreis Vorpommern-Greifswald;Mecklenburg-Vorpommern;130755553122;Gemeinde
Volkach;Stadt Volkach;Landkreis Kitzingen;Bayern;096755619174;Stadt
Pocking;Stadt Pocking;Landkreis Passau;Bayern;092750141141;Stadt
Tiefenbach;Gemeinde Tiefenbach;Landkreis Passau;Bayern;092750151151;Gemeinde
Rossow;Gemeinde Rossow;Landkreis Vorpommern-Greifswald;Mecklenburg-Vorpommern;130755556117;Gemeinde
Geiersthal;Gemeinde Geiersthal;Landkreis Regen;Bayern;092760122122;Gemeinde
Arnstorf;Gemeinde Arnstorf;Landkreis Rottal-Inn;Bayern;092770111111;Gemeinde
Güster;Gemeinde Güster;Kreis Herzogtum Lauenburg;Schleswig-Holstein;010535318048;Gemeinde
Stubenberg;Gemeinde Stubenberg;Landkreis Rottal-Inn;Bayern;092775244147;Gemeinde
Witzeeze;Gemeinde Witzeeze;Kreis Herzogtum Lauenburg;Schleswig-Holstein;010535318132;Gemeinde
Kupferberg;Stadt Kupferberg;Landkreis Kulmbach;Bayern;094775437129;Stadt
Theisseil;Gemeinde Theisseil;Landkreis Neustadt a.d.Waldnaab;Bayern;093745323160;Gemeinde
Neustadt am Kulm;Stadt Neustadt am Kulm;Landkreis Neustadt a.d.Waldnaab;Bayern;093745327140;Stadt
Kirchenthumbach;Gemeinde Kirchenthumbach;Landkreis Neustadt a.d.Waldnaab;Bayern;093745326129;Gemeinde
Konnersreuth;Gemeinde Konnersreuth;Landkreis Tirschenreuth;Bayern;093770131131;Gemeinde
Schwabstedt;Gemeinde Schwabstedt;Kreis Nordfriesland;Schleswig-Holstein;010545492116;Gemeinde
Pfreimd;Stadt Pfreimd;Landkreis Schwandorf;Bayern;093765343153;Stadt
Bärnau;Stadt Bärnau;Landkreis Tirschenreuth;Bayern;093770112112;Stadt
Mespelbrunn;Gemeinde Mespelbrunn;Landkreis Aschaffenburg;Bayern;096715603141;Gemeinde
Cambs;Gemeinde Cambs;Landkreis Ludwigslust-Parchim;Mecklenburg-Vorpommern;130765668024;Gemeinde
Raben Steinfeld;Gemeinde Raben Steinfeld;Landkreis Ludwigslust-Parchim;Mecklenburg-Vorpommern;130765668117;Gemeinde
Westerngrund;Gemeinde Westerngrund;Landkreis Aschaffenburg;Bayern;096715604159;Gemeinde
Schlettau;Stadt Schlettau;Landkreis Erzgebirgskreis;Sachsen;145215130520;Stadt
Lübtheen;Stadt Lübtheen;Landkreis Ludwigslust-Parchim;Mecklenburg-Vorpommern;130760088088;Stadt
Muchow;Gemeinde Muchow;Landkreis Ludwigslust-Parchim;Mecklenburg-Vorpommern;130765657100;Gemeinde
Dabel;Gemeinde Dabel;Landkreis Ludwigslust-Parchim;Mecklenburg-Vorpommern;130765664026;Gemeinde
Neustadt/Vogtl.;Gemeinde Neustadt/Vogtl.;Landkreis Vogtlandkreis;Sachsen;145235107290;Gemeinde
Waldböckelheim;Gemeinde Waldböckelheim;Landkreis Bad Kreuznach;Rheinland-Pfalz;071335006107;Gemeinde
Röhrmoos;Gemeinde Röhrmoos;Landkreis Dachau;Bayern;091740141141;Gemeinde
Quendorf;Gemeinde Quendorf;Landkreis Grafschaft Bentheim;Niedersachsen;034565403018;Gemeinde
Becherbach bei Kirn;Gemeinde Becherbach bei Kirn;Landkreis Bad Kreuznach;Rheinland-Pfalz;071335009010;Gemeinde
Weitersborn;Gemeinde Weitersborn;Landkreis Bad Kreuznach;Rheinland-Pfalz;071335009113;Gemeinde
Filsum;Gemeinde Filsum;Landkreis Leer;Niedersachsen;034575403008;Gemeinde
Daubach;Gemeinde Daubach;Landkreis Bad Kreuznach;Rheinland-Pfalz;071335010022;Gemeinde
Lettweiler;Gemeinde Lettweiler;Landkreis Bad Kreuznach;Rheinland-Pfalz;071335010058;Gemeinde
Löllbach;Gemeinde Löllbach;Landkreis Bad Kreuznach;Rheinland-Pfalz;071335010060;Gemeinde
Rehbach;Gemeinde Rehbach;Landkreis Bad Kreuznach;Rheinland-Pfalz;071335010082;Gemeinde
Bersenbrück;Stadt Bersenbrück;Landkreis Osnabrück;Niedersachsen;034595402010;Stadt
Kettenkamp;Gemeinde Kettenkamp;Landkreis Osnabrück;Niedersachsen;034595402023;Gemeinde
Mülheim an der Ruhr;Stadt Mülheim an der Ruhr;Kreisfreie Stadt Mülheim an der Ruhr;Nordrhein-Westfalen;051170000000;Stadt
Nomborn;Gemeinde Nomborn;Landkreis Westerwaldkreis;Rheinland-Pfalz;071435004055;Gemeinde
Nordheim a.Main;Gemeinde Nordheim a.Main;Landkreis Kitzingen;Bayern;096755619155;Gemeinde
Caan;Gemeinde Caan;Landkreis Westerwaldkreis;Rheinland-Pfalz;071435005007;Gemeinde
Kempen;Stadt Kempen;Kreis Viersen;Nordrhein-Westfalen;051660012012;Stadt
Glauchau;Stadt Glauchau;Landkreis Zwickau;Sachsen;145240080080;Stadt
Vielbach;Gemeinde Vielbach;Landkreis Westerwaldkreis;Rheinland-Pfalz;071435007078;Gemeinde
Witzwort;Gemeinde Witzwort;Kreis Nordfriesland;Schleswig-Holstein;010545492161;Gemeinde
Winnert;Gemeinde Winnert;Kreis Nordfriesland;Schleswig-Holstein;010545492156;Gemeinde
Weroth;Gemeinde Weroth;Landkreis Westerwaldkreis;Rheinland-Pfalz;071435008080;Gemeinde
Velen;Stadt Velen;Kreis Borken;Nordrhein-Westfalen;055540064064;Stadt
Schweppenhausen;Gemeinde Schweppenhausen;Landkreis Bad Kreuznach;Rheinland-Pfalz;071335011093;Gemeinde
Hirschaid;Gemeinde Hirschaid;Landkreis Bamberg;Bayern;094710145145;Gemeinde
Winkelhofer Forst;Gemeindefreies Gebiet Winkelhofer Forst;Landkreis Bamberg;Bayern;094719461461;Gemeindefreies Gebiet
Bischofsheim;Gemeinde Bischofsheim;Landkreis Groß-Gerau;Hessen;064330002002;Gemeinde
Beckum;Stadt Beckum;Kreis Warendorf;Nordrhein-Westfalen;055700008008;Stadt
Bad Berneck i.Fichtelgebirge;Stadt Bad Berneck i.Fichtelgebirge;Landkreis Bayreuth;Bayern;094720116116;Stadt
Rheda-Wiedenbrück;Stadt Rheda-Wiedenbrück;Kreis Gütersloh;Nordrhein-Westfalen;057540028028;Stadt
Zendscheid;Gemeinde Zendscheid;Landkreis Eifelkreis Bitburg-Prüm;Rheinland-Pfalz;072325008331;Gemeinde
Hiddenhausen;Gemeinde Hiddenhausen;Kreis Herford;Nordrhein-Westfalen;057580016016;Gemeinde
Spenge;Stadt Spenge;Kreis Herford;Nordrhein-Westfalen;057580032032;Stadt
Langenhahn;Gemeinde Langenhahn;Landkreis Westerwaldkreis;Rheinland-Pfalz;071435009254;Gemeinde
Bad Lippspringe;Stadt Bad Lippspringe;Kreis Paderborn;Nordrhein-Westfalen;057740008008;Stadt
Plankenfels;Gemeinde Plankenfels;Landkreis Bayreuth;Bayern;094725412176;Gemeinde
Bad Salzuflen;Stadt Bad Salzuflen;Kreis Lippe;Nordrhein-Westfalen;057660008008;Stadt
Tettau;Gemeinde Tettau;Landkreis Kronach;Bayern;094760179179;Gemeinde
Dörfles-Esbach;Gemeinde Dörfles-Esbach;Landkreis Coburg;Bayern;094730120120;Gemeinde
Niederfüllbach;Gemeinde Niederfüllbach;Landkreis Coburg;Bayern;094735418153;Gemeinde
Merseburg;Stadt Merseburg;Landkreis Saalekreis;Sachsen-Anhalt;150880220220;Stadt
Aschersleben;Stadt Aschersleben;Landkreis Salzlandkreis;Sachsen-Anhalt;150890015015;Stadt
Glashütten;Gemeinde Glashütten;Landkreis Hochtaunuskreis;Hessen;064340003003;Gemeinde
Steimel;Gemeinde Steimel;Landkreis Neuwied;Rheinland-Pfalz;071385005070;Gemeinde
Welver;Gemeinde Welver;Kreis Soest;Nordrhein-Westfalen;059740048048;Gemeinde
Höchstberg;Gemeinde Höchstberg;Landkreis Vulkaneifel;Rheinland-Pfalz;072335004215;Gemeinde
Hemer;Stadt Hemer;Kreis Märkischer Kreis;Nordrhein-Westfalen;059620016016;Stadt
Walluf;Gemeinde Walluf;Landkreis Rheingau-Taunus-Kreis;Hessen;064390017017;Gemeinde
Münster-Sarmsheim;Gemeinde Münster-Sarmsheim;Landkreis Mainz-Bingen;Rheinland-Pfalz;073395001038;Gemeinde
Hirzenhain;Gemeinde Hirzenhain;Landkreis Wetteraukreis;Hessen;064400011011;Gemeinde
Kefenrod;Gemeinde Kefenrod;Landkreis Wetteraukreis;Hessen;064400013013;Gemeinde
Hanau;Stadt Hanau;Landkreis Main-Kinzig-Kreis;Hessen;064350014014;Stadt
Bad Nauheim;Stadt Bad Nauheim;Landkreis Wetteraukreis;Hessen;064400002002;Stadt
Erbach;Stadt Erbach;Landkreis Odenwaldkreis;Hessen;064370006006;Stadt
Dunsum;Gemeinde Dunsum;Kreis Nordfriesland;Schleswig-Holstein;010545488025;Gemeinde
Wetzlar;Stadt Wetzlar;Landkreis Lahn-Dill-Kreis;Hessen;065320023023;Stadt
Amöneburg;Stadt Amöneburg;Landkreis Marburg-Biedenkopf;Hessen;065340001001;Stadt
Thelkow;Gemeinde Thelkow;Landkreis Rostock;Mecklenburg-Vorpommern;130725262107;Gemeinde
Marktleuthen;Stadt Marktleuthen;Landkreis Wunsiedel i.Fichtelgebirge;Bayern;094790135135;Stadt
Dipperz;Gemeinde Dipperz;Landkreis Fulda;Hessen;066310003003;Gemeinde
Sprendlingen;Gemeinde Sprendlingen;Landkreis Mainz-Bingen;Rheinland-Pfalz;073395008056;Gemeinde
Heitersheim;Stadt Heitersheim;Landkreis Breisgau-Hochschwarzwald;Baden-Württemberg;083155006050;Stadt
Langenbach;Gemeinde Langenbach;Landkreis Freising;Bayern;091780138138;Gemeinde
Hohenkammer;Gemeinde Hohenkammer;Landkreis Freising;Bayern;091780133133;Gemeinde
Treben;Gemeinde Treben;Landkreis Altenburger Land;Thüringen;160775004048;Gemeinde
Schillingsfürst;Stadt Schillingsfürst;Landkreis Ansbach;Bayern;095715502198;Stadt
Güntersleben;Gemeinde Güntersleben;Landkreis Würzburg;Bayern;096790142142;Gemeinde
Mark;Gemeindefreies Gebiet Mark;Landkreis Erlangen-Höchstadt;Bayern;095729459459;Gemeindefreies Gebiet
Kleinrinderfeld;Gemeinde Kleinrinderfeld;Landkreis Würzburg;Bayern;096790155155;Gemeinde
Bous;Gemeinde Bous;Landkreis Saarlouis;Saarland;100440122122;Gemeinde
Schwalbach;Gemeinde Schwalbach;Landkreis Saarlouis;Saarland;100440118118;Gemeinde
Posterstein;Gemeinde Posterstein;Landkreis Altenburger Land;Thüringen;160775009041;Gemeinde
Hammerstedt;Gemeinde Hammerstedt;Landkreis Weimarer Land;Thüringen;160715008027;Gemeinde
Neufahrn b.Freising;Gemeinde Neufahrn b.Freising;Landkreis Freising;Bayern;091780145145;Gemeinde
Puchheim;Stadt Puchheim;Landkreis Fürstenfeldbruck;Bayern;091790145145;Stadt
Rott;Gemeinde Rott;Landkreis Landsberg am Lech;Bayern;091815142137;Gemeinde
Schorssow;Gemeinde Schorssow;Landkreis Rostock;Mecklenburg-Vorpommern;130725258094;Gemeinde
Vacha;Stadt Vacha;Landkreis Wartburgkreis;Thüringen;160630082082;Stadt
Schönhausen;Gemeinde Schönhausen;Landkreis Mecklenburgische Seenplatte;Mecklenburg-Vorpommern;130715164132;Gemeinde
Utendorf;Gemeinde Utendorf;Landkreis Schmalkalden-Meiningen;Thüringen;160665014079;Gemeinde
Nesse-Apfelstädt;Gemeinde Nesse-Apfelstädt;Landkreis Gotha;Thüringen;160670087087;Gemeinde
Arnstadt;Stadt Arnstadt;Landkreis Ilm-Kreis;Thüringen;160700004004;Stadt
Korweiler;Gemeinde Korweiler;Landkreis Rhein-Hunsrück-Kreis;Rheinland-Pfalz;071405003073;Gemeinde
Damscheid;Gemeinde Damscheid;Landkreis Rhein-Hunsrück-Kreis;Rheinland-Pfalz;071405009025;Gemeinde
Rayerschied;Gemeinde Rayerschied;Landkreis Rhein-Hunsrück-Kreis;Rheinland-Pfalz;071405008121;Gemeinde
Kestert;Gemeinde Kestert;Landkreis Rhein-Lahn-Kreis;Rheinland-Pfalz;071415009072;Gemeinde
Riol;Gemeinde Riol;Landkreis Trier-Saarburg;Rheinland-Pfalz;072355006115;Gemeinde
Grammetal;Gemeinde Grammetal;Landkreis Weimarer Land;Thüringen;160710103103;Gemeinde
Schwarzburg;Gemeinde Schwarzburg;Landkreis Saalfeld-Rudolstadt;Thüringen;160735012082;Gemeinde
Löhma;Gemeinde Löhma;Landkreis Saale-Orla-Kreis;Thüringen;160755004063;Gemeinde
Krausnick-Groß Wasserburg;Gemeinde Krausnick-Groß Wasserburg;Landkreis Dahme-Spreewald;Brandenburg;120615114265;Gemeinde
Rückersdorf;Gemeinde Rückersdorf;Landkreis Elbe-Elster;Brandenburg;120625202417;Gemeinde
Falkensee;Stadt Falkensee;Landkreis Havelland;Brandenburg;120630080080;Stadt
Lüttow-Valluhn;Gemeinde Lüttow-Valluhn;Landkreis Ludwigslust-Parchim;Mecklenburg-Vorpommern;130765667092;Gemeinde
Senftenberg;Stadt Senftenberg;Landkreis Oberspreewald-Lausitz;Brandenburg;120660304304;Stadt
Schöneiche bei Berlin;Gemeinde Schöneiche bei Berlin;Landkreis Oder-Spree;Brandenburg;120670440440;Gemeinde
Berkenbrück;Gemeinde Berkenbrück;Landkreis Oder-Spree;Brandenburg;120675706040;Gemeinde
Vogelsang;Gemeinde Vogelsang;Landkreis Oder-Spree;Brandenburg;120675701508;Gemeinde
Seelow;Stadt Seelow;Landkreis Märkisch-Oderland;Brandenburg;120640448448;Stadt
Siehdichum;Gemeinde Siehdichum;Landkreis Oder-Spree;Brandenburg;120675708458;Gemeinde
Ismaning;Gemeinde Ismaning;Landkreis München;Bayern;091840130130;Gemeinde
Taufkirchen;Gemeinde Taufkirchen;Landkreis Mühldorf a.Inn;Bayern;091835148145;Gemeinde
Pinzberg;Gemeinde Pinzberg;Landkreis Forchheim;Bayern;094745422158;Gemeinde
Oberkotzau;Gemeinde Oberkotzau;Landkreis Hof;Bayern;094750158158;Gemeinde
Grünwalder Forst;Gemeindefreies Gebiet Grünwalder Forst;Landkreis München;Bayern;091849454454;Gemeindefreies Gebiet
Biendorf;Gemeinde Biendorf;Landkreis Rostock;Mecklenburg-Vorpommern;130725259014;Gemeinde
Wiesenthau;Gemeinde Wiesenthau;Landkreis Forchheim;Bayern;094745422175;Gemeinde
Amerang;Gemeinde Amerang;Landkreis Rosenheim;Bayern;091870113113;Gemeinde
Waidhofen;Gemeinde Waidhofen;Landkreis Neuburg-Schrobenhausen;Bayern;091855155166;Gemeinde
Planetal;Gemeinde Planetal;Landkreis Potsdam-Mittelmark;Brandenburg;120695910474;Gemeinde
Temnitzquell;Gemeinde Temnitzquell;Landkreis Ostprignitz-Ruppin;Brandenburg;120685807425;Gemeinde
Jänschwalde;Gemeinde Jänschwalde;Landkreis Spree-Neiße;Brandenburg;120715107193;Gemeinde
Forst Kleinschwarzenlohe;Gemeindefreies Gebiet Forst Kleinschwarzenlohe;Landkreis Roth;Bayern;095769453453;Gemeindefreies Gebiet
Großbeeren;Gemeinde Großbeeren;Landkreis Teltow-Fläming;Brandenburg;120720120120;Gemeinde
Drebkau;Stadt Drebkau;Landkreis Spree-Neiße;Brandenburg;120710057057;Stadt
Großbundenbach;Gemeinde Großbundenbach;Landkreis Südwestpfalz;Rheinland-Pfalz;073405008209;Gemeinde
Rutesheim;Stadt Rutesheim;Landkreis Böblingen;Baden-Württemberg;081150042042;Stadt
Renningen;Stadt Renningen;Landkreis Böblingen;Baden-Württemberg;081150041041;Stadt
Lehrensteinsfeld;Gemeinde Lehrensteinsfeld;Landkreis Heilbronn;Baden-Württemberg;081255014057;Gemeinde
Hebertshausen;Gemeinde Hebertshausen;Landkreis Dachau;Bayern;091740122122;Gemeinde
Plochingen;Stadt Plochingen;Landkreis Esslingen;Baden-Württemberg;081165006056;Stadt
Forst an der Weinstraße;Gemeinde Forst an der Weinstraße;Landkreis Bad Dürkheim;Rheinland-Pfalz;073325001017;Gemeinde
Schwegenheim;Gemeinde Schwegenheim;Landkreis Germersheim;Rheinland-Pfalz;073345005028;Gemeinde
Hoppstädten;Gemeinde Hoppstädten;Landkreis Kusel;Rheinland-Pfalz;073365008045;Gemeinde
Sankt Martin;Gemeinde Sankt Martin;Landkreis Südliche Weinstraße;Rheinland-Pfalz;073375006070;Gemeinde
Lünebach;Gemeinde Lünebach;Landkreis Eifelkreis Bitburg-Prüm;Rheinland-Pfalz;072325001262;Gemeinde
Bundenthal;Gemeinde Bundenthal;Landkreis Südwestpfalz;Rheinland-Pfalz;073405001502;Gemeinde
Mandern;Gemeinde Mandern;Landkreis Trier-Saarburg;Rheinland-Pfalz;072355008081;Gemeinde
Stipsdorf;Gemeinde Stipsdorf;Kreis Segeberg;Schleswig-Holstein;010605086079;Gemeinde
Friedrich-Wilhelm-Lübke-Koog;Gemeinde Friedrich-Wilhelm-Lübke-Koog;Kreis Nordfriesland;Schleswig-Holstein;010545489034;Gemeinde
Vaale;Gemeinde Vaale;Kreis Steinburg;Schleswig-Holstein;010615168105;Gemeinde
Immesheim;Gemeinde Immesheim;Landkreis Donnersbergkreis;Rheinland-Pfalz;073335003032;Gemeinde
Reußenköge;Gemeinde Reußenköge;Kreis Nordfriesland;Schleswig-Holstein;010540108108;Gemeinde
Tangstedt;Gemeinde Tangstedt;Kreis Stormarn;Schleswig-Holstein;010620076076;Gemeinde
Standenbühl;Gemeinde Standenbühl;Landkreis Donnersbergkreis;Rheinland-Pfalz;073335003074;Gemeinde
Steinbach;Gemeinde Steinbach;Landkreis Rhein-Hunsrück-Kreis;Rheinland-Pfalz;071405008148;Gemeinde
Rastorf;Gemeinde Rastorf;Kreis Plön;Schleswig-Holstein;010575747066;Gemeinde
Rendswühren;Gemeinde Rendswühren;Kreis Plön;Schleswig-Holstein;010575785068;Gemeinde
Wankendorf;Gemeinde Wankendorf;Kreis Plön;Schleswig-Holstein;010575785085;Gemeinde
Winnemark;Gemeinde Winnemark;Kreis Rendsburg-Eckernförde;Schleswig-Holstein;010585893174;Gemeinde
Nindorf;Gemeinde Nindorf;Kreis Rendsburg-Eckernförde;Schleswig-Holstein;010585895115;Gemeinde
Nottfeld;Gemeinde Nottfeld;Kreis Schleswig-Flensburg;Schleswig-Holstein;010595974065;Gemeinde
Mohrkirch;Gemeinde Mohrkirch;Kreis Schleswig-Flensburg;Schleswig-Holstein;010595974060;Gemeinde
Scharfbillig;Gemeinde Scharfbillig;Landkreis Eifelkreis Bitburg-Prüm;Rheinland-Pfalz;072325008115;Gemeinde
Sterup;Gemeinde Sterup;Kreis Schleswig-Flensburg;Schleswig-Holstein;010595990167;Gemeinde
Roßbach;Gemeinde Roßbach;Landkreis Westerwaldkreis;Rheinland-Pfalz;071435002287;Gemeinde
Klein Gladebrügge;Gemeinde Klein Gladebrügge;Kreis Segeberg;Schleswig-Holstein;010605086048;Gemeinde
Hüttingen an der Kyll;Gemeinde Hüttingen an der Kyll;Landkreis Eifelkreis Bitburg-Prüm;Rheinland-Pfalz;072325008058;Gemeinde
Wahlbach;Gemeinde Wahlbach;Landkreis Rhein-Hunsrück-Kreis;Rheinland-Pfalz;071405008158;Gemeinde
Neuhaus (Oste);Gemeinde Neuhaus (Oste);Landkreis Cuxhaven;Niedersachsen;033525411039;Gemeinde
Groß Oesingen;Gemeinde Groß Oesingen;Landkreis Gifhorn;Niedersachsen;031515407010;Gemeinde
Rennau;Gemeinde Rennau;Landkreis Helmstedt;Niedersachsen;031545401018;Gemeinde
Lehre;Gemeinde Lehre;Landkreis Helmstedt;Niedersachsen;031540014014;Gemeinde
Schöningen;Gemeindefreies Gebiet Schöningen;Landkreis Helmstedt;Niedersachsen;031549506506;Gemeindefreies Gebiet
Hoisdorf;Gemeinde Hoisdorf;Kreis Stormarn;Schleswig-Holstein;010625262035;Gemeinde
Kleinlangheim;Gemeinde Kleinlangheim;Landkreis Kitzingen;Bayern;096755615142;Gemeinde
Wiesentheid;Gemeinde Wiesentheid;Landkreis Kitzingen;Bayern;096755614178;Gemeinde
Schwarzach a.Main;Gemeinde Schwarzach a.Main;Landkreis Kitzingen;Bayern;096750165165;Gemeinde
Ostenfeld (Husum);Gemeinde Ostenfeld (Husum);Kreis Nordfriesland;Schleswig-Holstein;010545492099;Gemeinde
Idesheim;Gemeinde Idesheim;Landkreis Eifelkreis Bitburg-Prüm;Rheinland-Pfalz;072325008061;Gemeinde
Sulingen;Stadt Sulingen;Landkreis Diepholz;Niedersachsen;032510040040;Stadt
Syke;Stadt Syke;Landkreis Diepholz;Niedersachsen;032510041041;Stadt
Neuenkirchen;Gemeinde Neuenkirchen;Landkreis Diepholz;Niedersachsen;032515406028;Gemeinde
Holzminden;Stadt Holzminden;Landkreis Holzminden;Niedersachsen;032550023023;Stadt
Salzhemmendorf;Gemeinde Salzhemmendorf;Landkreis Hameln-Pyrmont;Niedersachsen;032520008008;Gemeinde
Emmerthal;Gemeinde Emmerthal;Landkreis Hameln-Pyrmont;Niedersachsen;032520005005;Gemeinde
Eitelborn;Gemeinde Eitelborn;Landkreis Westerwaldkreis;Rheinland-Pfalz;071435004013;Gemeinde
Arholzen;Gemeinde Arholzen;Landkreis Holzminden;Niedersachsen;032555409001;Gemeinde
Hilgermissen;Gemeinde Hilgermissen;Landkreis Nienburg (Weser);Niedersachsen;032565409013;Gemeinde
Rotter Forst-Nord;Gemeindefreies Gebiet Rotter Forst-Nord;Landkreis Rosenheim;Bayern;091879451451;Gemeindefreies Gebiet
Pulheim;Stadt Pulheim;Kreis Rhein-Erft-Kreis;Nordrhein-Westfalen;053620036036;Stadt
Hainburg;Gemeinde Hainburg;Landkreis Offenbach;Hessen;064380004004;Gemeinde
Cammin;Gemeinde Cammin;Landkreis Rostock;Mecklenburg-Vorpommern;130725262021;Gemeinde
Feldafing;Gemeinde Feldafing;Landkreis Starnberg;Bayern;091880118118;Gemeinde
Drage;Gemeinde Drage;Landkreis Harburg;Niedersachsen;033535401007;Gemeinde
Lohr a.Main;Stadt Lohr a.Main;Landkreis Main-Spessart;Bayern;096770155155;Stadt
Wustvieler Forst;Gemeindefreies Gebiet Wustvieler Forst;Landkreis Schweinfurt;Bayern;096789457457;Gemeindefreies Gebiet
Hundelshausen;Gemeindefreies Gebiet Hundelshausen;Landkreis Schweinfurt;Bayern;096789453453;Gemeindefreies Gebiet
Röthlein;Gemeinde Röthlein;Landkreis Schweinfurt;Bayern;096780170170;Gemeinde
Langenprozeltener Forst;Gemeindefreies Gebiet Langenprozeltener Forst;Landkreis Main-Spessart;Bayern;096779459459;Gemeindefreies Gebiet
Klosterlechfeld;Gemeinde Klosterlechfeld;Landkreis Augsburg;Bayern;097725711162;Gemeinde
Bubesheim;Gemeinde Bubesheim;Landkreis Günzburg;Bayern;097745729118;Gemeinde
Görgeshausen;Gemeinde Görgeshausen;Landkreis Westerwaldkreis;Rheinland-Pfalz;071435004023;Gemeinde
Rodgau;Stadt Rodgau;Landkreis Offenbach;Hessen;064380011011;Stadt
Lüchow (Wendland);Stadt Lüchow (Wendland);Landkreis Lüchow-Dannenberg;Niedersachsen;033545407018;Stadt
Heiligenroth;Gemeinde Heiligenroth;Landkreis Westerwaldkreis;Rheinland-Pfalz;071435004027;Gemeinde
Landensberg;Gemeinde Landensberg;Landkreis Günzburg;Bayern;097745728151;Gemeinde
Münsterhausen;Gemeinde Münsterhausen;Landkreis Günzburg;Bayern;097745732160;Gemeinde
Hammah;Gemeinde Hammah;Landkreis Stade;Niedersachsen;033595409022;Gemeinde
Suderburg;Gemeinde Suderburg;Landkreis Uelzen;Niedersachsen;033605405023;Gemeinde
Breitenthal;Gemeinde Breitenthal;Landkreis Birkenfeld;Rheinland-Pfalz;071345005013;Gemeinde
Gammelsdorf;Gemeinde Gammelsdorf;Landkreis Freising;Bayern;091785129125;Gemeinde
Weisenbach;Gemeinde Weisenbach;Landkreis Rastatt;Baden-Württemberg;082165004059;Gemeinde
Oppenweiler;Gemeinde Oppenweiler;Landkreis Rems-Murr-Kreis;Baden-Württemberg;081195001053;Gemeinde
Tüttendorf;Gemeinde Tüttendorf;Kreis Rendsburg-Eckernförde;Schleswig-Holstein;010585824165;Gemeinde
Siegelsbach;Gemeinde Siegelsbach;Landkreis Heilbronn;Baden-Württemberg;081255002087;Gemeinde
Anderlingen;Gemeinde Anderlingen;Landkreis Rotenburg (Wümme);Niedersachsen;033575404003;Gemeinde
Röhl;Gemeinde Röhl;Landkreis Eifelkreis Bitburg-Prüm;Rheinland-Pfalz;072325008111;Gemeinde
Oerel;Gemeinde Oerel;Landkreis Rotenburg (Wümme);Niedersachsen;033575403035;Gemeinde
Bad Fallingbostel;Stadt Bad Fallingbostel;Landkreis Heidekreis;Niedersachsen;033580008008;Stadt
Pronsfeld;Gemeinde Pronsfeld;Landkreis Eifelkreis Bitburg-Prüm;Rheinland-Pfalz;072325006295;Gemeinde
Spreetal;Gemeinde Spreetal;Landkreis Bautzen;Sachsen;146250570570;Gemeinde
Obertrebra;Gemeinde Obertrebra;Landkreis Weimarer Land;Thüringen;160715051069;Gemeinde
Königsbrück;Stadt Königsbrück;Landkreis Bautzen;Sachsen;146255218270;Stadt
Markersdorf;Gemeinde Markersdorf;Landkreis Görlitz;Sachsen;146260300300;Gemeinde
Weißkeißel;Gemeinde Weißkeißel;Landkreis Görlitz;Sachsen;146265242590;Gemeinde
Geithain;Stadt Geithain;Landkreis Leipzig;Sachsen;147290150150;Stadt
Borsdorf;Gemeinde Borsdorf;Landkreis Leipzig;Sachsen;147290060060;Gemeinde
Moritzburg;Gemeinde Moritzburg;Landkreis Meißen;Sachsen;146270150150;Gemeinde
Oberhof;Stadt Oberhof;Landkreis Schmalkalden-Meiningen;Thüringen;160660047047;Stadt
Demitz-Thumitz;Gemeinde Demitz-Thumitz;Landkreis Bautzen;Sachsen;146250100100;Gemeinde
Freudenberg;Stadt Freudenberg;Landkreis Main-Tauber-Kreis;Baden-Württemberg;081280039039;Stadt
Frielendorf;Gemeinde Frielendorf;Landkreis Schwalm-Eder-Kreis;Hessen;066340004004;Gemeinde
Gilserberg;Gemeinde Gilserberg;Landkreis Schwalm-Eder-Kreis;Hessen;066340006006;Gemeinde
Sölden;Gemeinde Sölden;Landkreis Breisgau-Hochschwarzwald;Baden-Württemberg;083155007107;Gemeinde
Schwalmstadt;Stadt Schwalmstadt;Landkreis Schwalm-Eder-Kreis;Hessen;066340022022;Stadt
Diesdorf;Gemeinde Diesdorf;Landkreis Altmarkkreis Salzwedel;Sachsen-Anhalt;150815051105;Gemeinde
Klietz;Gemeinde Klietz;Landkreis Stendal;Sachsen-Anhalt;150905052310;Gemeinde
Kamern;Gemeinde Kamern;Landkreis Stendal;Sachsen-Anhalt;150905052285;Gemeinde
Dragun;Gemeinde Dragun;Landkreis Nordwestmecklenburg;Mecklenburg-Vorpommern;130745452020;Gemeinde
Beendorf;Gemeinde Beendorf;Landkreis Börde;Sachsen-Anhalt;150835052060;Gemeinde
Schefflenz;Gemeinde Schefflenz;Landkreis Neckar-Odenwald-Kreis;Baden-Württemberg;082255008115;Gemeinde
Emmendingen;Stadt Emmendingen;Landkreis Emmendingen;Baden-Württemberg;083165003011;Stadt
Neuenbürg;Stadt Neuenbürg;Landkreis Enzkreis;Baden-Württemberg;082365005043;Stadt
Breisach am Rhein;Stadt Breisach am Rhein;Landkreis Breisgau-Hochschwarzwald;Baden-Württemberg;083155002015;Stadt
Ahrenviöl;Gemeinde Ahrenviöl;Kreis Nordfriesland;Schleswig-Holstein;010545453003;Gemeinde
Pragsdorf;Gemeinde Pragsdorf;Landkreis Mecklenburgische Seenplatte;Mecklenburg-Vorpommern;130715161117;Gemeinde
Mölln;Gemeinde Mölln;Landkreis Mecklenburgische Seenplatte;Mecklenburg-Vorpommern;130715162102;Gemeinde
Oberostendorf;Gemeinde Oberostendorf;Landkreis Ostallgäu;Bayern;097775751155;Gemeinde
Görisried;Gemeinde Görisried;Landkreis Ostallgäu;Bayern;097775755131;Gemeinde
Kandern;Stadt Kandern;Landkreis Lörrach;Baden-Württemberg;083365001045;Stadt
Lottstetten;Gemeinde Lottstetten;Landkreis Waldshut;Baden-Württemberg;083375002070;Gemeinde
St. Johann;Gemeinde St. Johann;Landkreis Reutlingen;Baden-Württemberg;084150093093;Gemeinde
Kuhs;Gemeinde Kuhs;Landkreis Rostock;Mecklenburg-Vorpommern;130725255061;Gemeinde
Grosselfingen;Gemeinde Grosselfingen;Landkreis Zollernalbkreis;Baden-Württemberg;084175003023;Gemeinde
Hirrlingen;Gemeinde Hirrlingen;Landkreis Tübingen;Baden-Württemberg;084165003018;Gemeinde
Rangendingen;Gemeinde Rangendingen;Landkreis Zollernalbkreis;Baden-Württemberg;084175004051;Gemeinde
Niederschönenfeld;Gemeinde Niederschönenfeld;Landkreis Donau-Ries;Bayern;097795725192;Gemeinde
Amerdingen;Gemeinde Amerdingen;Landkreis Donau-Ries;Bayern;097795722112;Gemeinde
Oettingen i.Bay.;Stadt Oettingen i.Bay.;Landkreis Donau-Ries;Bayern;097795721197;Stadt
Vollstedt;Gemeinde Vollstedt;Kreis Nordfriesland;Schleswig-Holstein;010545494146;Gemeinde
Rausdorf;Gemeinde Rausdorf;Kreis Stormarn;Schleswig-Holstein;010625270058;Gemeinde
Westerborstel;Gemeinde Westerborstel;Kreis Dithmarschen;Schleswig-Holstein;010515169131;Gemeinde
Neuenkirchen;Gemeinde Neuenkirchen;Kreis Dithmarschen;Schleswig-Holstein;010515172075;Gemeinde
Wöhrden;Gemeinde Wöhrden;Kreis Dithmarschen;Schleswig-Holstein;010515172113;Gemeinde
Wesseln;Gemeinde Wesseln;Kreis Dithmarschen;Schleswig-Holstein;010515172130;Gemeinde
Veitshöchheim;Gemeinde Veitshöchheim;Landkreis Würzburg;Bayern;096790202202;Gemeinde
Reischach;Gemeinde Reischach;Landkreis Altötting;Bayern;091715104129;Gemeinde
Sulzfeld a.Main;Gemeinde Sulzfeld a.Main;Landkreis Kitzingen;Bayern;096755617170;Gemeinde
Sigmaringen;Stadt Sigmaringen;Landkreis Sigmaringen;Baden-Württemberg;084375006104;Stadt
Stadelhofen;Gemeinde Stadelhofen;Landkreis Bamberg;Bayern;094715403189;Gemeinde
Delmenhorst;Stadt Delmenhorst;Kreisfreie Stadt Delmenhorst;Niedersachsen;034010000000;Stadt
Fürfeld;Gemeinde Fürfeld;Landkreis Bad Kreuznach;Rheinland-Pfalz;071335001032;Gemeinde
Tiefenthal;Gemeinde Tiefenthal;Landkreis Bad Kreuznach;Rheinland-Pfalz;071335001104;Gemeinde
Neu-Bamberg;Gemeinde Neu-Bamberg;Landkreis Bad Kreuznach;Rheinland-Pfalz;071335001069;Gemeinde
Asbach-Bäumenheim;Gemeinde Asbach-Bäumenheim;Landkreis Donau-Ries;Bayern;097790115115;Gemeinde
Püttlingen;Stadt Püttlingen;Landkreis Regionalverband Saarbrücken;Saarland;100410515515;Stadt
Beckingen;Gemeinde Beckingen;Landkreis Merzig-Wadern;Saarland;100420111111;Gemeinde
Riegelsberg;Gemeinde Riegelsberg;Landkreis Regionalverband Saarbrücken;Saarland;100410517517;Gemeinde
Oy-Mittelberg;Gemeinde Oy-Mittelberg;Landkreis Oberallgäu;Bayern;097800128128;Gemeinde
Oberbösa;Gemeinde Oberbösa;Landkreis Kyffhäuserkreis;Thüringen;160655002051;Gemeinde
Markt Rettenbach;Gemeinde Markt Rettenbach;Landkreis Unterallgäu;Bayern;097780168168;Gemeinde
Linden;Gemeinde Linden;Landkreis Kaiserslautern;Rheinland-Pfalz;073355011023;Gemeinde
Geichlingen;Gemeinde Geichlingen;Landkreis Eifelkreis Bitburg-Prüm;Rheinland-Pfalz;072325005040;Gemeinde
Mürlenbach;Gemeinde Mürlenbach;Landkreis Vulkaneifel;Rheinland-Pfalz;072335006227;Gemeinde
Hüttingen bei Lahr;Gemeinde Hüttingen bei Lahr;Landkreis Eifelkreis Bitburg-Prüm;Rheinland-Pfalz;072325005059;Gemeinde
Harz (Landkreis Göttingen);Gemeindefreies Gebiet Harz (Landkreis Göttingen);Landkreis Göttingen;Niedersachsen;031599501501;Gemeindefreies Gebiet
Westerrade;Gemeinde Westerrade;Kreis Segeberg;Schleswig-Holstein;010605086098;Gemeinde
Neuerburg;Stadt Neuerburg;Landkreis Eifelkreis Bitburg-Prüm;Rheinland-Pfalz;072325005088;Stadt
Reil;Gemeinde Reil;Landkreis Bernkastel-Wittlich;Rheinland-Pfalz;072315009110;Gemeinde
Lexgaard;Gemeinde Lexgaard;Kreis Nordfriesland;Schleswig-Holstein;010545489077;Gemeinde
Oberdürenbach;Gemeinde Oberdürenbach;Landkreis Ahrweiler;Rheinland-Pfalz;071315004059;Gemeinde
Wunstorf;Stadt Wunstorf;Landkreis Region Hannover;Niedersachsen;032410021021;Stadt
Rechtsupweg;Gemeinde Rechtsupweg;Landkreis Aurich;Niedersachsen;034525401022;Gemeinde
Oberstreit;Gemeinde Oberstreit;Landkreis Bad Kreuznach;Rheinland-Pfalz;071335006075;Gemeinde
Thalhausen;Gemeinde Thalhausen;Landkreis Neuwied;Rheinland-Pfalz;071385009072;Gemeinde
Gutsbezirk Reinhardswald;Gemeindefreies Gebiet Gutsbezirk Reinhardswald;Landkreis Kassel;Hessen;066339200200;Gemeindefreies Gebiet
Berg;Gemeinde Berg;Landkreis Rhein-Lahn-Kreis;Rheinland-Pfalz;071415007009;Gemeinde
Lösnich;Gemeinde Lösnich;Landkreis Bernkastel-Wittlich;Rheinland-Pfalz;072315001076;Gemeinde
Florstadt;Stadt Florstadt;Landkreis Wetteraukreis;Hessen;064400007007;Stadt
Harthausen;Gemeinde Harthausen;Landkreis Rhein-Pfalz-Kreis;Rheinland-Pfalz;073385007011;Gemeinde
Heuchlingen;Gemeinde Heuchlingen;Landkreis Ostalbkreis;Baden-Württemberg;081365006029;Gemeinde
Rötsweiler-Nockenthal;Gemeinde Rötsweiler-Nockenthal;Landkreis Birkenfeld;Rheinland-Pfalz;071345002072;Gemeinde
Franzenheim;Gemeinde Franzenheim;Landkreis Trier-Saarburg;Rheinland-Pfalz;072355007027;Gemeinde
Freinsheim;Stadt Freinsheim;Landkreis Bad Dürkheim;Rheinland-Pfalz;073325002019;Stadt
Feldkirchen;Gemeinde Feldkirchen;Landkreis München;Bayern;091840118118;Gemeinde
Esselborn;Gemeinde Esselborn;Landkreis Alzey-Worms;Rheinland-Pfalz;073315001022;Gemeinde
Greven;Stadt Greven;Kreis Steinfurt;Nordrhein-Westfalen;055660012012;Stadt
Kollig;Gemeinde Kollig;Landkreis Mayen-Koblenz;Rheinland-Pfalz;071375002053;Gemeinde
Heidenrod;Gemeinde Heidenrod;Landkreis Rheingau-Taunus-Kreis;Hessen;064390005005;Gemeinde
Schmallenberg;Stadt Schmallenberg;Kreis Hochsauerlandkreis;Nordrhein-Westfalen;059580040040;Stadt
Mertendorf;Gemeinde Mertendorf;Landkreis Saale-Holzland-Kreis;Thüringen;160745052055;Gemeinde
Kammerforst;Gemeinde Kammerforst;Landkreis Unstrut-Hainich-Kreis;Thüringen;160645053032;Gemeinde
Ehrenberg;Gemeinde Ehrenberg;Landkreis Hildburghausen;Thüringen;160695002009;Gemeinde
Mainleus;Gemeinde Mainleus;Landkreis Kulmbach;Bayern;094770136136;Gemeinde
Weismain;Stadt Weismain;Landkreis Lichtenfels;Bayern;094780176176;Stadt
Dietenhofen;Gemeinde Dietenhofen;Landkreis Ansbach;Bayern;095710135135;Gemeinde
Marktoberdorf;Stadt Marktoberdorf;Landkreis Ostallgäu;Bayern;097770151151;Stadt
Bad Hindelang;Gemeinde Bad Hindelang;Landkreis Oberallgäu;Bayern;097800123123;Gemeinde
Wiggensbach;Gemeinde Wiggensbach;Landkreis Oberallgäu;Bayern;097800146146;Gemeinde
Saarbrücken;Stadt Saarbrücken;Landkreis Regionalverband Saarbrücken;Saarland;100410100100;Stadt
Herzberg (Elster);Stadt Herzberg (Elster);Landkreis Elbe-Elster;Brandenburg;120620224224;Stadt
Pritzwalk;Stadt Pritzwalk;Landkreis Prignitz;Brandenburg;120700316316;Stadt
Südmüritz;Gemeinde Südmüritz;Landkreis Mecklenburgische Seenplatte;Mecklenburg-Vorpommern;130715159176;Gemeinde
Binz;Gemeinde Binz;Landkreis Vorpommern-Rügen;Mecklenburg-Vorpommern;130730011011;Gemeinde
Krauschwitz i.d.O.L.;Gemeinde Krauschwitz i.d.O.L.;Landkreis Görlitz;Sachsen;146260250250;Gemeinde
Schwaara;Gemeinde Schwaara;Landkreis Greiz;Thüringen;160765008067;Gemeinde
Hohe Börde;Gemeinde Hohe Börde;Landkreis Börde;Sachsen-Anhalt;150830298298;Gemeinde
Greußen;Stadt Greußen;Landkreis Kyffhäuserkreis;Thüringen;160650089089;Stadt
Schleiz;Stadt Schleiz;Landkreis Saale-Orla-Kreis;Thüringen;160750098098;Stadt
Reisbach;Gemeinde Reisbach;Landkreis Dingolfing-Landau;Bayern;092790134134;Gemeinde
Haselbach;Gemeinde Haselbach;Landkreis Altenburger Land;Thüringen;160775004015;Gemeinde
Schuld;Gemeinde Schuld;Landkreis Ahrweiler;Rheinland-Pfalz;071315001074;Gemeinde
Osternienburger Land;Gemeinde Osternienburger Land;Landkreis Anhalt-Bitterfeld;Sachsen-Anhalt;150820256256;Gemeinde
Blankenburg (Harz);Stadt Blankenburg (Harz);Landkreis Harz;Sachsen-Anhalt;150850055055;Stadt
Nordhausen;Stadt Nordhausen;Landkreis Nordhausen;Thüringen;160620041041;Stadt
Karlsdorf;Gemeinde Karlsdorf;Landkreis Saale-Holzland-Kreis;Thüringen;160745007045;Gemeinde
Derental;Gemeinde Derental;Landkreis Holzminden;Niedersachsen;032555403009;Gemeinde
Udestedt;Gemeinde Udestedt;Landkreis Sömmerda;Thüringen;160685012055;Gemeinde
Kirchbrak;Gemeinde Kirchbrak;Landkreis Holzminden;Niedersachsen;032555408025;Gemeinde
Osthausen-Wülfershausen;Gemeinde Osthausen-Wülfershausen;Landkreis Ilm-Kreis;Thüringen;160705009041;Gemeinde
St. Bernhard;Gemeinde St. Bernhard;Landkreis Hildburghausen;Thüringen;160695002047;Gemeinde
Meerbeck;Gemeinde Meerbeck;Landkreis Schaumburg;Niedersachsen;032575404023;Gemeinde
Allendorf;Gemeinde Allendorf;Landkreis Saalfeld-Rudolstadt;Thüringen;160735054001;Gemeinde
Poyenberg;Gemeinde Poyenberg;Kreis Steinburg;Schleswig-Holstein;010615189086;Gemeinde
Griebelschied;Gemeinde Griebelschied;Landkreis Birkenfeld;Rheinland-Pfalz;071345005032;Gemeinde
Schutzbach;Gemeinde Schutzbach;Landkreis Altenkirchen (Westerwald);Rheinland-Pfalz;071325003101;Gemeinde
Niederirsen;Gemeinde Niederirsen;Landkreis Altenkirchen (Westerwald);Rheinland-Pfalz;071325006077;Gemeinde
Stipshausen;Gemeinde Stipshausen;Landkreis Birkenfeld;Rheinland-Pfalz;071345005087;Gemeinde
Harbach;Gemeinde Harbach;Landkreis Altenkirchen (Westerwald);Rheinland-Pfalz;071325007045;Gemeinde
Tegau;Gemeinde Tegau;Landkreis Saale-Orla-Kreis;Thüringen;160755004109;Gemeinde
Ruschberg;Gemeinde Ruschberg;Landkreis Birkenfeld;Rheinland-Pfalz;071345001075;Gemeinde
Gäufelden;Gemeinde Gäufelden;Landkreis Böblingen;Baden-Württemberg;081155005016;Gemeinde
Vallendar;Stadt Vallendar;Landkreis Mayen-Koblenz;Rheinland-Pfalz;071375007226;Stadt
Wiesensteig;Stadt Wiesensteig;Landkreis Göppingen;Baden-Württemberg;081175007058;Stadt
Salach;Gemeinde Salach;Landkreis Göppingen;Baden-Württemberg;081175003042;Gemeinde
Geiselberg;Gemeinde Geiselberg;Landkreis Südwestpfalz;Rheinland-Pfalz;073405006012;Gemeinde
Dannstadt-Schauernheim;Gemeinde Dannstadt-Schauernheim;Landkreis Rhein-Pfalz-Kreis;Rheinland-Pfalz;073385001006;Gemeinde
Mertesheim;Gemeinde Mertesheim;Landkreis Bad Dürkheim;Rheinland-Pfalz;073325007036;Gemeinde
Lutterbek;Gemeinde Lutterbek;Kreis Plön;Schleswig-Holstein;010575755049;Gemeinde
Pfaffenhofen;Gemeinde Pfaffenhofen;Landkreis Heilbronn;Baden-Württemberg;081255010081;Gemeinde
Mettenheim;Gemeinde Mettenheim;Landkreis Alzey-Worms;Rheinland-Pfalz;073315002045;Gemeinde
Wöllstein;Gemeinde Wöllstein;Landkreis Alzey-Worms;Rheinland-Pfalz;073315005072;Gemeinde
Armsheim;Gemeinde Armsheim;Landkreis Alzey-Worms;Rheinland-Pfalz;073315006004;Gemeinde
Gabsheim;Gemeinde Gabsheim;Landkreis Alzey-Worms;Rheinland-Pfalz;073315006029;Gemeinde
Bermersheim;Gemeinde Bermersheim;Landkreis Alzey-Worms;Rheinland-Pfalz;073315007009;Gemeinde
Hochborn;Gemeinde Hochborn;Landkreis Alzey-Worms;Rheinland-Pfalz;073315007011;Gemeinde
Leimersheim;Gemeinde Leimersheim;Landkreis Germersheim;Rheinland-Pfalz;073345006016;Gemeinde
Hittbergen;Gemeinde Hittbergen;Landkreis Lüneburg;Niedersachsen;033555407018;Gemeinde
Borgwedel;Gemeinde Borgwedel;Kreis Schleswig-Flensburg;Schleswig-Holstein;010595915012;Gemeinde
Oberharmersbach;Gemeinde Oberharmersbach;Landkreis Ortenaukreis;Baden-Württemberg;083175014088;Gemeinde
Himmighofen;Gemeinde Himmighofen;Landkreis Rhein-Lahn-Kreis;Rheinland-Pfalz;071415007055;Gemeinde
Barum;Gemeinde Barum;Landkreis Lüneburg;Niedersachsen;033555402007;Gemeinde
Radbruch;Gemeinde Radbruch;Landkreis Lüneburg;Niedersachsen;033555402028;Gemeinde
Isselbach;Gemeinde Isselbach;Landkreis Rhein-Lahn-Kreis;Rheinland-Pfalz;071415003064;Gemeinde
Karby;Gemeinde Karby;Kreis Rendsburg-Eckernförde;Schleswig-Holstein;010585893087;Gemeinde
Grenzach-Wyhlen;Gemeinde Grenzach-Wyhlen;Landkreis Lörrach;Baden-Württemberg;083360105105;Gemeinde
Pritzier;Gemeinde Pritzier;Landkreis Ludwigslust-Parchim;Mecklenburg-Vorpommern;130765658116;Gemeinde
Haschbach am Remigiusberg;Gemeinde Haschbach am Remigiusberg;Landkreis Kusel;Rheinland-Pfalz;073365010034;Gemeinde
Herold;Gemeinde Herold;Landkreis Rhein-Lahn-Kreis;Rheinland-Pfalz;071415011054;Gemeinde
Bad Marienberg (Westerwald);Stadt Bad Marienberg (Westerwald);Landkreis Westerwaldkreis;Rheinland-Pfalz;071435001206;Stadt
Kleinmaischeid;Gemeinde Kleinmaischeid;Landkreis Neuwied;Rheinland-Pfalz;071385003034;Gemeinde
Hövels;Gemeinde Hövels;Landkreis Altenkirchen (Westerwald);Rheinland-Pfalz;071325008054;Gemeinde
Cochem;Stadt Cochem;Landkreis Cochem-Zell;Rheinland-Pfalz;071355001020;Stadt
Greimersburg;Gemeinde Greimersburg;Landkreis Cochem-Zell;Rheinland-Pfalz;071355001036;Gemeinde
Urmersbach;Gemeinde Urmersbach;Landkreis Cochem-Zell;Rheinland-Pfalz;071355002084;Gemeinde
Dürrholz;Gemeinde Dürrholz;Landkreis Neuwied;Rheinland-Pfalz;071385005014;Gemeinde
Urschmitt;Gemeinde Urschmitt;Landkreis Cochem-Zell;Rheinland-Pfalz;071355003085;Gemeinde
Neef;Gemeinde Neef;Landkreis Cochem-Zell;Rheinland-Pfalz;071355005068;Gemeinde
Pfofeld;Gemeinde Pfofeld;Landkreis Weißenburg-Gunzenhausen;Bayern;095775532159;Gemeinde
Feuchter Forst;Gemeindefreies Gebiet Feuchter Forst;Landkreis Nürnberger Land;Bayern;095749454454;Gemeindefreies Gebiet
Langenleuba-Niederhain;Gemeinde Langenleuba-Niederhain;Landkreis Altenburger Land;Thüringen;160775051023;Gemeinde
Kramerhof;Gemeinde Kramerhof;Landkreis Vorpommern-Rügen;Mecklenburg-Vorpommern;130735351046;Gemeinde
Polling;Gemeinde Polling;Landkreis Weilheim-Schongau;Bayern;091900142142;Gemeinde
Sagard;Gemeinde Sagard;Landkreis Vorpommern-Rügen;Mecklenburg-Vorpommern;130735359078;Gemeinde
Deyelsdorf;Gemeinde Deyelsdorf;Landkreis Vorpommern-Rügen;Mecklenburg-Vorpommern;130735360016;Gemeinde
Omerz u.Roter Berg;Gemeindefreies Gebiet Omerz u.Roter Berg;Landkreis Bad Kissingen;Bayern;096729463463;Gemeindefreies Gebiet
Pokrent;Gemeinde Pokrent;Landkreis Nordwestmecklenburg;Mecklenburg-Vorpommern;130745455064;Gemeinde
Pingelshagen;Gemeinde Pingelshagen;Landkreis Nordwestmecklenburg;Mecklenburg-Vorpommern;130745455062;Gemeinde
Boock;Gemeinde Boock;Landkreis Vorpommern-Greifswald;Mecklenburg-Vorpommern;130755556016;Gemeinde
Sankt Oswald-Riedlhütte;Gemeinde Sankt Oswald-Riedlhütte;Landkreis Freyung-Grafenau;Bayern;092720143143;Gemeinde
Riedenburg;Stadt Riedenburg;Landkreis Kelheim;Bayern;092730164164;Stadt
Alt Tellin;Gemeinde Alt Tellin;Landkreis Vorpommern-Greifswald;Mecklenburg-Vorpommern;130755554002;Gemeinde
Kruckow;Gemeinde Kruckow;Landkreis Vorpommern-Greifswald;Mecklenburg-Vorpommern;130755554070;Gemeinde
Gerzen;Gemeinde Gerzen;Landkreis Landshut;Bayern;092745223135;Gemeinde
Neuhaus a.Inn;Gemeinde Neuhaus a.Inn;Landkreis Passau;Bayern;092750134134;Gemeinde
Wackerow;Gemeinde Wackerow;Landkreis Vorpommern-Greifswald;Mecklenburg-Vorpommern;130755555141;Gemeinde
Groß Luckow;Gemeinde Groß Luckow;Landkreis Vorpommern-Greifswald;Mecklenburg-Vorpommern;130755560042;Gemeinde
Triftern;Gemeinde Triftern;Landkreis Rottal-Inn;Bayern;092770149149;Gemeinde
Heinrichswalde;Gemeinde Heinrichswalde;Landkreis Vorpommern-Greifswald;Mecklenburg-Vorpommern;130755559048;Gemeinde
Börnsen;Gemeinde Börnsen;Kreis Herzogtum Lauenburg;Schleswig-Holstein;010535323012;Gemeinde
Dassendorf;Gemeinde Dassendorf;Kreis Herzogtum Lauenburg;Schleswig-Holstein;010535323023;Gemeinde
Eckstedt;Gemeinde Eckstedt;Landkreis Sömmerda;Thüringen;160685012007;Gemeinde
Amberg;Stadt Amberg;Kreisfreie Stadt Amberg;Bayern;093610000000;Stadt
Neukirchen b.Sulzbach-Rosenberg;Gemeinde Neukirchen b.Sulzbach-Rosenberg;Landkreis Amberg-Sulzbach;Bayern;093715303141;Gemeinde
Dingsleben;Gemeinde Dingsleben;Landkreis Hildburghausen;Thüringen;160695002008;Gemeinde
Juliusburg;Gemeinde Juliusburg;Kreis Herzogtum Lauenburg;Schleswig-Holstein;010535343058;Gemeinde
Wangelau;Gemeinde Wangelau;Kreis Herzogtum Lauenburg;Schleswig-Holstein;010535343128;Gemeinde
Altenstadt a.d.Waldnaab;Gemeinde Altenstadt a.d.Waldnaab;Landkreis Neustadt a.d.Waldnaab;Bayern;093740111111;Gemeinde
Miltach;Gemeinde Miltach;Landkreis Cham;Bayern;093720143143;Gemeinde
Neumarkt i.d.OPf.;Stadt Neumarkt i.d.OPf.;Landkreis Neumarkt i.d.OPf.;Bayern;093730147147;Stadt
Gerach;Gemeinde Gerach;Landkreis Bamberg;Bayern;094715401133;Gemeinde
Geiselbach;Gemeinde Geiselbach;Landkreis Aschaffenburg;Bayern;096710119119;Gemeinde
Pentling;Gemeinde Pentling;Landkreis Regensburg;Bayern;093750180180;Gemeinde
Aufhausen;Gemeinde Aufhausen;Landkreis Regensburg;Bayern;093755338115;Gemeinde
Erbendorf;Stadt Erbendorf;Landkreis Tirschenreuth;Bayern;093770116116;Stadt
Pullenreuth;Gemeinde Pullenreuth;Landkreis Tirschenreuth;Bayern;093775349148;Gemeinde
Werder;Gemeinde Werder;Landkreis Ludwigslust-Parchim;Mecklenburg-Vorpommern;130765655151;Gemeinde
Zölkow;Gemeinde Zölkow;Landkreis Ludwigslust-Parchim;Mecklenburg-Vorpommern;130765662162;Gemeinde
Toddin;Gemeinde Toddin;Landkreis Ludwigslust-Parchim;Mecklenburg-Vorpommern;130765658169;Gemeinde
Alt Krenzlin;Gemeinde Alt Krenzlin;Landkreis Ludwigslust-Parchim;Mecklenburg-Vorpommern;130765659001;Gemeinde
Lüblow;Gemeinde Lüblow;Landkreis Ludwigslust-Parchim;Mecklenburg-Vorpommern;130765659087;Gemeinde
Hohen Pritz;Gemeinde Hohen Pritz;Landkreis Ludwigslust-Parchim;Mecklenburg-Vorpommern;130765664062;Gemeinde
Banzkow;Gemeinde Banzkow;Landkreis Ludwigslust-Parchim;Mecklenburg-Vorpommern;130765668005;Gemeinde
Pöhl;Gemeinde Pöhl;Landkreis Vogtlandkreis;Sachsen;145230330330;Gemeinde
Penig;Stadt Penig;Landkreis Mittelsachsen;Sachsen;145220460460;Stadt
Kochel a.See;Gemeinde Kochel a.See;Landkreis Bad Tölz-Wolfratshausen;Bayern;091735108133;Gemeinde
Pfaffenhofen a.d.Glonn;Gemeinde Pfaffenhofen a.d.Glonn;Landkreis Dachau;Bayern;091740137137;Gemeinde
Berne;Gemeinde Berne;Landkreis Wesermarsch;Niedersachsen;034610001001;Gemeinde
Visbek;Gemeinde Visbek;Landkreis Vechta;Niedersachsen;034600010010;Gemeinde
Jeckenbach;Gemeinde Jeckenbach;Landkreis Bad Kreuznach;Rheinland-Pfalz;071335010051;Gemeinde
Bippen;Gemeinde Bippen;Landkreis Osnabrück;Niedersachsen;034595403011;Gemeinde
Herzlake;Gemeinde Herzlake;Landkreis Emsland;Niedersachsen;034545403021;Gemeinde
Westerholt;Gemeinde Westerholt;Landkreis Wittmund;Niedersachsen;034625402018;Gemeinde
Oberhausen an der Nahe;Gemeinde Oberhausen an der Nahe;Landkreis Bad Kreuznach;Rheinland-Pfalz;071335006074;Gemeinde
Rastdorf;Gemeinde Rastdorf;Landkreis Emsland;Niedersachsen;034545409042;Gemeinde
Langeoog;Gemeinde Langeoog;Landkreis Wittmund;Niedersachsen;034620007007;Gemeinde
Alsdorf;Stadt Alsdorf;Kreis Städteregion Aachen;Nordrhein-Westfalen;053340004004;Stadt
Kuddewörde;Gemeinde Kuddewörde;Kreis Herzogtum Lauenburg;Schleswig-Holstein;010535373076;Gemeinde
Rees;Stadt Rees;Kreis Kleve;Nordrhein-Westfalen;051540044044;Stadt
Tönisvorst;Stadt Tönisvorst;Kreis Viersen;Nordrhein-Westfalen;051660028028;Stadt
Aldenhoven;Gemeinde Aldenhoven;Kreis Düren;Nordrhein-Westfalen;053580004004;Gemeinde
Vreden;Stadt Vreden;Kreis Borken;Nordrhein-Westfalen;055540068068;Stadt
Enspel;Gemeinde Enspel;Landkreis Westerwaldkreis;Rheinland-Pfalz;071435009219;Gemeinde
Dülmen;Stadt Dülmen;Kreis Coesfeld;Nordrhein-Westfalen;055580016016;Stadt
Morsbach;Gemeinde Morsbach;Kreis Oberbergischer Kreis;Nordrhein-Westfalen;053740028028;Gemeinde
Stromberg;Stadt Stromberg;Landkreis Bad Kreuznach;Rheinland-Pfalz;071335011103;Stadt
Schenkelberg;Gemeinde Schenkelberg;Landkreis Westerwaldkreis;Rheinland-Pfalz;071435007066;Gemeinde
Neuenkirchen;Gemeinde Neuenkirchen;Kreis Steinfurt;Nordrhein-Westfalen;055660060060;Gemeinde
Ochtrup;Stadt Ochtrup;Kreis Steinfurt;Nordrhein-Westfalen;055660068068;Stadt
Ebernhahn;Gemeinde Ebernhahn;Landkreis Westerwaldkreis;Rheinland-Pfalz;071435010012;Gemeinde
Strullendorf;Gemeinde Strullendorf;Landkreis Bamberg;Bayern;094710195195;Gemeinde
Wißmannsdorf;Gemeinde Wißmannsdorf;Landkreis Eifelkreis Bitburg-Prüm;Rheinland-Pfalz;072325008501;Gemeinde
Kölbingen;Gemeinde Kölbingen;Landkreis Westerwaldkreis;Rheinland-Pfalz;071435009249;Gemeinde
Kradenbach;Gemeinde Kradenbach;Landkreis Vulkaneifel;Rheinland-Pfalz;072335001040;Gemeinde
Kalkhorst;Gemeinde Kalkhorst;Landkreis Nordwestmecklenburg;Mecklenburg-Vorpommern;130745454037;Gemeinde
Darscheid;Gemeinde Darscheid;Landkreis Vulkaneifel;Rheinland-Pfalz;072335001014;Gemeinde
Bad Rodach;Stadt Bad Rodach;Landkreis Coburg;Bayern;094730158158;Stadt
Heroldsbach;Gemeinde Heroldsbach;Landkreis Forchheim;Bayern;094740135135;Gemeinde
Schalkenmehren;Gemeinde Schalkenmehren;Landkreis Vulkaneifel;Rheinland-Pfalz;072335001063;Gemeinde
Dalberg-Wendelstorf;Gemeinde Dalberg-Wendelstorf;Landkreis Nordwestmecklenburg;Mecklenburg-Vorpommern;130745455015;Gemeinde
Nagel;Gemeinde Nagel;Landkreis Wunsiedel i.Fichtelgebirge;Bayern;094795444138;Gemeinde
Udler;Gemeinde Udler;Landkreis Vulkaneifel;Rheinland-Pfalz;072335001074;Gemeinde
Katzwinkel;Gemeinde Katzwinkel;Landkreis Vulkaneifel;Rheinland-Pfalz;072335004037;Gemeinde
Mörlenbach;Gemeinde Mörlenbach;Landkreis Bergstraße;Hessen;064310017017;Gemeinde
Friedrichsdorf;Stadt Friedrichsdorf;Landkreis Hochtaunuskreis;Hessen;064340002002;Stadt
Lohnsfeld;Gemeinde Lohnsfeld;Landkreis Donnersbergkreis;Rheinland-Pfalz;073335006042;Gemeinde
Neunkirchen;Gemeinde Neunkirchen;Kreis Siegen-Wittgenstein;Nordrhein-Westfalen;059700036036;Gemeinde
Siegen;Stadt Siegen;Kreis Siegen-Wittgenstein;Nordrhein-Westfalen;059700040040;Stadt
Werl;Stadt Werl;Kreis Soest;Nordrhein-Westfalen;059740052052;Stadt
Fränkisch-Crumbach;Gemeinde Fränkisch-Crumbach;Landkreis Odenwaldkreis;Hessen;064370007007;Gemeinde
Wächtersbach;Stadt Wächtersbach;Landkreis Main-Kinzig-Kreis;Hessen;064350029029;Stadt
Wettenberg;Gemeinde Wettenberg;Landkreis Gießen;Hessen;065310018018;Gemeinde
Bubenheim;Gemeinde Bubenheim;Landkreis Mainz-Bingen;Rheinland-Pfalz;073395003008;Gemeinde
Eimsheim;Gemeinde Eimsheim;Landkreis Mainz-Bingen;Rheinland-Pfalz;073395007015;Gemeinde
Dornburg;Gemeinde Dornburg;Landkreis Limburg-Weilburg;Hessen;065330004004;Gemeinde
Nierstein;Stadt Nierstein;Landkreis Mainz-Bingen;Rheinland-Pfalz;073395007043;Stadt
Marburg;Stadt Marburg;Landkreis Marburg-Biedenkopf;Hessen;065340014014;Stadt
Zarnewanz;Gemeinde Zarnewanz;Landkreis Rostock;Mecklenburg-Vorpommern;130725262118;Gemeinde
Sankt Johann;Gemeinde Sankt Johann;Landkreis Mainz-Bingen;Rheinland-Pfalz;073395008050;Gemeinde
Gundelfingen;Gemeinde Gundelfingen;Landkreis Breisgau-Hochschwarzwald;Baden-Württemberg;083155005047;Gemeinde
Ludwigsau;Gemeinde Ludwigsau;Landkreis Hersfeld-Rotenburg;Hessen;066320012012;Gemeinde
Oberding;Gemeinde Oberding;Landkreis Erding;Bayern;091775123133;Gemeinde
Bubenreuth;Gemeinde Bubenreuth;Landkreis Erlangen-Höchstadt;Bayern;095720119119;Gemeinde
Unterschwaningen;Gemeinde Unterschwaningen;Landkreis Ansbach;Bayern;095715509208;Gemeinde
Windelsbach;Gemeinde Windelsbach;Landkreis Ansbach;Bayern;095715501225;Gemeinde
Unterer Wald;Gemeindefreies Gebiet Unterer Wald;Landkreis Ansbach;Bayern;095719451451;Gemeindefreies Gebiet
Heroldsberg;Gemeinde Heroldsberg;Landkreis Erlangen-Höchstadt;Bayern;095720131131;Gemeinde
Adelsdorf;Gemeinde Adelsdorf;Landkreis Erlangen-Höchstadt;Bayern;095720111111;Gemeinde
Mönchpfiffel-Nikolausrieth;Gemeinde Mönchpfiffel-Nikolausrieth;Landkreis Kyffhäuserkreis;Thüringen;160655055046;Gemeinde
Fürstenfeldbruck;Stadt Fürstenfeldbruck;Landkreis Fürstenfeldbruck;Bayern;091790121121;Stadt
Unterschleißheim;Stadt Unterschleißheim;Landkreis München;Bayern;091840149149;Stadt
Eresing;Gemeinde Eresing;Landkreis Landsberg am Lech;Bayern;091815144118;Gemeinde
Lelkendorf;Gemeinde Lelkendorf;Landkreis Rostock;Mecklenburg-Vorpommern;130725258066;Gemeinde
Prebberede;Gemeinde Prebberede;Landkreis Rostock;Mecklenburg-Vorpommern;130725258082;Gemeinde
Hofstetten;Gemeinde Hofstetten;Landkreis Landsberg am Lech;Bayern;091815141124;Gemeinde
Hohenwarth;Gemeinde Hohenwarth;Landkreis Cham;Bayern;093720135135;Gemeinde
Ritzerau;Gemeinde Ritzerau;Kreis Herzogtum Lauenburg;Schleswig-Holstein;010535391101;Gemeinde
Sandesneben;Gemeinde Sandesneben;Kreis Herzogtum Lauenburg;Schleswig-Holstein;010535391108;Gemeinde
Finning;Gemeinde Finning;Landkreis Landsberg am Lech;Bayern;091815144120;Gemeinde
Nusse;Gemeinde Nusse;Kreis Herzogtum Lauenburg;Schleswig-Holstein;010535391096;Gemeinde
Panten;Gemeinde Panten;Kreis Herzogtum Lauenburg;Schleswig-Holstein;010535391097;Gemeinde
Seebach;Gemeinde Seebach;Landkreis Wartburgkreis;Thüringen;160635057071;Gemeinde
Kraftsdorf;Gemeinde Kraftsdorf;Landkreis Greiz;Thüringen;160760089089;Gemeinde
Kirkel;Gemeinde Kirkel;Landkreis Saarpfalz-Kreis;Saarland;100450115115;Gemeinde
St. Wendel;Stadt St. Wendel;Landkreis St. Wendel;Saarland;100460117117;Stadt
Brotterode-Trusetal;Stadt Brotterode-Trusetal;Landkreis Schmalkalden-Meiningen;Thüringen;160660074074;Stadt
Ahrensfelde;Gemeinde Ahrensfelde;Landkreis Barnim;Brandenburg;120600005005;Gemeinde
Bad Salzungen;Stadt Bad Salzungen;Landkreis Wartburgkreis;Thüringen;160635051003;Stadt
Wandlitz;Gemeinde Wandlitz;Landkreis Barnim;Brandenburg;120600269269;Gemeinde
Eschenbergen;Gemeinde Eschenbergen;Landkreis Gotha;Thüringen;160675007016;Gemeinde
Weißensee;Stadt Weißensee;Landkreis Sömmerda;Thüringen;160680058058;Stadt
Veilsdorf;Gemeinde Veilsdorf;Landkreis Hildburghausen;Thüringen;160690053053;Gemeinde
Mörsdorf;Gemeinde Mörsdorf;Landkreis Rhein-Hunsrück-Kreis;Rheinland-Pfalz;071405003503;Gemeinde
Morshausen;Gemeinde Morshausen;Landkreis Rhein-Hunsrück-Kreis;Rheinland-Pfalz;071405009205;Gemeinde
Gückingen;Gemeinde Gückingen;Landkreis Rhein-Lahn-Kreis;Rheinland-Pfalz;071415003049;Gemeinde
Auel;Gemeinde Auel;Landkreis Rhein-Lahn-Kreis;Rheinland-Pfalz;071415009004;Gemeinde
Zeltingen-Rachtig;Gemeinde Zeltingen-Rachtig;Landkreis Bernkastel-Wittlich;Rheinland-Pfalz;072315001136;Gemeinde
Merschbach;Gemeinde Merschbach;Landkreis Bernkastel-Wittlich;Rheinland-Pfalz;072315006083;Gemeinde
Eisenschmitt;Gemeinde Eisenschmitt;Landkreis Bernkastel-Wittlich;Rheinland-Pfalz;072315008026;Gemeinde
Großlittgen;Gemeinde Großlittgen;Landkreis Bernkastel-Wittlich;Rheinland-Pfalz;072315008046;Gemeinde
Dhronecken;Gemeinde Dhronecken;Landkreis Bernkastel-Wittlich;Rheinland-Pfalz;072315006019;Gemeinde
Winterspelt;Gemeinde Winterspelt;Landkreis Eifelkreis Bitburg-Prüm;Rheinland-Pfalz;072325006329;Gemeinde
Uhlstädt-Kirchhasel;Gemeinde Uhlstädt-Kirchhasel;Landkreis Saalfeld-Rudolstadt;Thüringen;160730109109;Gemeinde
Unterweißbach;Gemeinde Unterweißbach;Landkreis Saalfeld-Rudolstadt;Thüringen;160735012094;Gemeinde
Gösen;Gemeinde Gösen;Landkreis Saale-Holzland-Kreis;Thüringen;160745052025;Gemeinde
Seisla;Gemeinde Seisla;Landkreis Saale-Orla-Kreis;Thüringen;160755013103;Gemeinde
Königs Wusterhausen;Stadt Königs Wusterhausen;Landkreis Dahme-Spreewald;Brandenburg;120610260260;Stadt
Massen-Niederlausitz;Gemeinde Massen-Niederlausitz;Landkreis Elbe-Elster;Brandenburg;120625205333;Gemeinde
Hohenbucko;Gemeinde Hohenbucko;Landkreis Elbe-Elster;Brandenburg;120625209237;Gemeinde
Brieselang;Gemeinde Brieselang;Landkreis Havelland;Brandenburg;120630036036;Gemeinde
Großthiemig;Gemeinde Großthiemig;Landkreis Elbe-Elster;Brandenburg;120625211208;Gemeinde
Rüthnick;Gemeinde Rüthnick;Landkreis Ostprignitz-Ruppin;Brandenburg;120685804372;Gemeinde
Schäftlarn;Gemeinde Schäftlarn;Landkreis München;Bayern;091840142142;Gemeinde
Bröbberow;Gemeinde Bröbberow;Landkreis Rostock;Mecklenburg-Vorpommern;130725261018;Gemeinde
Linthe;Gemeinde Linthe;Landkreis Potsdam-Mittelmark;Brandenburg;120695904345;Gemeinde
Wollin;Gemeinde Wollin;Landkreis Potsdam-Mittelmark;Brandenburg;120695918680;Gemeinde
Meyenburg;Stadt Meyenburg;Landkreis Prignitz;Brandenburg;120705006280;Stadt
Böblingen;Stadt Böblingen;Landkreis Böblingen;Baden-Württemberg;081150003003;Stadt
Waldenbuch;Stadt Waldenbuch;Landkreis Böblingen;Baden-Württemberg;081155006048;Stadt
Geislingen an der Steige;Stadt Geislingen an der Steige;Landkreis Göppingen;Baden-Württemberg;081175004024;Stadt
Mühlhausen im Täle;Gemeinde Mühlhausen im Täle;Landkreis Göppingen;Baden-Württemberg;081175007035;Gemeinde
Trippstadt;Gemeinde Trippstadt;Landkreis Kaiserslautern;Rheinland-Pfalz;073355011047;Gemeinde
Dimbach;Gemeinde Dimbach;Landkreis Südwestpfalz;Rheinland-Pfalz;073405002006;Gemeinde
Schweix;Gemeinde Schweix;Landkreis Südwestpfalz;Rheinland-Pfalz;073405003048;Gemeinde
Ormont;Gemeinde Ormont;Landkreis Vulkaneifel;Rheinland-Pfalz;072335006232;Gemeinde
Scheid;Gemeinde Scheid;Landkreis Vulkaneifel;Rheinland-Pfalz;072335006237;Gemeinde
Farschweiler;Gemeinde Farschweiler;Landkreis Trier-Saarburg;Rheinland-Pfalz;072355004021;Gemeinde
Schillingen;Gemeinde Schillingen;Landkreis Trier-Saarburg;Rheinland-Pfalz;072355008119;Gemeinde
Weede;Gemeinde Weede;Kreis Segeberg;Schleswig-Holstein;010605086096;Gemeinde
Averlak;Gemeinde Averlak;Kreis Dithmarschen;Schleswig-Holstein;010515163003;Gemeinde
Schmedeswurth;Gemeinde Schmedeswurth;Kreis Dithmarschen;Schleswig-Holstein;010515166103;Gemeinde
Göllheim;Gemeinde Göllheim;Landkreis Donnersbergkreis;Rheinland-Pfalz;073335003026;Gemeinde
Heiligenhafen;Stadt Heiligenhafen;Kreis Ostholstein;Schleswig-Holstein;010550021021;Stadt
Trittau;Gemeinde Trittau;Kreis Stormarn;Schleswig-Holstein;010625270082;Gemeinde
Gevensleben;Gemeinde Gevensleben;Landkreis Helmstedt;Niedersachsen;031545402006;Gemeinde
Dannau;Gemeinde Dannau;Kreis Plön;Schleswig-Holstein;010575727013;Gemeinde
Lehmkuhlen;Gemeinde Lehmkuhlen;Kreis Plön;Schleswig-Holstein;010575747046;Gemeinde
Bischheim;Gemeinde Bischheim;Landkreis Donnersbergkreis;Rheinland-Pfalz;073335004007;Gemeinde
Honigsee;Gemeinde Honigsee;Kreis Plön;Schleswig-Holstein;010575747031;Gemeinde
Neuwittenbek;Gemeinde Neuwittenbek;Kreis Rendsburg-Eckernförde;Schleswig-Holstein;010585824112;Gemeinde
Stolpe;Gemeinde Stolpe;Kreis Plön;Schleswig-Holstein;010575785080;Gemeinde
Felde;Gemeinde Felde;Kreis Rendsburg-Eckernförde;Schleswig-Holstein;010585803050;Gemeinde
Wanderup;Gemeinde Wanderup;Kreis Schleswig-Flensburg;Schleswig-Holstein;010595912174;Gemeinde
Tarp;Gemeinde Tarp;Kreis Schleswig-Flensburg;Schleswig-Holstein;010595940171;Gemeinde
Schaalby;Gemeinde Schaalby;Kreis Schleswig-Flensburg;Schleswig-Holstein;010595987073;Gemeinde
Havetoft;Gemeinde Havetoft;Kreis Schleswig-Flensburg;Schleswig-Holstein;010595987037;Gemeinde
Süderfahrenstedt;Gemeinde Süderfahrenstedt;Kreis Schleswig-Flensburg;Schleswig-Holstein;010595987084;Gemeinde
Nübel;Gemeinde Nübel;Kreis Schleswig-Flensburg;Schleswig-Holstein;010595987098;Gemeinde
Kaltenkirchen;Stadt Kaltenkirchen;Kreis Segeberg;Schleswig-Holstein;010600044044;Stadt
Borstel;Gemeinde Borstel;Kreis Segeberg;Schleswig-Holstein;010605005013;Gemeinde
Kirchtimke;Gemeinde Kirchtimke;Landkreis Rotenburg (Wümme);Niedersachsen;033575407030;Gemeinde
Hillerse;Gemeinde Hillerse;Landkreis Gifhorn;Niedersachsen;031515405012;Gemeinde
Breklum;Gemeinde Breklum;Kreis Nordfriesland;Schleswig-Holstein;010545494020;Gemeinde
Oberndorf;Gemeinde Oberndorf;Landkreis Cuxhaven;Niedersachsen;033525411042;Gemeinde
Freimersheim;Gemeinde Freimersheim;Landkreis Alzey-Worms;Rheinland-Pfalz;073315001027;Gemeinde
Schöningen;Stadt Schöningen;Landkreis Helmstedt;Niedersachsen;031540019019;Stadt
Hillscheid;Gemeinde Hillscheid;Landkreis Westerwaldkreis;Rheinland-Pfalz;071435003031;Gemeinde
Eßlingen;Gemeinde Eßlingen;Landkreis Eifelkreis Bitburg-Prüm;Rheinland-Pfalz;072325008034;Gemeinde
Neidenfels;Gemeinde Neidenfels;Landkreis Bad Dürkheim;Rheinland-Pfalz;073325005037;Gemeinde
Osterby;Gemeinde Osterby;Kreis Rendsburg-Eckernförde;Schleswig-Holstein;010585890123;Gemeinde
Sondheim v.d.Rhön;Gemeinde Sondheim v.d.Rhön;Landkreis Rhön-Grabfeld;Bayern;096735639167;Gemeinde
Mildstedt;Gemeinde Mildstedt;Kreis Nordfriesland;Schleswig-Holstein;010545492084;Gemeinde
Aidhausen;Gemeinde Aidhausen;Landkreis Haßberge;Bayern;096745612111;Gemeinde
Ahnsbeck;Gemeinde Ahnsbeck;Landkreis Celle;Niedersachsen;033515403002;Gemeinde
Daubach;Gemeinde Daubach;Landkreis Westerwaldkreis;Rheinland-Pfalz;071435004008;Gemeinde
Elze;Stadt Elze;Landkreis Hildesheim;Niedersachsen;032540014014;Stadt
Holzminden;Gemeindefreies Gebiet Holzminden;Landkreis Holzminden;Niedersachsen;032559505505;Gemeindefreies Gebiet
Hagenburg;Gemeinde Hagenburg;Landkreis Schaumburg;Niedersachsen;032575407010;Gemeinde
Buchholz;Gemeinde Buchholz;Landkreis Schaumburg;Niedersachsen;032575401008;Gemeinde
Söchtenau;Gemeinde Söchtenau;Landkreis Rosenheim;Bayern;091870174174;Gemeinde
Armstorf;Gemeinde Armstorf;Landkreis Cuxhaven;Niedersachsen;033525404002;Gemeinde
Gnewitz;Gemeinde Gnewitz;Landkreis Rostock;Mecklenburg-Vorpommern;130725262034;Gemeinde
Waigolshausen;Gemeinde Waigolshausen;Landkreis Schweinfurt;Bayern;096780190190;Gemeinde
Schollbrunn;Gemeinde Schollbrunn;Landkreis Main-Spessart;Bayern;096775620182;Gemeinde
Obersinn;Gemeinde Obersinn;Landkreis Main-Spessart;Bayern;096775622169;Gemeinde
Partenstein;Gemeinde Partenstein;Landkreis Main-Spessart;Bayern;096775656170;Gemeinde
Euerbach;Gemeinde Euerbach;Landkreis Schweinfurt;Bayern;096780128128;Gemeinde
Riedenheim;Gemeinde Riedenheim;Landkreis Würzburg;Bayern;096795654179;Gemeinde
Kühbach;Gemeinde Kühbach;Landkreis Aichach-Friedberg;Bayern;097715703144;Gemeinde
Graben;Gemeinde Graben;Landkreis Augsburg;Bayern;097720149149;Gemeinde
Gundelfingen a.d.Donau;Stadt Gundelfingen a.d.Donau;Landkreis Dillingen a.d.Donau;Bayern;097735713136;Stadt
Otter;Gemeinde Otter;Landkreis Harburg;Niedersachsen;033535406027;Gemeinde
Höhbeck;Gemeinde Höhbeck;Landkreis Lüchow-Dannenberg;Niedersachsen;033545403010;Gemeinde
Salzhausen;Gemeinde Salzhausen;Landkreis Harburg;Niedersachsen;033535405030;Gemeinde
Prezelle;Gemeinde Prezelle;Landkreis Lüchow-Dannenberg;Niedersachsen;033545403020;Gemeinde
Küsten;Gemeinde Küsten;Landkreis Lüchow-Dannenberg;Niedersachsen;033545407013;Gemeinde
Glött;Gemeinde Glött;Landkreis Dillingen a.d.Donau;Bayern;097735719133;Gemeinde
Bothel;Gemeinde Bothel;Landkreis Rotenburg (Wümme);Niedersachsen;033575401006;Gemeinde
Rettenbach;Gemeinde Rettenbach;Landkreis Günzburg;Bayern;097745727174;Gemeinde
Tetenbüll;Gemeinde Tetenbüll;Kreis Nordfriesland;Schleswig-Holstein;010545417135;Gemeinde
Gauersheim;Gemeinde Gauersheim;Landkreis Donnersbergkreis;Rheinland-Pfalz;073335004022;Gemeinde
Krautheim;Stadt Krautheim;Landkreis Hohenlohekreis;Baden-Württemberg;081265002045;Stadt
Fellbach;Stadt Fellbach;Landkreis Rems-Murr-Kreis;Baden-Württemberg;081190020020;Stadt
Alfdorf;Gemeinde Alfdorf;Landkreis Rems-Murr-Kreis;Baden-Württemberg;081190001001;Gemeinde
Berglen;Gemeinde Berglen;Landkreis Rems-Murr-Kreis;Baden-Württemberg;081190089089;Gemeinde
Hemsbünde;Gemeinde Hemsbünde;Landkreis Rotenburg (Wümme);Niedersachsen;033575401024;Gemeinde
Basdahl;Gemeinde Basdahl;Landkreis Rotenburg (Wümme);Niedersachsen;033575403004;Gemeinde
Visselhövede;Stadt Visselhövede;Landkreis Rotenburg (Wümme);Niedersachsen;033570051051;Stadt
Hellwege;Gemeinde Hellwege;Landkreis Rotenburg (Wümme);Niedersachsen;033575406022;Gemeinde
Ingersleben;Gemeinde Ingersleben;Landkreis Börde;Sachsen-Anhalt;150835052323;Gemeinde
Obergurig;Gemeinde Obergurig;Landkreis Bautzen;Sachsen;146255212390;Gemeinde
Leutersdorf;Gemeinde Leutersdorf;Landkreis Görlitz;Sachsen;146260280280;Gemeinde
Wethau;Gemeinde Wethau;Landkreis Burgenlandkreis;Sachsen-Anhalt;150845054560;Gemeinde
Hohendubrau;Gemeinde Hohendubrau;Landkreis Görlitz;Sachsen;146265502190;Gemeinde
Sommersdorf;Gemeinde Sommersdorf;Landkreis Börde;Sachsen-Anhalt;150835053485;Gemeinde
Ummendorf;Gemeinde Ummendorf;Landkreis Börde;Sachsen-Anhalt;150835053505;Gemeinde
Riesa;Stadt Riesa;Landkreis Meißen;Sachsen;146270230230;Stadt
Müglitztal;Gemeinde Müglitztal;Landkreis Sächsische Schweiz-Osterzgebirge;Sachsen;146285209250;Gemeinde
Pirna;Stadt Pirna;Landkreis Sächsische Schweiz-Osterzgebirge;Sachsen;146285229270;Stadt
Stadt Stadt Wehlen;Stadt Stadt Wehlen;Landkreis Sächsische Schweiz-Osterzgebirge;Sachsen;146285221370;Stadt
Bernsdorf;Stadt Bernsdorf;Landkreis Bautzen;Sachsen;146250030030;Stadt
Gudensberg;Stadt Gudensberg;Landkreis Schwalm-Eder-Kreis;Hessen;066340007007;Stadt
Oschatz;Stadt Oschatz;Landkreis Nordsachsen;Sachsen;147300230230;Stadt
Meuspath;Gemeinde Meuspath;Landkreis Ahrweiler;Rheinland-Pfalz;071315001050;Gemeinde
Sangerhausen;Stadt Sangerhausen;Landkreis Mansfeld-Südharz;Sachsen-Anhalt;150870370370;Stadt
Arzberg;Gemeinde Arzberg;Landkreis Nordsachsen;Sachsen;147305302010;Gemeinde
Meineweh;Gemeinde Meineweh;Landkreis Burgenlandkreis;Sachsen-Anhalt;150845054013;Gemeinde
Westheide;Gemeinde Westheide;Landkreis Börde;Sachsen-Anhalt;150835051557;Gemeinde
Gerstetten;Gemeinde Gerstetten;Landkreis Heidenheim;Baden-Württemberg;081350015015;Gemeinde
Kuppenheim;Stadt Kuppenheim;Landkreis Rastatt;Baden-Württemberg;082165001024;Stadt
Gernsbach;Stadt Gernsbach;Landkreis Rastatt;Baden-Württemberg;082165004017;Stadt
Bergen;Gemeinde Bergen;Landkreis Traunstein;Bayern;091895166113;Gemeinde
Rickert;Gemeinde Rickert;Kreis Rendsburg-Eckernförde;Schleswig-Holstein;010585833136;Gemeinde
Limbach;Gemeinde Limbach;Landkreis Neckar-Odenwald-Kreis;Baden-Württemberg;082255004052;Gemeinde
Mühlhausen;Gemeinde Mühlhausen;Landkreis Rhein-Neckar-Kreis;Baden-Württemberg;082265006054;Gemeinde
Neckarbischofsheim;Stadt Neckarbischofsheim;Landkreis Rhein-Neckar-Kreis;Baden-Württemberg;082265009055;Stadt
Neckargemünd;Stadt Neckargemünd;Landkreis Rhein-Neckar-Kreis;Baden-Württemberg;082265005056;Stadt
Christiansholm;Gemeinde Christiansholm;Kreis Rendsburg-Eckernförde;Schleswig-Holstein;010585847036;Gemeinde
Egenhausen;Gemeinde Egenhausen;Landkreis Calw;Baden-Württemberg;082355001022;Gemeinde
Bösingen;Gemeinde Bösingen;Landkreis Rottweil;Baden-Württemberg;083255007009;Gemeinde
Teningen;Gemeinde Teningen;Landkreis Emmendingen;Baden-Württemberg;083165003043;Gemeinde
Neuhausen;Gemeinde Neuhausen;Landkreis Enzkreis;Baden-Württemberg;082365007044;Gemeinde
Rheinau;Stadt Rheinau;Landkreis Ortenaukreis;Baden-Württemberg;083170153153;Stadt
St. Georgen im Schwarzwald;Stadt St. Georgen im Schwarzwald;Landkreis Schwarzwald-Baar-Kreis;Baden-Württemberg;083260052052;Stadt
Sasbachwalden;Gemeinde Sasbachwalden;Landkreis Ortenaukreis;Baden-Württemberg;083175001118;Gemeinde
Marxzell;Gemeinde Marxzell;Landkreis Karlsruhe;Baden-Württemberg;082150047047;Gemeinde
Lebusa;Gemeinde Lebusa;Landkreis Elbe-Elster;Brandenburg;120625209289;Gemeinde
Röbel/Müritz;Stadt Röbel/Müritz;Landkreis Mecklenburgische Seenplatte;Mecklenburg-Vorpommern;130715159124;Stadt
Tissa;Gemeinde Tissa;Landkreis Saale-Holzland-Kreis;Thüringen;160745007101;Gemeinde
Schwesing;Gemeinde Schwesing;Kreis Nordfriesland;Schleswig-Holstein;010545453118;Gemeinde
Holtsee;Gemeinde Holtsee;Kreis Rendsburg-Eckernförde;Schleswig-Holstein;010585890080;Gemeinde
Osterzell;Gemeinde Osterzell;Landkreis Ostallgäu;Bayern;097775751157;Gemeinde
Aitrang;Gemeinde Aitrang;Landkreis Ostallgäu;Bayern;097775752111;Gemeinde
Gottmadingen;Gemeinde Gottmadingen;Landkreis Konstanz;Baden-Württemberg;083355002028;Gemeinde
Mitterfels;Gemeinde Mitterfels;Landkreis Straubing-Bogen;Bayern;092785248151;Gemeinde
Kentzlin;Gemeinde Kentzlin;Landkreis Mecklenburgische Seenplatte;Mecklenburg-Vorpommern;130715151072;Gemeinde
Waldkraiburg;Stadt Waldkraiburg;Landkreis Mühldorf a.Inn;Bayern;091830148148;Stadt
Daiting;Gemeinde Daiting;Landkreis Donau-Ries;Bayern;097795724129;Gemeinde
Nehren;Gemeinde Nehren;Landkreis Tübingen;Baden-Württemberg;084165001026;Gemeinde
Starzach;Gemeinde Starzach;Landkreis Tübingen;Baden-Württemberg;084165003050;Gemeinde
Winterlingen;Gemeinde Winterlingen;Landkreis Zollernalbkreis;Baden-Württemberg;084175007075;Gemeinde
Langenau;Stadt Langenau;Landkreis Alb-Donau-Kreis;Baden-Württemberg;084255008072;Stadt
Dettingen an der Iller;Gemeinde Dettingen an der Iller;Landkreis Biberach;Baden-Württemberg;084265004031;Gemeinde
Mietingen;Gemeinde Mietingen;Landkreis Biberach;Baden-Württemberg;084265005073;Gemeinde
Goldelund;Gemeinde Goldelund;Kreis Nordfriesland;Schleswig-Holstein;010545494038;Gemeinde
Barlt;Gemeinde Barlt;Kreis Dithmarschen;Schleswig-Holstein;010515175006;Gemeinde
Fronreute;Gemeinde Fronreute;Landkreis Ravensburg;Baden-Württemberg;084365009096;Gemeinde
Kirchweidach;Gemeinde Kirchweidach;Landkreis Altötting;Bayern;091715102122;Gemeinde
Hettingen;Stadt Hettingen;Landkreis Sigmaringen;Baden-Württemberg;084375001047;Stadt
Selbach (Sieg);Gemeinde Selbach (Sieg);Landkreis Altenkirchen (Westerwald);Rheinland-Pfalz;071325008105;Gemeinde
Bonefeld;Gemeinde Bonefeld;Landkreis Neuwied;Rheinland-Pfalz;071385009005;Gemeinde
Schlitz;Stadt Schlitz;Landkreis Vogelsbergkreis;Hessen;065350015015;Stadt
Geeste;Gemeinde Geeste;Landkreis Emsland;Niedersachsen;034540014014;Gemeinde
Kirchheim i.Schw.;Gemeinde Kirchheim i.Schw.;Landkreis Unterallgäu;Bayern;097785760158;Gemeinde
Retzow;Gemeinde Retzow;Landkreis Havelland;Brandenburg;120635302256;Gemeinde
Wald;Gemeinde Wald;Landkreis Ostallgäu;Bayern;097775756179;Gemeinde
Topfstedt;Gemeinde Topfstedt;Landkreis Kyffhäuserkreis;Thüringen;160655002074;Gemeinde
Kirchhaslach;Gemeinde Kirchhaslach;Landkreis Unterallgäu;Bayern;097785758157;Gemeinde
Gönnebek;Gemeinde Gönnebek;Kreis Segeberg;Schleswig-Holstein;010605024026;Gemeinde
Velpke;Gemeinde Velpke;Landkreis Helmstedt;Niedersachsen;031545404024;Gemeinde
Itzstedt;Gemeinde Itzstedt;Kreis Segeberg;Schleswig-Holstein;010605034043;Gemeinde
Emmelbaum;Gemeinde Emmelbaum;Landkreis Eifelkreis Bitburg-Prüm;Rheinland-Pfalz;072325005031;Gemeinde
Warder;Gemeinde Warder;Kreis Rendsburg-Eckernförde;Schleswig-Holstein;010585864168;Gemeinde
Selk;Gemeinde Selk;Kreis Schleswig-Flensburg;Schleswig-Holstein;010595915078;Gemeinde
Berg;Gemeinde Berg;Landkreis Ahrweiler;Rheinland-Pfalz;071315002011;Gemeinde
Bornhagen;Gemeinde Bornhagen;Landkreis Eichsfeld;Thüringen;160615008014;Gemeinde
Irchenrieth;Gemeinde Irchenrieth;Landkreis Neustadt a.d.Waldnaab;Bayern;093745329127;Gemeinde
Schwandorf;Stadt Schwandorf;Landkreis Schwandorf;Bayern;093760161161;Stadt
Warmensteinacher Forst-Nord;Gemeindefreies Gebiet Warmensteinacher Forst-Nord;Landkreis Bayreuth;Bayern;094729470470;Gemeindefreies Gebiet
Nürnberg;Stadt Nürnberg;Kreisfreie Stadt Nürnberg;Bayern;095640000000;Stadt
Großbartloff;Gemeinde Großbartloff;Landkreis Eichsfeld;Thüringen;160615013041;Gemeinde
Eichwalde;Gemeinde Eichwalde;Landkreis Dahme-Spreewald;Brandenburg;120610112112;Gemeinde
Nordwestuckermark;Gemeinde Nordwestuckermark;Landkreis Uckermark;Brandenburg;120730429429;Gemeinde
Marienberg;Stadt Marienberg;Landkreis Erzgebirgskreis;Sachsen;145210390390;Stadt
Willenscharen;Gemeinde Willenscharen;Kreis Steinburg;Schleswig-Holstein;010615189112;Gemeinde
Wrist;Gemeinde Wrist;Kreis Steinburg;Schleswig-Holstein;010615189116;Gemeinde
Emleben;Gemeinde Emleben;Landkreis Gotha;Thüringen;160675054013;Gemeinde
Fürstenberg;Gemeinde Fürstenberg;Landkreis Holzminden;Niedersachsen;032555403014;Gemeinde
Moosburg;Gemeinde Moosburg;Landkreis Biberach;Baden-Württemberg;084265001078;Gemeinde
Elxleben;Gemeinde Elxleben;Landkreis Sömmerda;Thüringen;160685050009;Gemeinde
Gölenkamp;Gemeinde Gölenkamp;Landkreis Grafschaft Bentheim;Niedersachsen;034565404007;Gemeinde
Handrup;Gemeinde Handrup;Landkreis Emsland;Niedersachsen;034545405017;Gemeinde
Lindhorst;Gemeinde Lindhorst;Landkreis Schaumburg;Niedersachsen;032575402020;Gemeinde
Rammingen;Gemeinde Rammingen;Landkreis Alb-Donau-Kreis;Baden-Württemberg;084255008097;Gemeinde
Münsterdorf;Gemeinde Münsterdorf;Kreis Steinburg;Schleswig-Holstein;010615104072;Gemeinde
Neuendorf b.Elmshorn;Gemeinde Neuendorf b.Elmshorn;Kreis Steinburg;Schleswig-Holstein;010615134074;Gemeinde
Holstenniendorf;Gemeinde Holstenniendorf;Kreis Steinburg;Schleswig-Holstein;010615168043;Gemeinde
Niederhosenbach;Gemeinde Niederhosenbach;Landkreis Birkenfeld;Rheinland-Pfalz;071345005059;Gemeinde
Emmerzhausen;Gemeinde Emmerzhausen;Landkreis Altenkirchen (Westerwald);Rheinland-Pfalz;071325003026;Gemeinde
Schauren;Gemeinde Schauren;Landkreis Birkenfeld;Rheinland-Pfalz;071345005076;Gemeinde
Friedewald;Gemeinde Friedewald;Landkreis Altenkirchen (Westerwald);Rheinland-Pfalz;071325003036;Gemeinde
Sienhachenbach;Gemeinde Sienhachenbach;Landkreis Birkenfeld;Rheinland-Pfalz;071345005083;Gemeinde
Nauroth;Gemeinde Nauroth;Landkreis Altenkirchen (Westerwald);Rheinland-Pfalz;071325009073;Gemeinde
Burglahr;Gemeinde Burglahr;Landkreis Altenkirchen (Westerwald);Rheinland-Pfalz;071325010016;Gemeinde
Reiferscheid;Gemeinde Reiferscheid;Landkreis Altenkirchen (Westerwald);Rheinland-Pfalz;071325010093;Gemeinde
Niebüll;Stadt Niebüll;Kreis Nordfriesland;Schleswig-Holstein;010545489088;Stadt
Heimbach;Gemeinde Heimbach;Landkreis Birkenfeld;Rheinland-Pfalz;071345001036;Gemeinde
Mutterstadt;Gemeinde Mutterstadt;Landkreis Rhein-Pfalz-Kreis;Rheinland-Pfalz;073380019019;Gemeinde
Schifferstadt;Stadt Schifferstadt;Landkreis Rhein-Pfalz-Kreis;Rheinland-Pfalz;073380025025;Stadt
Benningen am Neckar;Gemeinde Benningen am Neckar;Landkreis Ludwigsburg;Baden-Württemberg;081185005006;Gemeinde
Fußgönheim;Gemeinde Fußgönheim;Landkreis Rhein-Pfalz-Kreis;Rheinland-Pfalz;073385004008;Gemeinde
Bockenheim an der Weinstraße;Gemeinde Bockenheim an der Weinstraße;Landkreis Bad Dürkheim;Rheinland-Pfalz;073325007006;Gemeinde
Rehlingen;Gemeinde Rehlingen;Landkreis Lüneburg;Niedersachsen;033555401029;Gemeinde
Nienhagen;Gemeinde Nienhagen;Landkreis Celle;Niedersachsen;033515404018;Gemeinde
Heddert;Gemeinde Heddert;Landkreis Trier-Saarburg;Rheinland-Pfalz;072355008040;Gemeinde
Kettenheim;Gemeinde Kettenheim;Landkreis Alzey-Worms;Rheinland-Pfalz;073315001042;Gemeinde
Bammental;Gemeinde Bammental;Landkreis Rhein-Neckar-Kreis;Baden-Württemberg;082265005006;Gemeinde
Malk Göhren;Gemeinde Malk Göhren;Landkreis Ludwigslust-Parchim;Mecklenburg-Vorpommern;130765654093;Gemeinde
Hördt;Gemeinde Hördt;Landkreis Germersheim;Rheinland-Pfalz;073345006011;Gemeinde
Todenbüttel;Gemeinde Todenbüttel;Kreis Rendsburg-Eckernförde;Schleswig-Holstein;010585895164;Gemeinde
Busdorf;Gemeinde Busdorf;Kreis Schleswig-Flensburg;Schleswig-Holstein;010595915018;Gemeinde
Reckershausen;Gemeinde Reckershausen;Landkreis Rhein-Hunsrück-Kreis;Rheinland-Pfalz;071405004122;Gemeinde
Bettendorf;Gemeinde Bettendorf;Landkreis Rhein-Lahn-Kreis;Rheinland-Pfalz;071415007012;Gemeinde
Nannhausen;Gemeinde Nannhausen;Landkreis Rhein-Hunsrück-Kreis;Rheinland-Pfalz;071405008100;Gemeinde
Deilingen;Gemeinde Deilingen;Landkreis Tuttlingen;Baden-Württemberg;083275002009;Gemeinde
Renquishausen;Gemeinde Renquishausen;Landkreis Tuttlingen;Baden-Württemberg;083275001041;Gemeinde
Selchenbach;Gemeinde Selchenbach;Landkreis Kusel;Rheinland-Pfalz;073365010094;Gemeinde
Lykershausen;Gemeinde Lykershausen;Landkreis Rhein-Lahn-Kreis;Rheinland-Pfalz;071415009083;Gemeinde
Duvensee;Gemeinde Duvensee;Kreis Herzogtum Lauenburg;Schleswig-Holstein;010535391025;Gemeinde
Dachsenhausen;Gemeinde Dachsenhausen;Landkreis Rhein-Lahn-Kreis;Rheinland-Pfalz;071415009023;Gemeinde
Allendorf;Gemeinde Allendorf;Landkreis Rhein-Lahn-Kreis;Rheinland-Pfalz;071415011001;Gemeinde
Guteborn;Gemeinde Guteborn;Landkreis Oberspreewald-Lausitz;Brandenburg;120665607120;Gemeinde
Hinzweiler;Gemeinde Hinzweiler;Landkreis Kusel;Rheinland-Pfalz;073365008042;Gemeinde
Nerzweiler;Gemeinde Nerzweiler;Landkreis Kusel;Rheinland-Pfalz;073365008065;Gemeinde
Kreimbach-Kaulbach;Gemeinde Kreimbach-Kaulbach;Landkreis Kusel;Rheinland-Pfalz;073365008053;Gemeinde
Kaltenholzhausen;Gemeinde Kaltenholzhausen;Landkreis Rhein-Lahn-Kreis;Rheinland-Pfalz;071415011065;Gemeinde
Kördorf;Gemeinde Kördorf;Landkreis Rhein-Lahn-Kreis;Rheinland-Pfalz;071415011074;Gemeinde
Wershofen;Gemeinde Wershofen;Landkreis Ahrweiler;Rheinland-Pfalz;071315001082;Gemeinde
Faid;Gemeinde Faid;Landkreis Cochem-Zell;Rheinland-Pfalz;071355001029;Gemeinde
Weiler;Gemeinde Weiler;Landkreis Cochem-Zell;Rheinland-Pfalz;071355003089;Gemeinde
Bad Bertrich;Gemeinde Bad Bertrich;Landkreis Cochem-Zell;Rheinland-Pfalz;071355003501;Gemeinde
Alf;Gemeinde Alf;Landkreis Cochem-Zell;Rheinland-Pfalz;071355005001;Gemeinde
Zell (Mosel);Stadt Zell (Mosel);Landkreis Cochem-Zell;Rheinland-Pfalz;071355005092;Stadt
Hohen Sprenz;Gemeinde Hohen Sprenz;Landkreis Rostock;Mecklenburg-Vorpommern;130725257046;Gemeinde
Kuchelmiß;Gemeinde Kuchelmiß;Landkreis Rostock;Mecklenburg-Vorpommern;130725256059;Gemeinde
Elsterberg;Stadt Elsterberg;Landkreis Vogtlandkreis;Sachsen;145230100100;Stadt
Dierhagen;Gemeinde Dierhagen;Landkreis Vorpommern-Rügen;Mecklenburg-Vorpommern;130735354017;Gemeinde
Eixen;Gemeinde Eixen;Landkreis Vorpommern-Rügen;Mecklenburg-Vorpommern;130735360022;Gemeinde
Splietsdorf;Gemeinde Splietsdorf;Landkreis Vorpommern-Rügen;Mecklenburg-Vorpommern;130735355086;Gemeinde
Rothemühl;Gemeinde Rothemühl;Landkreis Vorpommern-Greifswald;Mecklenburg-Vorpommern;130755559118;Gemeinde
Bernbeuren;Gemeinde Bernbeuren;Landkreis Weilheim-Schongau;Bayern;091905175114;Gemeinde
Huglfing;Gemeinde Huglfing;Landkreis Weilheim-Schongau;Bayern;091905177131;Gemeinde
Ringelai;Gemeinde Ringelai;Landkreis Freyung-Grafenau;Bayern;092720140140;Gemeinde
Grambin;Gemeinde Grambin;Landkreis Vorpommern-Greifswald;Mecklenburg-Vorpommern;130755552037;Gemeinde
Ahlbeck;Gemeinde Ahlbeck;Landkreis Vorpommern-Greifswald;Mecklenburg-Vorpommern;130755552001;Gemeinde
Rohr i.NB;Gemeinde Rohr i.NB;Landkreis Kelheim;Bayern;092730165165;Gemeinde
Luckow;Gemeinde Luckow;Landkreis Vorpommern-Greifswald;Mecklenburg-Vorpommern;130755552085;Gemeinde
Essenbach;Gemeinde Essenbach;Landkreis Landshut;Bayern;092740128128;Gemeinde
Neu Kosenow;Gemeinde Neu Kosenow;Landkreis Vorpommern-Greifswald;Mecklenburg-Vorpommern;130755553098;Gemeinde
Weitenhagen;Gemeinde Weitenhagen;Landkreis Vorpommern-Greifswald;Mecklenburg-Vorpommern;130755555142;Gemeinde
Krackow;Gemeinde Krackow;Landkreis Vorpommern-Greifswald;Mecklenburg-Vorpommern;130755556067;Gemeinde
Achslach;Gemeinde Achslach;Landkreis Regen;Bayern;092765238111;Gemeinde
Zwiesel;Stadt Zwiesel;Landkreis Regen;Bayern;092760148148;Stadt
Pfarrkirchen;Stadt Pfarrkirchen;Landkreis Rottal-Inn;Bayern;092770138138;Stadt
Hausen;Gemeinde Hausen;Landkreis Miltenberg;Bayern;096765630128;Gemeinde
Mönchberg;Gemeinde Mönchberg;Landkreis Miltenberg;Bayern;096765631141;Gemeinde
Geiselhöring;Stadt Geiselhöring;Landkreis Straubing-Bogen;Bayern;092780123123;Stadt
Haibach;Gemeinde Haibach;Landkreis Straubing-Bogen;Bayern;092780129129;Gemeinde
Eußenheim;Gemeinde Eußenheim;Landkreis Main-Spessart;Bayern;096770127127;Gemeinde
Bovenau;Gemeinde Bovenau;Kreis Rendsburg-Eckernförde;Schleswig-Holstein;010585888026;Gemeinde
Brügge;Gemeinde Brügge;Kreis Rendsburg-Eckernförde;Schleswig-Holstein;010585889033;Gemeinde
Rade b.Rendsburg;Gemeinde Rade b.Rendsburg;Kreis Rendsburg-Eckernförde;Schleswig-Holstein;010585888132;Gemeinde
Bach a.d.Donau;Gemeinde Bach a.d.Donau;Landkreis Regensburg;Bayern;093755335116;Gemeinde
Guteneck;Gemeinde Guteneck;Landkreis Schwandorf;Bayern;093765341133;Gemeinde
Waldershof;Stadt Waldershof;Landkreis Tirschenreuth;Bayern;093770157157;Stadt
Semberg;Gemeindefreies Gebiet Semberg;Landkreis Bamberg;Bayern;094719459459;Gemeindefreies Gebiet
Korswandt;Gemeinde Korswandt;Landkreis Vorpommern-Greifswald;Mecklenburg-Vorpommern;130755562065;Gemeinde
Rubkow;Gemeinde Rubkow;Landkreis Vorpommern-Greifswald;Mecklenburg-Vorpommern;130755563121;Gemeinde
Erlau;Gemeinde Erlau;Landkreis Mittelsachsen;Sachsen;145220120120;Gemeinde
Sören;Gemeinde Sören;Kreis Rendsburg-Eckernförde;Schleswig-Holstein;010585889153;Gemeinde
Rodewisch;Stadt Rodewisch;Landkreis Vogtlandkreis;Sachsen;145230360360;Stadt
Bösenbrunn;Gemeinde Bösenbrunn;Landkreis Vogtlandkreis;Sachsen;145235122060;Gemeinde
Odelzhausen;Gemeinde Odelzhausen;Landkreis Dachau;Bayern;091740135135;Gemeinde
Hoogstede;Gemeinde Hoogstede;Landkreis Grafschaft Bentheim;Niedersachsen;034565401009;Gemeinde
Weener;Stadt Weener;Landkreis Leer;Niedersachsen;034570021021;Stadt
Becherbach;Gemeinde Becherbach;Landkreis Bad Kreuznach;Rheinland-Pfalz;071335010011;Gemeinde
Lauschied;Gemeinde Lauschied;Landkreis Bad Kreuznach;Rheinland-Pfalz;071335010057;Gemeinde
Tüttleben;Gemeinde Tüttleben;Landkreis Gotha;Thüringen;160675007071;Gemeinde
Papenburg;Stadt Papenburg;Landkreis Emsland;Niedersachsen;034540041041;Stadt
Oberraden;Gemeinde Oberraden;Landkreis Neuwied;Rheinland-Pfalz;071385009054;Gemeinde
Dillendorf;Gemeinde Dillendorf;Landkreis Rhein-Hunsrück-Kreis;Rheinland-Pfalz;071405004030;Gemeinde
Erkrath;Stadt Erkrath;Kreis Mettmann;Nordrhein-Westfalen;051580004004;Stadt
Homberg;Gemeinde Homberg;Landkreis Westerwaldkreis;Rheinland-Pfalz;071435006244;Gemeinde
Grinau;Gemeinde Grinau;Kreis Herzogtum Lauenburg;Schleswig-Holstein;010535391038;Gemeinde
Bernsdorf;Gemeinde Bernsdorf;Landkreis Zwickau;Sachsen;145245128010;Gemeinde
Süderhöft;Gemeinde Süderhöft;Kreis Nordfriesland;Schleswig-Holstein;010545492130;Gemeinde
Ahaus;Stadt Ahaus;Kreis Borken;Nordrhein-Westfalen;055540004004;Stadt
Raesfeld;Gemeinde Raesfeld;Kreis Borken;Nordrhein-Westfalen;055540040040;Gemeinde
Isselburg;Stadt Isselburg;Kreis Borken;Nordrhein-Westfalen;055540032032;Stadt
Laubenheim;Gemeinde Laubenheim;Landkreis Bad Kreuznach;Rheinland-Pfalz;071335011056;Gemeinde
Minden;Stadt Minden;Kreis Minden-Lübbecke;Nordrhein-Westfalen;057700024024;Stadt
Wiehl;Stadt Wiehl;Kreis Oberbergischer Kreis;Nordrhein-Westfalen;053740048048;Stadt
Helferskirchen;Gemeinde Helferskirchen;Landkreis Westerwaldkreis;Rheinland-Pfalz;071435010028;Gemeinde
Steinfurt;Stadt Steinfurt;Kreis Steinfurt;Nordrhein-Westfalen;055660084084;Stadt
Burgebrach;Gemeinde Burgebrach;Landkreis Bamberg;Bayern;094715408120;Gemeinde
Priesendorf;Gemeinde Priesendorf;Landkreis Bamberg;Bayern;094715445173;Gemeinde
Baunach;Stadt Baunach;Landkreis Bamberg;Bayern;094715401115;Stadt
Lonnig;Gemeinde Lonnig;Landkreis Mayen-Koblenz;Rheinland-Pfalz;071375002065;Gemeinde
Leopoldshöhe;Gemeinde Leopoldshöhe;Kreis Lippe;Nordrhein-Westfalen;057660048048;Gemeinde
Stetten;Gemeinde Stetten;Landkreis Donnersbergkreis;Rheinland-Pfalz;073335004076;Gemeinde
Gillenfeld;Gemeinde Gillenfeld;Landkreis Vulkaneifel;Rheinland-Pfalz;072335001027;Gemeinde
Heinersreuth;Gemeinde Heinersreuth;Landkreis Bayreuth;Bayern;094720150150;Gemeinde
Mistelbach;Gemeinde Mistelbach;Landkreis Bayreuth;Bayern;094725414166;Gemeinde
Weidhausen b.Coburg;Gemeinde Weidhausen b.Coburg;Landkreis Coburg;Bayern;094730174174;Gemeinde
Heinrichsthaler Forst;Gemeindefreies Gebiet Heinrichsthaler Forst;Landkreis Aschaffenburg;Bayern;096719453453;Gemeindefreies Gebiet
Großheirath;Gemeinde Großheirath;Landkreis Coburg;Bayern;094730132132;Gemeinde
Steinbach a.Wald;Gemeinde Steinbach a.Wald;Landkreis Kronach;Bayern;094760175175;Gemeinde
Wallenfels;Stadt Wallenfels;Landkreis Kronach;Bayern;094760184184;Stadt
Egloffstein;Gemeinde Egloffstein;Landkreis Forchheim;Bayern;094740124124;Gemeinde
Bördeaue;Gemeinde Bördeaue;Landkreis Salzlandkreis;Sachsen-Anhalt;150895051041;Gemeinde
Berga;Gemeinde Berga;Landkreis Mansfeld-Südharz;Sachsen-Anhalt;150875051055;Gemeinde
Kelbra (Kyffhäuser);Stadt Kelbra (Kyffhäuser);Landkreis Mansfeld-Südharz;Sachsen-Anhalt;150875051250;Stadt
Landsberg;Stadt Landsberg;Landkreis Saalekreis;Sachsen-Anhalt;150880195195;Stadt
Bongard;Gemeinde Bongard;Landkreis Vulkaneifel;Rheinland-Pfalz;072335004206;Gemeinde
Mosbruch;Gemeinde Mosbruch;Landkreis Vulkaneifel;Rheinland-Pfalz;072335004226;Gemeinde
Pfungstadt;Stadt Pfungstadt;Landkreis Darmstadt-Dieburg;Hessen;064320018018;Stadt
Schalksmühle;Gemeinde Schalksmühle;Kreis Märkischer Kreis;Nordrhein-Westfalen;059620056056;Gemeinde
Lünen;Stadt Lünen;Kreis Unna;Nordrhein-Westfalen;059780024024;Stadt
Bergkamen;Stadt Bergkamen;Kreis Unna;Nordrhein-Westfalen;059780004004;Stadt
Rüdesheim am Rhein;Stadt Rüdesheim am Rhein;Landkreis Rheingau-Taunus-Kreis;Hessen;064390013013;Stadt
Büdingen;Stadt Büdingen;Landkreis Wetteraukreis;Hessen;064400004004;Stadt
Butzbach;Stadt Butzbach;Landkreis Wetteraukreis;Hessen;064400005005;Stadt
Frücht;Gemeinde Frücht;Landkreis Rhein-Lahn-Kreis;Rheinland-Pfalz;071415010044;Gemeinde
Herbstein;Stadt Herbstein;Landkreis Vogelsbergkreis;Hessen;065350008008;Stadt
Bad König;Stadt Bad König;Landkreis Odenwaldkreis;Hessen;064370001001;Stadt
Dreieich;Stadt Dreieich;Landkreis Offenbach;Hessen;064380002002;Stadt
Ober-Hilbersheim;Gemeinde Ober-Hilbersheim;Landkreis Mainz-Bingen;Rheinland-Pfalz;073395003046;Gemeinde
Hüttenberg;Gemeinde Hüttenberg;Landkreis Lahn-Dill-Kreis;Hessen;065320014014;Gemeinde
Hohenahr;Gemeinde Hohenahr;Landkreis Lahn-Dill-Kreis;Hessen;065320013013;Gemeinde
Runkel;Stadt Runkel;Landkreis Limburg-Weilburg;Hessen;065330013013;Stadt
Zimmerschied;Gemeinde Zimmerschied;Landkreis Rhein-Lahn-Kreis;Rheinland-Pfalz;071415010141;Gemeinde
Hillesheim;Gemeinde Hillesheim;Landkreis Mainz-Bingen;Rheinland-Pfalz;073395007028;Gemeinde
Heringen (Werra);Stadt Heringen (Werra);Landkreis Hersfeld-Rotenburg;Hessen;066320009009;Stadt
Ronshausen;Gemeinde Ronshausen;Landkreis Hersfeld-Rotenburg;Hessen;066320017017;Gemeinde
Calden;Gemeinde Calden;Landkreis Kassel;Hessen;066330005005;Gemeinde
Groß Wokern;Gemeinde Groß Wokern;Landkreis Rostock;Mecklenburg-Vorpommern;130725258040;Gemeinde
Colmberg;Gemeinde Colmberg;Landkreis Ansbach;Bayern;095710130130;Gemeinde
Fürth;Stadt Fürth;Kreisfreie Stadt Fürth;Bayern;095630000000;Stadt
Schwabach;Stadt Schwabach;Kreisfreie Stadt Schwabach;Bayern;095650000000;Stadt
Attenkirchen;Gemeinde Attenkirchen;Landkreis Freising;Bayern;091785130115;Gemeinde
Eching;Gemeinde Eching;Landkreis Freising;Bayern;091780120120;Gemeinde
Saarwellingen;Gemeinde Saarwellingen;Landkreis Saarlouis;Saarland;100440116116;Gemeinde
Burk;Gemeinde Burk;Landkreis Ansbach;Bayern;095715507128;Gemeinde
Baiersdorf;Stadt Baiersdorf;Landkreis Erlangen-Höchstadt;Bayern;095720115115;Stadt
Monstab;Gemeinde Monstab;Landkreis Altenburger Land;Thüringen;160775005034;Gemeinde
Marloffstein;Gemeinde Marloffstein;Landkreis Erlangen-Höchstadt;Bayern;095725514141;Gemeinde
Erlenstegener Forst;Gemeindefreies Gebiet Erlenstegener Forst;Landkreis Erlangen-Höchstadt;Bayern;095729454454;Gemeindefreies Gebiet
Schmelz;Gemeinde Schmelz;Landkreis Saarlouis;Saarland;100440117117;Gemeinde
Maisach;Gemeinde Maisach;Landkreis Fürstenfeldbruck;Bayern;091790134134;Gemeinde
Schwasdorf;Gemeinde Schwasdorf;Landkreis Rostock;Mecklenburg-Vorpommern;130725258096;Gemeinde
Urbach;Gemeinde Urbach;Landkreis Nordhausen;Thüringen;160625053054;Gemeinde
Freisen;Gemeinde Freisen;Landkreis St. Wendel;Saarland;100460111111;Gemeinde
Heideblick;Gemeinde Heideblick;Landkreis Dahme-Spreewald;Brandenburg;120610219219;Gemeinde
Erbenhausen;Gemeinde Erbenhausen;Landkreis Schmalkalden-Meiningen;Thüringen;160665005019;Gemeinde
Kölleda;Stadt Kölleda;Landkreis Sömmerda;Thüringen;160680034034;Stadt
Schwerstedt;Gemeinde Schwerstedt;Landkreis Sömmerda;Thüringen;160685009049;Gemeinde
Schleusegrund;Gemeinde Schleusegrund;Landkreis Hildburghausen;Thüringen;160690042042;Gemeinde
Heinzenbach;Gemeinde Heinzenbach;Landkreis Rhein-Hunsrück-Kreis;Rheinland-Pfalz;071405004049;Gemeinde
Sargenroth;Gemeinde Sargenroth;Landkreis Rhein-Hunsrück-Kreis;Rheinland-Pfalz;071405008134;Gemeinde
Utzenhain;Gemeinde Utzenhain;Landkreis Rhein-Hunsrück-Kreis;Rheinland-Pfalz;071405009156;Gemeinde
Singhofen;Gemeinde Singhofen;Landkreis Rhein-Lahn-Kreis;Rheinland-Pfalz;071415010129;Gemeinde
Dienethal;Gemeinde Dienethal;Landkreis Rhein-Lahn-Kreis;Rheinland-Pfalz;071415010027;Gemeinde
Dreis;Gemeinde Dreis;Landkreis Bernkastel-Wittlich;Rheinland-Pfalz;072315008024;Gemeinde
Fleckeby;Gemeinde Fleckeby;Kreis Rendsburg-Eckernförde;Schleswig-Holstein;010585893052;Gemeinde
Sitzendorf;Gemeinde Sitzendorf;Landkreis Saalfeld-Rudolstadt;Thüringen;160735012084;Gemeinde
Poxdorf;Gemeinde Poxdorf;Landkreis Saale-Holzland-Kreis;Thüringen;160745051068;Gemeinde
Kospoda;Gemeinde Kospoda;Landkreis Saale-Orla-Kreis;Thüringen;160755050051;Gemeinde
Güby;Gemeinde Güby;Kreis Rendsburg-Eckernförde;Schleswig-Holstein;010585893067;Gemeinde
Friedrichsholm;Gemeinde Friedrichsholm;Kreis Rendsburg-Eckernförde;Schleswig-Holstein;010585847056;Gemeinde
Byhleguhre-Byhlen;Gemeinde Byhleguhre-Byhlen;Landkreis Dahme-Spreewald;Brandenburg;120615113061;Gemeinde
Hermsdorf;Gemeinde Hermsdorf;Landkreis Oberspreewald-Lausitz;Brandenburg;120665607124;Gemeinde
Herzberg (Mark);Gemeinde Herzberg (Mark);Landkreis Ostprignitz-Ruppin;Brandenburg;120685804188;Gemeinde
Wiesenau;Gemeinde Wiesenau;Landkreis Oder-Spree;Brandenburg;120675701528;Gemeinde
Waldheim;Stadt Waldheim;Landkreis Mittelsachsen;Sachsen;145220570570;Stadt
Bronkow;Gemeinde Bronkow;Landkreis Oberspreewald-Lausitz;Brandenburg;120665601041;Gemeinde
Ziltendorf;Gemeinde Ziltendorf;Landkreis Oder-Spree;Brandenburg;120675701552;Gemeinde
Holzkirchen;Gemeinde Holzkirchen;Landkreis Miesbach;Bayern;091820120120;Gemeinde
Kreuth;Gemeinde Kreuth;Landkreis Miesbach;Bayern;091820124124;Gemeinde
Jevenstedt;Gemeinde Jevenstedt;Kreis Rendsburg-Eckernförde;Schleswig-Holstein;010585853086;Gemeinde
Kirchdorf;Gemeinde Kirchdorf;Landkreis Kelheim;Bayern;092735218139;Gemeinde
Beiersdorf-Freudenberg;Gemeinde Beiersdorf-Freudenberg;Landkreis Märkisch-Oderland;Brandenburg;120645403053;Gemeinde
Niederlauch;Gemeinde Niederlauch;Landkreis Eifelkreis Bitburg-Prüm;Rheinland-Pfalz;072325006276;Gemeinde
Aying;Gemeinde Aying;Landkreis München;Bayern;091840137137;Gemeinde
Haag i.OB;Gemeinde Haag i.OB;Landkreis Mühldorf a.Inn;Bayern;091830119119;Gemeinde
Reichertshausen;Gemeinde Reichertshausen;Landkreis Pfaffenhofen a.d.Ilm;Bayern;091860146146;Gemeinde
Holzbunge;Gemeinde Holzbunge;Kreis Rendsburg-Eckernförde;Schleswig-Holstein;010585890081;Gemeinde
Emkendorf;Gemeinde Emkendorf;Kreis Rendsburg-Eckernförde;Schleswig-Holstein;010585864049;Gemeinde
Roskow;Gemeinde Roskow;Landkreis Potsdam-Mittelmark;Brandenburg;120695902541;Gemeinde
Klanxbüll;Gemeinde Klanxbüll;Kreis Nordfriesland;Schleswig-Holstein;010545489065;Gemeinde
Reichenbach an der Fils;Gemeinde Reichenbach an der Fils;Landkreis Esslingen;Baden-Württemberg;081165007058;Gemeinde
Schlierbach;Gemeinde Schlierbach;Landkreis Göppingen;Baden-Württemberg;081175002044;Gemeinde
Schlat;Gemeinde Schlat;Landkreis Göppingen;Baden-Württemberg;081175005043;Gemeinde
Hessigheim;Gemeinde Hessigheim;Landkreis Ludwigsburg;Baden-Württemberg;081185001028;Gemeinde
Freudental;Gemeinde Freudental;Landkreis Ludwigsburg;Baden-Württemberg;081185001016;Gemeinde
Quirnheim;Gemeinde Quirnheim;Landkreis Bad Dürkheim;Rheinland-Pfalz;073325007042;Gemeinde
Schleich;Gemeinde Schleich;Landkreis Trier-Saarburg;Rheinland-Pfalz;072355006120;Gemeinde
Dörrenbach;Gemeinde Dörrenbach;Landkreis Südliche Weinstraße;Rheinland-Pfalz;073375002019;Gemeinde
Schwanheim;Gemeinde Schwanheim;Landkreis Südwestpfalz;Rheinland-Pfalz;073405002047;Gemeinde
Schöndorf;Gemeinde Schöndorf;Landkreis Trier-Saarburg;Rheinland-Pfalz;072355004124;Gemeinde
Dagebüll;Gemeinde Dagebüll;Kreis Nordfriesland;Schleswig-Holstein;010545489022;Gemeinde
Karlum;Gemeinde Karlum;Kreis Nordfriesland;Schleswig-Holstein;010545489062;Gemeinde
Sankt Annen;Gemeinde Sankt Annen;Kreis Dithmarschen;Schleswig-Holstein;010515169096;Gemeinde
Nister-Möhrendorf;Gemeinde Nister-Möhrendorf;Landkreis Westerwaldkreis;Rheinland-Pfalz;071435006278;Gemeinde
Bad Schwartau;Stadt Bad Schwartau;Kreis Ostholstein;Schleswig-Holstein;010550004004;Stadt
Eutin;Stadt Eutin;Kreis Ostholstein;Schleswig-Holstein;010550012012;Stadt
Dersau;Gemeinde Dersau;Kreis Plön;Schleswig-Holstein;010575739015;Gemeinde
Schwartbuck;Gemeinde Schwartbuck;Kreis Plön;Schleswig-Holstein;010575727076;Gemeinde
Kalübbe;Gemeinde Kalübbe;Kreis Plön;Schleswig-Holstein;010575739032;Gemeinde
Fargau-Pratjau;Gemeinde Fargau-Pratjau;Kreis Plön;Schleswig-Holstein;010575775090;Gemeinde
Schellhorn;Gemeinde Schellhorn;Kreis Plön;Schleswig-Holstein;010575747070;Gemeinde
Altenholz;Gemeinde Altenholz;Kreis Rendsburg-Eckernförde;Schleswig-Holstein;010580005005;Gemeinde
Hohenwestedt;Gemeinde Hohenwestedt;Kreis Rendsburg-Eckernförde;Schleswig-Holstein;010585895077;Gemeinde
Sollerup;Gemeinde Sollerup;Kreis Schleswig-Flensburg;Schleswig-Holstein;010595912162;Gemeinde
Hörup;Gemeinde Hörup;Kreis Schleswig-Flensburg;Schleswig-Holstein;010595952123;Gemeinde
Großsolt;Gemeinde Großsolt;Kreis Schleswig-Flensburg;Schleswig-Holstein;010595919116;Gemeinde
Mittelangeln;Gemeinde Mittelangeln;Kreis Schleswig-Flensburg;Schleswig-Holstein;010595949185;Gemeinde
Börm;Gemeinde Börm;Kreis Schleswig-Flensburg;Schleswig-Holstein;010595996009;Gemeinde
Cremlingen;Gemeinde Cremlingen;Landkreis Wolfenbüttel;Niedersachsen;031580006006;Gemeinde
Schladen-Werla;Gemeinde Schladen-Werla;Landkreis Wolfenbüttel;Niedersachsen;031580039039;Gemeinde
Stedesand;Gemeinde Stedesand;Kreis Nordfriesland;Schleswig-Holstein;010545489126;Gemeinde
Wesendorf;Gemeinde Wesendorf;Landkreis Gifhorn;Niedersachsen;031515407038;Gemeinde
Freden (Leine);Gemeinde Freden (Leine);Landkreis Hildesheim;Niedersachsen;032540042042;Gemeinde
Weigler;Gemeindefreies Gebiet Weigler;Landkreis Rhön-Grabfeld;Bayern;096739458458;Gemeindefreies Gebiet
Stapel;Gemeinde Stapel;Kreis Schleswig-Flensburg;Schleswig-Holstein;010595996188;Gemeinde
Weyhe;Gemeinde Weyhe;Landkreis Diepholz;Niedersachsen;032510047047;Gemeinde
Gackenbach;Gemeinde Gackenbach;Landkreis Westerwaldkreis;Rheinland-Pfalz;071435004020;Gemeinde
Lüerdissen;Gemeinde Lüerdissen;Landkreis Holzminden;Niedersachsen;032555409028;Gemeinde
Leese;Gemeinde Leese;Landkreis Nienburg (Weser);Niedersachsen;032565410018;Gemeinde
Krailling;Gemeinde Krailling;Landkreis Starnberg;Bayern;091880127127;Gemeinde
Pöcking;Gemeinde Pöcking;Landkreis Starnberg;Bayern;091880137137;Gemeinde
Loxstedt;Gemeinde Loxstedt;Landkreis Cuxhaven;Niedersachsen;033520032032;Gemeinde
Meitingen;Gemeinde Meitingen;Landkreis Augsburg;Bayern;097720177177;Gemeinde
Mühlheim am Main;Stadt Mühlheim am Main;Landkreis Offenbach;Hessen;064380008008;Stadt
Schiltberg;Gemeinde Schiltberg;Landkreis Aichach-Friedberg;Bayern;097715703162;Gemeinde
Haunsheim;Gemeinde Haunsheim;Landkreis Dillingen a.d.Donau;Bayern;097735713137;Gemeinde
Jesteburg;Gemeinde Jesteburg;Landkreis Harburg;Niedersachsen;033535404020;Gemeinde
Wistedt;Gemeinde Wistedt;Landkreis Harburg;Niedersachsen;033535406041;Gemeinde
Heilberscheid;Gemeinde Heilberscheid;Landkreis Westerwaldkreis;Rheinland-Pfalz;071435004026;Gemeinde
Jameln;Gemeinde Jameln;Landkreis Lüchow-Dannenberg;Niedersachsen;033545406011;Gemeinde
Zusamaltheim;Gemeinde Zusamaltheim;Landkreis Dillingen a.d.Donau;Bayern;097735718188;Gemeinde
Unterroggenburger Wald;Gemeindefreies Gebiet Unterroggenburger Wald;Landkreis Neu-Ulm;Bayern;097759455455;Gemeindefreies Gebiet
Auwald;Gemeindefreies Gebiet Auwald;Landkreis Neu-Ulm;Bayern;097759451451;Gemeindefreies Gebiet
Hollern-Twielenfleth;Gemeinde Hollern-Twielenfleth;Landkreis Stade;Niedersachsen;033595406026;Gemeinde
Balje;Gemeinde Balje;Landkreis Stade;Niedersachsen;033595407004;Gemeinde
Wrestedt;Gemeinde Wrestedt;Landkreis Uelzen;Niedersachsen;033605408030;Gemeinde
Unterwössen;Gemeinde Unterwössen;Landkreis Traunstein;Bayern;091890160160;Gemeinde
Scheeßel;Gemeinde Scheeßel;Landkreis Rotenburg (Wümme);Niedersachsen;033570041041;Gemeinde
Holste;Gemeinde Holste;Landkreis Osterholz;Niedersachsen;033565401004;Gemeinde
Soest;Stadt Soest;Kreis Soest;Nordrhein-Westfalen;059740040040;Stadt
Gnarrenburg;Gemeinde Gnarrenburg;Landkreis Rotenburg (Wümme);Niedersachsen;033570016016;Gemeinde
Trimport;Gemeinde Trimport;Landkreis Eifelkreis Bitburg-Prüm;Rheinland-Pfalz;072325008126;Gemeinde
Hodenhagen;Gemeinde Hodenhagen;Landkreis Heidekreis;Niedersachsen;033585401014;Gemeinde
Osterburg (Altmark);Stadt Osterburg (Altmark);Landkreis Stendal;Sachsen-Anhalt;150900415415;Stadt
Ebersbach-Neugersdorf;Stadt Ebersbach-Neugersdorf;Landkreis Görlitz;Sachsen;146260085085;Stadt
Oppach;Gemeinde Oppach;Landkreis Görlitz;Sachsen;146265228410;Gemeinde
Schönbach;Gemeinde Schönbach;Landkreis Görlitz;Sachsen;146265224510;Gemeinde
Am Großen Bruch;Gemeinde Am Großen Bruch;Landkreis Börde;Sachsen-Anhalt;150835054025;Gemeinde
Rathmannsdorf;Gemeinde Rathmannsdorf;Landkreis Sächsische Schweiz-Osterzgebirge;Sachsen;146285204320;Gemeinde
Güsten;Stadt Güsten;Landkreis Salzlandkreis;Sachsen-Anhalt;150895052165;Stadt
Zülow;Gemeinde Zülow;Landkreis Ludwigslust-Parchim;Mecklenburg-Vorpommern;130765665163;Gemeinde
Spangenberg;Stadt Spangenberg;Landkreis Schwalm-Eder-Kreis;Hessen;066340024024;Stadt
Mügeln;Stadt Mügeln;Landkreis Nordsachsen;Sachsen;147300200200;Stadt
Müllenbach;Gemeinde Müllenbach;Landkreis Ahrweiler;Rheinland-Pfalz;071315001051;Gemeinde
Gottenheim;Gemeinde Gottenheim;Landkreis Breisgau-Hochschwarzwald;Baden-Württemberg;083155009043;Gemeinde
Dessau-Roßlau;Stadt Dessau-Roßlau;Kreisfreie Stadt Dessau-Roßlau;Sachsen-Anhalt;150010000000;Stadt
Leutesdorf;Gemeinde Leutesdorf;Landkreis Neuwied;Rheinland-Pfalz;071385002038;Gemeinde
Ebringen;Gemeinde Ebringen;Landkreis Breisgau-Hochschwarzwald;Baden-Württemberg;083155014028;Gemeinde
Sontheim an der Brenz;Gemeinde Sontheim an der Brenz;Landkreis Heidenheim;Baden-Württemberg;081355003031;Gemeinde
Lichtenau;Stadt Lichtenau;Landkreis Rastatt;Baden-Württemberg;082165006028;Stadt
Nübbel;Gemeinde Nübbel;Kreis Rendsburg-Eckernförde;Schleswig-Holstein;010585833118;Gemeinde
Schönbrunn;Gemeinde Schönbrunn;Landkreis Rhein-Neckar-Kreis;Baden-Württemberg;082265001081;Gemeinde
Helmstadt-Bargen;Gemeinde Helmstadt-Bargen;Landkreis Rhein-Neckar-Kreis;Baden-Württemberg;082265009106;Gemeinde
Althengstett;Gemeinde Althengstett;Landkreis Calw;Baden-Württemberg;082355002007;Gemeinde
Schuttertal;Gemeinde Schuttertal;Landkreis Ortenaukreis;Baden-Württemberg;083175011121;Gemeinde
Neulingen;Gemeinde Neulingen;Landkreis Enzkreis;Baden-Württemberg;082365006073;Gemeinde
Ötisheim;Gemeinde Ötisheim;Landkreis Enzkreis;Baden-Württemberg;082365004050;Gemeinde
Höfen an der Enz;Gemeinde Höfen an der Enz;Landkreis Calw;Baden-Württemberg;082355008035;Gemeinde
Schenkenzell;Gemeinde Schenkenzell;Landkreis Rottweil;Baden-Württemberg;083255004050;Gemeinde
Deißlingen;Gemeinde Deißlingen;Landkreis Rottweil;Baden-Württemberg;083255003072;Gemeinde
Herbolzheim;Stadt Herbolzheim;Landkreis Emmendingen;Baden-Württemberg;083165004017;Stadt
Bad Rippoldsau-Schapbach;Gemeinde Bad Rippoldsau-Schapbach;Landkreis Freudenstadt;Baden-Württemberg;082375002075;Gemeinde
Waldkirch;Stadt Waldkirch;Landkreis Emmendingen;Baden-Württemberg;083165006056;Stadt
Bahlingen am Kaiserstuhl;Gemeinde Bahlingen am Kaiserstuhl;Landkreis Emmendingen;Baden-Württemberg;083165005002;Gemeinde
Neuler;Gemeinde Neuler;Landkreis Ostalbkreis;Baden-Württemberg;081365003046;Gemeinde
Hambrücken;Gemeinde Hambrücken;Landkreis Karlsruhe;Baden-Württemberg;082155003029;Gemeinde
Kraichtal;Stadt Kraichtal;Landkreis Karlsruhe;Baden-Württemberg;082150097097;Stadt
Bruchsal;Stadt Bruchsal;Landkreis Karlsruhe;Baden-Württemberg;082155003009;Stadt
Scheidegg;Gemeinde Scheidegg;Landkreis Lindau (Bodensee);Bayern;097760125125;Gemeinde
Schwangau;Gemeinde Schwangau;Landkreis Ostallgäu;Bayern;097770169169;Gemeinde
Pforzen;Gemeinde Pforzen;Landkreis Ostallgäu;Bayern;097775749158;Gemeinde
Grapzow;Gemeinde Grapzow;Landkreis Mecklenburgische Seenplatte;Mecklenburg-Vorpommern;130715163049;Gemeinde
Mühlhausen-Ehingen;Gemeinde Mühlhausen-Ehingen;Landkreis Konstanz;Baden-Württemberg;083355001097;Gemeinde
Häg-Ehrsberg;Gemeinde Häg-Ehrsberg;Landkreis Lörrach;Baden-Württemberg;083365009106;Gemeinde
Beggerow;Gemeinde Beggerow;Landkreis Mecklenburgische Seenplatte;Mecklenburg-Vorpommern;130715151008;Gemeinde
Lindenberg;Gemeinde Lindenberg;Landkreis Mecklenburgische Seenplatte;Mecklenburg-Vorpommern;130715151089;Gemeinde
Murg;Gemeinde Murg;Landkreis Waldshut;Baden-Württemberg;083375005076;Gemeinde
Hohenstein;Gemeinde Hohenstein;Landkreis Reutlingen;Baden-Württemberg;084155001090;Gemeinde
Heldenstein;Gemeinde Heldenstein;Landkreis Mühldorf a.Inn;Bayern;091835145120;Gemeinde
Zwiefalten;Gemeinde Zwiefalten;Landkreis Reutlingen;Baden-Württemberg;084155006085;Gemeinde
Neverin;Gemeinde Neverin;Landkreis Mecklenburgische Seenplatte;Mecklenburg-Vorpommern;130715157111;Gemeinde
Bodelshausen;Gemeinde Bodelshausen;Landkreis Tübingen;Baden-Württemberg;084165002006;Gemeinde
Dormettingen;Gemeinde Dormettingen;Landkreis Zollernalbkreis;Baden-Württemberg;084175006015;Gemeinde
Berghülen;Gemeinde Berghülen;Landkreis Alb-Donau-Kreis;Baden-Württemberg;084255002017;Gemeinde
Dietenheim;Stadt Dietenheim;Landkreis Alb-Donau-Kreis;Baden-Württemberg;084255003028;Stadt
Holzkirch;Gemeinde Holzkirch;Landkreis Alb-Donau-Kreis;Baden-Württemberg;084255008062;Gemeinde
Griesingen;Gemeinde Griesingen;Landkreis Alb-Donau-Kreis;Baden-Württemberg;084255005050;Gemeinde
Nerenstetten;Gemeinde Nerenstetten;Landkreis Alb-Donau-Kreis;Baden-Württemberg;084255008085;Gemeinde
Eberhardzell;Gemeinde Eberhardzell;Landkreis Biberach;Baden-Württemberg;084265003038;Gemeinde
Uhldingen-Mühlhofen;Gemeinde Uhldingen-Mühlhofen;Landkreis Bodenseekreis;Baden-Württemberg;084355004066;Gemeinde
Sulzbach/Saar;Stadt Sulzbach/Saar;Landkreis Regionalverband Saarbrücken;Saarland;100410518518;Stadt
Rögling;Gemeinde Rögling;Landkreis Donau-Ries;Bayern;097795724206;Gemeinde
Struckum;Gemeinde Struckum;Kreis Nordfriesland;Schleswig-Holstein;010545494128;Gemeinde
Arkebek;Gemeinde Arkebek;Kreis Dithmarschen;Schleswig-Holstein;010515175002;Gemeinde
Wiemerstedt;Gemeinde Wiemerstedt;Kreis Dithmarschen;Schleswig-Holstein;010515169133;Gemeinde
Quedlinburg;Stadt Quedlinburg;Landkreis Harz;Sachsen-Anhalt;150850235235;Stadt
Dirlewang;Gemeinde Dirlewang;Landkreis Unterallgäu;Bayern;097785766127;Gemeinde
Ederheim;Gemeinde Ederheim;Landkreis Donau-Ries;Bayern;097795722136;Gemeinde
Missen-Wilhams;Gemeinde Missen-Wilhams;Landkreis Oberallgäu;Bayern;097805745127;Gemeinde
Perl;Gemeinde Perl;Landkreis Merzig-Wadern;Saarland;100420115115;Gemeinde
Märkisch Luch;Gemeinde Märkisch Luch;Landkreis Havelland;Brandenburg;120635306186;Gemeinde
Kettershausen;Gemeinde Kettershausen;Landkreis Unterallgäu;Bayern;097785758221;Gemeinde
Walchum;Gemeinde Walchum;Landkreis Emsland;Niedersachsen;034545401056;Gemeinde
Badem;Gemeinde Badem;Landkreis Eifelkreis Bitburg-Prüm;Rheinland-Pfalz;072325008007;Gemeinde
Ferschweiler;Gemeinde Ferschweiler;Landkreis Eifelkreis Bitburg-Prüm;Rheinland-Pfalz;072325005037;Gemeinde
Nasingen;Gemeinde Nasingen;Landkreis Eifelkreis Bitburg-Prüm;Rheinland-Pfalz;072325005085;Gemeinde
Bausendorf;Gemeinde Bausendorf;Landkreis Bernkastel-Wittlich;Rheinland-Pfalz;072315009004;Gemeinde
Königsfeld;Gemeinde Königsfeld;Landkreis Ahrweiler;Rheinland-Pfalz;071315004041;Gemeinde
Goddert;Gemeinde Goddert;Landkreis Westerwaldkreis;Rheinland-Pfalz;071435007022;Gemeinde
Hellenthal;Gemeinde Hellenthal;Kreis Euskirchen;Nordrhein-Westfalen;053660020020;Gemeinde
Ransweiler;Gemeinde Ransweiler;Landkreis Donnersbergkreis;Rheinland-Pfalz;073335007061;Gemeinde
Berzhausen;Gemeinde Berzhausen;Landkreis Altenkirchen (Westerwald);Rheinland-Pfalz;071325010005;Gemeinde
Misselberg;Gemeinde Misselberg;Landkreis Rhein-Lahn-Kreis;Rheinland-Pfalz;071415010087;Gemeinde
Sefferweich;Gemeinde Sefferweich;Landkreis Eifelkreis Bitburg-Prüm;Rheinland-Pfalz;072325008120;Gemeinde
Vollburg;Gemeindefreies Gebiet Vollburg;Landkreis Schweinfurt;Bayern;096789456456;Gemeindefreies Gebiet
Ehringshausen;Gemeinde Ehringshausen;Landkreis Lahn-Dill-Kreis;Hessen;065320008008;Gemeinde
Kasel;Gemeinde Kasel;Landkreis Trier-Saarburg;Rheinland-Pfalz;072355004056;Gemeinde
Neulußheim;Gemeinde Neulußheim;Landkreis Rhein-Neckar-Kreis;Baden-Württemberg;082265004059;Gemeinde
München;Stadt München;Kreisfreie Stadt München;Bayern;091620000000;Stadt
Mittenwald;Gemeinde Mittenwald;Landkreis Garmisch-Partenkirchen;Bayern;091800123123;Gemeinde
Ottobrunn;Gemeinde Ottobrunn;Landkreis München;Bayern;091840136136;Gemeinde
Harmsdorf;Gemeinde Harmsdorf;Kreis Herzogtum Lauenburg;Schleswig-Holstein;010535358051;Gemeinde
Wurster Nordseeküste;Gemeinde Wurster Nordseeküste;Landkreis Cuxhaven;Niedersachsen;033520061061;Gemeinde
Leezdorf;Gemeinde Leezdorf;Landkreis Aurich;Niedersachsen;034525401015;Gemeinde
Moormerland;Gemeinde Moormerland;Landkreis Leer;Niedersachsen;034570014014;Gemeinde
Wuppertal;Stadt Wuppertal;Kreisfreie Stadt Wuppertal;Nordrhein-Westfalen;051240000000;Stadt
Landscheid;Gemeinde Landscheid;Landkreis Bernkastel-Wittlich;Rheinland-Pfalz;072315008503;Gemeinde
Bräunlingen;Stadt Bräunlingen;Landkreis Schwarzwald-Baar-Kreis;Baden-Württemberg;083265001006;Stadt
Reichenau;Gemeinde Reichenau;Landkreis Konstanz;Baden-Württemberg;083355004066;Gemeinde
Breitenberg;Gemeinde Breitenberg;Landkreis Passau;Bayern;092750118118;Gemeinde
Niederbösa;Gemeinde Niederbösa;Landkreis Kyffhäuserkreis;Thüringen;160655002048;Gemeinde
Marienwerder;Gemeinde Marienwerder;Landkreis Barnim;Brandenburg;120605003154;Gemeinde
Zossen;Stadt Zossen;Landkreis Teltow-Fläming;Brandenburg;120720477477;Stadt
Ettersburg;Gemeinde Ettersburg;Landkreis Weimarer Land;Thüringen;160715053017;Gemeinde
Torgau;Stadt Torgau;Landkreis Nordsachsen;Sachsen;147305311310;Stadt
Remptendorf;Gemeinde Remptendorf;Landkreis Saale-Orla-Kreis;Thüringen;160750134134;Gemeinde
Nobitz;Gemeinde Nobitz;Landkreis Altenburger Land;Thüringen;160775051036;Gemeinde
Wiesenfelden;Gemeinde Wiesenfelden;Landkreis Straubing-Bogen;Bayern;092780197197;Gemeinde
Groß Pankow (Prignitz);Gemeinde Groß Pankow (Prignitz);Landkreis Prignitz;Brandenburg;120700125125;Gemeinde
Wesenberg;Stadt Wesenberg;Landkreis Mecklenburgische Seenplatte;Mecklenburg-Vorpommern;130715155159;Stadt
Groß Stieten;Gemeinde Groß Stieten;Landkreis Nordwestmecklenburg;Mecklenburg-Vorpommern;130745451030;Gemeinde
Kröslin;Gemeinde Kröslin;Landkreis Vorpommern-Greifswald;Mecklenburg-Vorpommern;130755557069;Gemeinde
Usedom;Stadt Usedom;Landkreis Vorpommern-Greifswald;Mecklenburg-Vorpommern;130755562137;Stadt
Wittenberg;Stadt Wittenberg;Landkreis Wittenberg;Sachsen-Anhalt;150910375375;Stadt
Bischofroda;Gemeinde Bischofroda;Landkreis Wartburgkreis;Thüringen;160635006008;Gemeinde
Munderkingen;Stadt Munderkingen;Landkreis Alb-Donau-Kreis;Baden-Württemberg;084255010081;Stadt
Schwaförden;Gemeinde Schwaförden;Landkreis Diepholz;Niedersachsen;032515406032;Gemeinde
Deensen;Gemeinde Deensen;Landkreis Holzminden;Niedersachsen;032555409007;Gemeinde
Halle;Gemeinde Halle;Landkreis Grafschaft Bentheim;Niedersachsen;034565404008;Gemeinde
Bawinkel;Gemeinde Bawinkel;Landkreis Emsland;Niedersachsen;034545405002;Gemeinde
Marisfeld;Gemeinde Marisfeld;Landkreis Hildburghausen;Thüringen;160695002028;Gemeinde
Warpe;Gemeinde Warpe;Landkreis Nienburg (Weser);Niedersachsen;032565409035;Gemeinde
Peissen;Gemeinde Peissen;Kreis Steinburg;Schleswig-Holstein;010615138084;Gemeinde
Hadenfeld;Gemeinde Hadenfeld;Kreis Steinburg;Schleswig-Holstein;010615168033;Gemeinde
Winseldorf;Gemeinde Winseldorf;Kreis Steinburg;Schleswig-Holstein;010615138114;Gemeinde
Rethwisch;Gemeinde Rethwisch;Kreis Steinburg;Schleswig-Holstein;010615153092;Gemeinde
Rade;Gemeinde Rade;Kreis Steinburg;Schleswig-Holstein;010615189089;Gemeinde
Oberwörresbach;Gemeinde Oberwörresbach;Landkreis Birkenfeld;Rheinland-Pfalz;071345005067;Gemeinde
Hamm (Sieg);Gemeinde Hamm (Sieg);Landkreis Altenkirchen (Westerwald);Rheinland-Pfalz;071325006044;Gemeinde
Obererbach (Westerwald);Gemeinde Obererbach (Westerwald);Landkreis Altenkirchen (Westerwald);Rheinland-Pfalz;071325010081;Gemeinde
Peterslahr;Gemeinde Peterslahr;Landkreis Altenkirchen (Westerwald);Rheinland-Pfalz;071325010089;Gemeinde
Fürstenau;Stadt Fürstenau;Landkreis Osnabrück;Niedersachsen;034595403017;Stadt
Orfgen;Gemeinde Orfgen;Landkreis Altenkirchen (Westerwald);Rheinland-Pfalz;071325010088;Gemeinde
Pleckhausen;Gemeinde Pleckhausen;Landkreis Altenkirchen (Westerwald);Rheinland-Pfalz;071325010090;Gemeinde
Kaarst;Stadt Kaarst;Kreis Rhein-Kreis Neuss;Nordrhein-Westfalen;051620016016;Stadt
Hambuch;Gemeinde Hambuch;Landkreis Cochem-Zell;Rheinland-Pfalz;071355002038;Gemeinde
Neidlingen;Gemeinde Neidlingen;Landkreis Esslingen;Baden-Württemberg;081165008043;Gemeinde
Hainfeld;Gemeinde Hainfeld;Landkreis Südliche Weinstraße;Rheinland-Pfalz;073375003036;Gemeinde
Frestedt;Gemeinde Frestedt;Kreis Dithmarschen;Schleswig-Holstein;010515163032;Gemeinde
Offenbach an der Queich;Gemeinde Offenbach an der Queich;Landkreis Südliche Weinstraße;Rheinland-Pfalz;073375007061;Gemeinde
Hanhofen;Gemeinde Hanhofen;Landkreis Rhein-Pfalz-Kreis;Rheinland-Pfalz;073385007010;Gemeinde
Kleinbundenbach;Gemeinde Kleinbundenbach;Landkreis Südwestpfalz;Rheinland-Pfalz;073405008213;Gemeinde
Knopp-Labach;Gemeinde Knopp-Labach;Landkreis Südwestpfalz;Rheinland-Pfalz;073405009215;Gemeinde
Kindenheim;Gemeinde Kindenheim;Landkreis Bad Dürkheim;Rheinland-Pfalz;073325007029;Gemeinde
Iffezheim;Gemeinde Iffezheim;Landkreis Rastatt;Baden-Württemberg;082165005023;Gemeinde
Bechtheim;Gemeinde Bechtheim;Landkreis Alzey-Worms;Rheinland-Pfalz;073315007006;Gemeinde
Klein Offenseth-Sparrieshoop;Gemeinde Klein Offenseth-Sparrieshoop;Kreis Pinneberg;Schleswig-Holstein;010565616030;Gemeinde
Bargstedt;Gemeinde Bargstedt;Kreis Rendsburg-Eckernförde;Schleswig-Holstein;010585864011;Gemeinde
Eisingen;Gemeinde Eisingen;Landkreis Enzkreis;Baden-Württemberg;082365002011;Gemeinde
Langwieden;Gemeinde Langwieden;Landkreis Kaiserslautern;Rheinland-Pfalz;073355001202;Gemeinde
Lambsborn;Gemeinde Lambsborn;Landkreis Kaiserslautern;Rheinland-Pfalz;073355001201;Gemeinde
Buch;Gemeinde Buch;Landkreis Rhein-Lahn-Kreis;Rheinland-Pfalz;071415007019;Gemeinde
Eschbach;Gemeinde Eschbach;Landkreis Rhein-Lahn-Kreis;Rheinland-Pfalz;071415007040;Gemeinde
Fronhofen;Gemeinde Fronhofen;Landkreis Rhein-Hunsrück-Kreis;Rheinland-Pfalz;071405008039;Gemeinde
Pohl;Gemeinde Pohl;Landkreis Rhein-Lahn-Kreis;Rheinland-Pfalz;071415010111;Gemeinde
Rathsweiler;Gemeinde Rathsweiler;Landkreis Kusel;Rheinland-Pfalz;073365010081;Gemeinde
Schwetzingen;Stadt Schwetzingen;Landkreis Rhein-Neckar-Kreis;Baden-Württemberg;082260084084;Stadt
Hefersweiler;Gemeinde Hefersweiler;Landkreis Kusel;Rheinland-Pfalz;073365008036;Gemeinde
Quirnbach/Pfalz;Gemeinde Quirnbach/Pfalz;Landkreis Kusel;Rheinland-Pfalz;073365009501;Gemeinde
Krottelbach;Gemeinde Krottelbach;Landkreis Kusel;Rheinland-Pfalz;073365009054;Gemeinde
Waldmohr;Stadt Waldmohr;Landkreis Kusel;Rheinland-Pfalz;073365009102;Stadt
Fehl-Ritzhausen;Gemeinde Fehl-Ritzhausen;Landkreis Westerwaldkreis;Rheinland-Pfalz;071435001222;Gemeinde
Jonsdorf;Gemeinde Jonsdorf;Landkreis Görlitz;Sachsen;146265227210;Gemeinde
Musweiler;Gemeinde Musweiler;Landkreis Bernkastel-Wittlich;Rheinland-Pfalz;072315008091;Gemeinde
Wehretal;Gemeinde Wehretal;Landkreis Werra-Meißner-Kreis;Hessen;066360014014;Gemeinde
Wimbach;Gemeinde Wimbach;Landkreis Ahrweiler;Rheinland-Pfalz;071315001084;Gemeinde
Vettelschoß;Gemeinde Vettelschoß;Landkreis Neuwied;Rheinland-Pfalz;071385004075;Gemeinde
Brieden;Gemeinde Brieden;Landkreis Cochem-Zell;Rheinland-Pfalz;071355002014;Gemeinde
Wirfus;Gemeinde Wirfus;Landkreis Cochem-Zell;Rheinland-Pfalz;071355001090;Gemeinde
Markt Bibart;Gemeinde Markt Bibart;Landkreis Neustadt a.d.Aisch-Bad Windsheim;Bayern;095755518144;Gemeinde
Uffenheim;Stadt Uffenheim;Landkreis Neustadt a.d.Aisch-Bad Windsheim;Bayern;095755519168;Stadt
Steffenshagen;Gemeinde Steffenshagen;Landkreis Rostock;Mecklenburg-Vorpommern;130725251099;Gemeinde
Finkenthal;Gemeinde Finkenthal;Landkreis Rostock;Mecklenburg-Vorpommern;130725254031;Gemeinde
Glasewitz;Gemeinde Glasewitz;Landkreis Rostock;Mecklenburg-Vorpommern;130725255033;Gemeinde
Poseritz;Gemeinde Poseritz;Landkreis Vorpommern-Rügen;Mecklenburg-Vorpommern;130735353065;Gemeinde
Vorra;Gemeinde Vorra;Landkreis Nürnberger Land;Bayern;095745527161;Gemeinde
Schrum;Gemeinde Schrum;Kreis Dithmarschen;Schleswig-Holstein;010515175104;Gemeinde
Büsum;Gemeinde Büsum;Kreis Dithmarschen;Schleswig-Holstein;010515178013;Gemeinde
Traunreut;Stadt Traunreut;Landkreis Traunstein;Bayern;091890154154;Stadt
Strasburg (Uckermark);Stadt Strasburg (Uckermark);Landkreis Vorpommern-Greifswald;Mecklenburg-Vorpommern;130750130130;Stadt
Hinterschmiding;Gemeinde Hinterschmiding;Landkreis Freyung-Grafenau;Bayern;092725212126;Gemeinde
Lengenfeld;Stadt Lengenfeld;Landkreis Vogtlandkreis;Sachsen;145230170170;Stadt
Gerolzhofen;Stadt Gerolzhofen;Landkreis Schweinfurt;Bayern;096785642134;Stadt
Annathaler Wald;Gemeindefreies Gebiet Annathaler Wald;Landkreis Freyung-Grafenau;Bayern;092729451451;Gemeindefreies Gebiet
Antdorf;Gemeinde Antdorf;Landkreis Weilheim-Schongau;Bayern;091905176113;Gemeinde
Sindelsdorf;Gemeinde Sindelsdorf;Landkreis Weilheim-Schongau;Bayern;091905176153;Gemeinde
Auerbach;Gemeinde Auerbach;Landkreis Deggendorf;Bayern;092710113113;Gemeinde
Deggendorf;Stadt Deggendorf;Landkreis Deggendorf;Bayern;092710119119;Stadt
Bobitz;Gemeinde Bobitz;Landkreis Nordwestmecklenburg;Mecklenburg-Vorpommern;130745451008;Gemeinde
Plattling;Stadt Plattling;Landkreis Deggendorf;Bayern;092710146146;Stadt
Züsow;Gemeinde Züsow;Landkreis Nordwestmecklenburg;Mecklenburg-Vorpommern;130745457091;Gemeinde
Nadrensee;Gemeinde Nadrensee;Landkreis Vorpommern-Greifswald;Mecklenburg-Vorpommern;130755556095;Gemeinde
Schlichtenberger Wald;Gemeindefreies Gebiet Schlichtenberger Wald;Landkreis Freyung-Grafenau;Bayern;092729460460;Gemeindefreies Gebiet
Kumhausen;Gemeinde Kumhausen;Landkreis Landshut;Bayern;092740146146;Gemeinde
Boldekow;Gemeinde Boldekow;Landkreis Vorpommern-Greifswald;Mecklenburg-Vorpommern;130755553015;Gemeinde
Aiglsbach;Gemeinde Aiglsbach;Landkreis Kelheim;Bayern;092735219113;Gemeinde
Medow;Gemeinde Medow;Landkreis Vorpommern-Greifswald;Mecklenburg-Vorpommern;130755553088;Gemeinde
Bad Füssing;Gemeinde Bad Füssing;Landkreis Passau;Bayern;092750116116;Gemeinde
Aidenbach;Gemeinde Aidenbach;Landkreis Passau;Bayern;092755232112;Gemeinde
Julbach;Gemeinde Julbach;Landkreis Rottal-Inn;Bayern;092770127127;Gemeinde
Krummesse;Gemeinde Krummesse;Kreis Herzogtum Lauenburg;Schleswig-Holstein;010535308075;Gemeinde
Malgersdorf;Gemeinde Malgersdorf;Landkreis Rottal-Inn;Bayern;092775239131;Gemeinde
Geratskirchen;Gemeinde Geratskirchen;Landkreis Rottal-Inn;Bayern;092775240122;Gemeinde
Escheburg;Gemeinde Escheburg;Kreis Herzogtum Lauenburg;Schleswig-Holstein;010535323028;Gemeinde
Gottfrieding;Gemeinde Gottfrieding;Landkreis Dingolfing-Landau;Bayern;092795208116;Gemeinde
Freihung;Gemeinde Freihung;Landkreis Amberg-Sulzbach;Bayern;093710121121;Gemeinde
Giesensdorf;Gemeinde Giesensdorf;Kreis Herzogtum Lauenburg;Schleswig-Holstein;010535358033;Gemeinde
Fredeburg;Gemeinde Fredeburg;Kreis Herzogtum Lauenburg;Schleswig-Holstein;010535358030;Gemeinde
Sankt Englmar;Gemeinde Sankt Englmar;Landkreis Straubing-Bogen;Bayern;092780184184;Gemeinde
Bad Kötzting;Stadt Bad Kötzting;Landkreis Cham;Bayern;093720137137;Stadt
Lauter;Gemeinde Lauter;Landkreis Bamberg;Bayern;094715401152;Gemeinde
Parsberg;Stadt Parsberg;Landkreis Neumarkt i.d.OPf.;Bayern;093730151151;Stadt
Seubersdorf i.d.OPf.;Gemeinde Seubersdorf i.d.OPf.;Landkreis Neumarkt i.d.OPf.;Bayern;093730160160;Gemeinde
Eslarn;Gemeinde Eslarn;Landkreis Neustadt a.d.Waldnaab;Bayern;093740118118;Gemeinde
Schmilau;Gemeinde Schmilau;Kreis Herzogtum Lauenburg;Schleswig-Holstein;010535358110;Gemeinde
Deuerling;Gemeinde Deuerling;Landkreis Regensburg;Bayern;093755333127;Gemeinde
Kohlberg;Gemeinde Kohlberg;Landkreis Neustadt a.d.Waldnaab;Bayern;093745325131;Gemeinde
Fensterbach;Gemeinde Fensterbach;Landkreis Schwandorf;Bayern;093760125125;Gemeinde
Simonsberg;Gemeinde Simonsberg;Kreis Nordfriesland;Schleswig-Holstein;010545492120;Gemeinde
Bülow;Gemeinde Bülow;Landkreis Ludwigslust-Parchim;Mecklenburg-Vorpommern;130765668023;Gemeinde
Alfeld;Gemeinde Alfeld;Landkreis Nürnberger Land;Bayern;095745528111;Gemeinde
Falkenberg;Gemeinde Falkenberg;Landkreis Tirschenreuth;Bayern;093775351117;Gemeinde
Groß Kiesow;Gemeinde Groß Kiesow;Landkreis Vorpommern-Greifswald;Mecklenburg-Vorpommern;130755563041;Gemeinde
Zierzow;Gemeinde Zierzow;Landkreis Ludwigslust-Parchim;Mecklenburg-Vorpommern;130765657161;Gemeinde
Ganzlin;Gemeinde Ganzlin;Landkreis Ludwigslust-Parchim;Mecklenburg-Vorpommern;130765663166;Gemeinde
Reichstädt;Gemeinde Reichstädt;Landkreis Greiz;Thüringen;160765008059;Gemeinde
Teichwitz;Gemeinde Teichwitz;Landkreis Greiz;Thüringen;160765004074;Gemeinde
Seelingstädt;Gemeinde Seelingstädt;Landkreis Greiz;Thüringen;160765004069;Gemeinde
Schondorf am Ammersee;Gemeinde Schondorf am Ammersee;Landkreis Landsberg am Lech;Bayern;091815143139;Gemeinde
Sachsenkam;Gemeinde Sachsenkam;Landkreis Bad Tölz-Wolfratshausen;Bayern;091735109141;Gemeinde
Niederbreitbach;Gemeinde Niederbreitbach;Landkreis Neuwied;Rheinland-Pfalz;071385009047;Gemeinde
Schieder-Schwalenberg;Stadt Schieder-Schwalenberg;Kreis Lippe;Nordrhein-Westfalen;057660060060;Stadt
Ziethen;Gemeinde Ziethen;Kreis Herzogtum Lauenburg;Schleswig-Holstein;010535358136;Gemeinde
Stadland;Gemeinde Stadland;Landkreis Wesermarsch;Niedersachsen;034610009009;Gemeinde
Raumbach;Gemeinde Raumbach;Landkreis Bad Kreuznach;Rheinland-Pfalz;071335010081;Gemeinde
Hilter am Teutoburger Wald;Gemeinde Hilter am Teutoburger Wald;Landkreis Osnabrück;Niedersachsen;034590022022;Gemeinde
Seesbach;Gemeinde Seesbach;Landkreis Bad Kreuznach;Rheinland-Pfalz;071335010094;Gemeinde
Dickenschied;Gemeinde Dickenschied;Landkreis Rhein-Hunsrück-Kreis;Rheinland-Pfalz;071405004028;Gemeinde
Schotten;Stadt Schotten;Landkreis Vogelsbergkreis;Hessen;065350016016;Stadt
Kalkar;Stadt Kalkar;Kreis Kleve;Nordrhein-Westfalen;051540024024;Stadt
Straelen;Stadt Straelen;Kreis Kleve;Nordrhein-Westfalen;051540052052;Stadt
Neunkirchen;Gemeinde Neunkirchen;Landkreis Westerwaldkreis;Rheinland-Pfalz;071435006271;Gemeinde
Oelsnitz/Vogtl.;Stadt Oelsnitz/Vogtl.;Landkreis Vogtlandkreis;Sachsen;145235122300;Stadt
Meckenheim;Stadt Meckenheim;Kreis Rhein-Sieg-Kreis;Nordrhein-Westfalen;053820032032;Stadt
Laudert;Gemeinde Laudert;Landkreis Rhein-Hunsrück-Kreis;Rheinland-Pfalz;071405009080;Gemeinde
Heek;Gemeinde Heek;Kreis Borken;Nordrhein-Westfalen;055540024024;Gemeinde
Hürtgenwald;Gemeinde Hürtgenwald;Kreis Düren;Nordrhein-Westfalen;053580016016;Gemeinde
Nideggen;Stadt Nideggen;Kreis Düren;Nordrhein-Westfalen;053580044044;Stadt
Zehnhausen bei Wallmerod;Gemeinde Zehnhausen bei Wallmerod;Landkreis Westerwaldkreis;Rheinland-Pfalz;071435008316;Gemeinde
Herschbach;Gemeinde Herschbach;Landkreis Westerwaldkreis;Rheinland-Pfalz;071435007029;Gemeinde
Marienheide;Gemeinde Marienheide;Kreis Oberbergischer Kreis;Nordrhein-Westfalen;053740024024;Gemeinde
Gütersloh;Stadt Gütersloh;Kreis Gütersloh;Nordrhein-Westfalen;057540008008;Stadt
Oberkail;Gemeinde Oberkail;Landkreis Eifelkreis Bitburg-Prüm;Rheinland-Pfalz;072325008282;Gemeinde
Fichtelberg;Gemeinde Fichtelberg;Landkreis Bayreuth;Bayern;094720138138;Gemeinde
Gneus;Gemeinde Gneus;Landkreis Saale-Holzland-Kreis;Thüringen;160745007024;Gemeinde
Roth bei Prüm;Gemeinde Roth bei Prüm;Landkreis Eifelkreis Bitburg-Prüm;Rheinland-Pfalz;072325006302;Gemeinde
Großbockedra;Gemeinde Großbockedra;Landkreis Saale-Holzland-Kreis;Thüringen;160745007029;Gemeinde
Oerlinghausen;Stadt Oerlinghausen;Kreis Lippe;Nordrhein-Westfalen;057660056056;Stadt
Rittersheim;Gemeinde Rittersheim;Landkreis Donnersbergkreis;Rheinland-Pfalz;073335004062;Gemeinde
Warmensteinach;Gemeinde Warmensteinach;Landkreis Bayreuth;Bayern;094720198198;Gemeinde
Warburg;Stadt Warburg;Kreis Höxter;Nordrhein-Westfalen;057620036036;Stadt
Gefell;Gemeinde Gefell;Landkreis Vulkaneifel;Rheinland-Pfalz;072335001025;Gemeinde
Itzgrund;Gemeinde Itzgrund;Landkreis Coburg;Bayern;094730138138;Gemeinde
Rohrbrunner Forst;Gemeindefreies Gebiet Rohrbrunner Forst;Landkreis Aschaffenburg;Bayern;096719456456;Gemeindefreies Gebiet
Neustadt b.Coburg;Stadt Neustadt b.Coburg;Landkreis Coburg;Bayern;094730151151;Stadt
Marktrodach;Gemeinde Marktrodach;Landkreis Kronach;Bayern;094760183183;Gemeinde
Bornstedt;Gemeinde Bornstedt;Landkreis Mansfeld-Südharz;Sachsen-Anhalt;150875052075;Gemeinde
Mücheln (Geiseltal);Stadt Mücheln (Geiseltal);Landkreis Saalekreis;Sachsen-Anhalt;150880235235;Stadt
Calbe (Saale);Stadt Calbe (Saale);Landkreis Salzlandkreis;Sachsen-Anhalt;150890055055;Stadt
Sparneck;Gemeinde Sparneck;Landkreis Hof;Bayern;094755432174;Gemeinde
Olsberg;Stadt Olsberg;Kreis Hochsauerlandkreis;Nordrhein-Westfalen;059580036036;Stadt
Herne;Stadt Herne;Kreisfreie Stadt Herne;Nordrhein-Westfalen;059160000000;Stadt
Hattingen;Stadt Hattingen;Kreis Ennepe-Ruhr-Kreis;Nordrhein-Westfalen;059540016016;Stadt
Babenhausen;Stadt Babenhausen;Landkreis Darmstadt-Dieburg;Hessen;064320002002;Stadt
Fischbachtal;Gemeinde Fischbachtal;Landkreis Darmstadt-Dieburg;Hessen;064320007007;Gemeinde
Einhausen;Gemeinde Einhausen;Landkreis Bergstraße;Hessen;064310006006;Gemeinde
Rathskirchen;Gemeinde Rathskirchen;Landkreis Donnersbergkreis;Rheinland-Pfalz;073335007201;Gemeinde
Finkenbach-Gersweiler;Gemeinde Finkenbach-Gersweiler;Landkreis Donnersbergkreis;Rheinland-Pfalz;073335007021;Gemeinde
Wickede (Ruhr);Gemeinde Wickede (Ruhr);Kreis Soest;Nordrhein-Westfalen;059740056056;Gemeinde
Kalkofen;Gemeinde Kalkofen;Landkreis Donnersbergkreis;Rheinland-Pfalz;073335007036;Gemeinde
Brücktal;Gemeinde Brücktal;Landkreis Vulkaneifel;Rheinland-Pfalz;072335004208;Gemeinde
Kaperich;Gemeinde Kaperich;Landkreis Vulkaneifel;Rheinland-Pfalz;072335004217;Gemeinde
Kelkheim (Taunus);Stadt Kelkheim (Taunus);Landkreis Main-Taunus-Kreis;Hessen;064360008008;Stadt
Nackenheim;Gemeinde Nackenheim;Landkreis Mainz-Bingen;Rheinland-Pfalz;073395002039;Gemeinde
Idstein;Stadt Idstein;Landkreis Rheingau-Taunus-Kreis;Hessen;064390008008;Stadt
Gau-Algesheim;Stadt Gau-Algesheim;Landkreis Mainz-Bingen;Rheinland-Pfalz;073395003019;Stadt
Linden;Stadt Linden;Landkreis Gießen;Hessen;065310012012;Stadt
Driedorf;Gemeinde Driedorf;Landkreis Lahn-Dill-Kreis;Hessen;065320007007;Gemeinde
Lahnau;Gemeinde Lahnau;Landkreis Lahn-Dill-Kreis;Hessen;065320015015;Gemeinde
Kirtorf;Stadt Kirtorf;Landkreis Vogelsbergkreis;Hessen;065350010010;Stadt
Rotenburg a.d.Fulda;Stadt Rotenburg a.d.Fulda;Landkreis Hersfeld-Rotenburg;Hessen;066320018018;Stadt
Espenau;Gemeinde Espenau;Landkreis Kassel;Hessen;066330007007;Gemeinde
Guttenberg;Gemeinde Guttenberg;Landkreis Kulmbach;Bayern;094775437118;Gemeinde
Aurach;Gemeinde Aurach;Landkreis Ansbach;Bayern;095710114114;Gemeinde
Bechhofen;Gemeinde Bechhofen;Landkreis Ansbach;Bayern;095710115115;Gemeinde
Flachslanden;Gemeinde Flachslanden;Landkreis Ansbach;Bayern;095710146146;Gemeinde
Buch a.Wald;Gemeinde Buch a.Wald;Landkreis Ansbach;Bayern;095715502125;Gemeinde
Mehna;Gemeinde Mehna;Landkreis Altenburger Land;Thüringen;160775005031;Gemeinde
Wörnitz;Gemeinde Wörnitz;Landkreis Ansbach;Bayern;095715502228;Gemeinde
Wilburgstetten;Gemeinde Wilburgstetten;Landkreis Ansbach;Bayern;095715508224;Gemeinde
Ensdorf;Gemeinde Ensdorf;Landkreis Saarlouis;Saarland;100440123123;Gemeinde
Alling;Gemeinde Alling;Landkreis Fürstenfeldbruck;Bayern;091790113113;Gemeinde
Schwaigen;Gemeinde Schwaigen;Landkreis Garmisch-Partenkirchen;Bayern;091805136131;Gemeinde
Apfeldorf;Gemeinde Apfeldorf;Landkreis Landsberg am Lech;Bayern;091815142111;Gemeinde
Norderwöhrden;Gemeinde Norderwöhrden;Kreis Dithmarschen;Schleswig-Holstein;010515172081;Gemeinde
Ellrich;Stadt Ellrich;Landkreis Nordhausen;Thüringen;160620005005;Stadt
Nottertal-Heilinger Höhen;Stadt Nottertal-Heilinger Höhen;Landkreis Unstrut-Hainich-Kreis;Thüringen;160645055077;Stadt
Parsteinsee;Gemeinde Parsteinsee;Landkreis Barnim;Brandenburg;120605011185;Gemeinde
Zella-Mehlis;Stadt Zella-Mehlis;Landkreis Schmalkalden-Meiningen;Thüringen;160660092092;Stadt
Stechow-Ferchesar;Gemeinde Stechow-Ferchesar;Landkreis Havelland;Brandenburg;120635306293;Gemeinde
Bruchstedt;Gemeinde Bruchstedt;Landkreis Unstrut-Hainich-Kreis;Thüringen;160645001009;Gemeinde
Straußfurt;Gemeinde Straußfurt;Landkreis Sömmerda;Thüringen;160685009053;Gemeinde
Nessetal;Gemeinde Nessetal;Landkreis Gotha;Thüringen;160675053091;Gemeinde
Riethnordhausen;Gemeinde Riethnordhausen;Landkreis Sömmerda;Thüringen;160685009044;Gemeinde
Buch;Gemeinde Buch;Landkreis Rhein-Hunsrück-Kreis;Rheinland-Pfalz;071405003021;Gemeinde
Charlottenberg;Gemeinde Charlottenberg;Landkreis Rhein-Lahn-Kreis;Rheinland-Pfalz;071415003021;Gemeinde
Nievern;Gemeinde Nievern;Landkreis Rhein-Lahn-Kreis;Rheinland-Pfalz;071415010098;Gemeinde
Malborn;Gemeinde Malborn;Landkreis Bernkastel-Wittlich;Rheinland-Pfalz;072315006079;Gemeinde
Elgersburg;Gemeinde Elgersburg;Landkreis Ilm-Kreis;Thüringen;160705002011;Gemeinde
Blankenhain;Stadt Blankenhain;Landkreis Weimarer Land;Thüringen;160710008008;Stadt
Goldisthal;Gemeinde Goldisthal;Landkreis Sonneberg;Thüringen;160725051006;Gemeinde
Kaulsdorf;Gemeinde Kaulsdorf;Landkreis Saalfeld-Rudolstadt;Thüringen;160735051038;Gemeinde
Aventoft;Gemeinde Aventoft;Kreis Nordfriesland;Schleswig-Holstein;010545489009;Gemeinde
Kasel-Golzig;Gemeinde Kasel-Golzig;Landkreis Dahme-Spreewald;Brandenburg;120615114244;Gemeinde
Röderland;Gemeinde Röderland;Landkreis Elbe-Elster;Brandenburg;120620410410;Gemeinde
Plessa;Gemeinde Plessa;Landkreis Elbe-Elster;Brandenburg;120625207372;Gemeinde
Velten;Stadt Velten;Landkreis Oberhavel;Brandenburg;120650332332;Stadt
Rippershausen;Gemeinde Rippershausen;Landkreis Schmalkalden-Meiningen;Thüringen;160665050056;Gemeinde
Oberbarnim;Gemeinde Oberbarnim;Landkreis Märkisch-Oderland;Brandenburg;120645408370;Gemeinde
Niedertaufkirchen;Gemeinde Niedertaufkirchen;Landkreis Mühldorf a.Inn;Bayern;091835152131;Gemeinde
Mettenheim;Gemeinde Mettenheim;Landkreis Mühldorf a.Inn;Bayern;091830127127;Gemeinde
Haimendorfer Forst;Gemeindefreies Gebiet Haimendorfer Forst;Landkreis Nürnberger Land;Bayern;095749458458;Gemeindefreies Gebiet
Dörpling;Gemeinde Dörpling;Kreis Dithmarschen;Schleswig-Holstein;010515169023;Gemeinde
Rövershagen;Gemeinde Rövershagen;Landkreis Rostock;Mecklenburg-Vorpommern;130725260088;Gemeinde
Norderheistedt;Gemeinde Norderheistedt;Kreis Dithmarschen;Schleswig-Holstein;010515169080;Gemeinde
Bernau a.Chiemsee;Gemeinde Bernau a.Chiemsee;Landkreis Rosenheim;Bayern;091870118118;Gemeinde
Beelitz;Stadt Beelitz;Landkreis Potsdam-Mittelmark;Brandenburg;120690017017;Stadt
Halenbeck-Rohlsdorf;Gemeinde Halenbeck-Rohlsdorf;Landkreis Prignitz;Brandenburg;120705006153;Gemeinde
Hilst;Gemeinde Hilst;Landkreis Südwestpfalz;Rheinland-Pfalz;073405003019;Gemeinde
Ellhofen;Gemeinde Ellhofen;Landkreis Heilbronn;Baden-Württemberg;081255014024;Gemeinde
Bondorf;Gemeinde Bondorf;Landkreis Böblingen;Baden-Württemberg;081155005004;Gemeinde
Altbach;Gemeinde Altbach;Landkreis Esslingen;Baden-Württemberg;081165006004;Gemeinde
Bermersheim vor der Höhe;Gemeinde Bermersheim vor der Höhe;Landkreis Alzey-Worms;Rheinland-Pfalz;073315001008;Gemeinde
Oberstenfeld;Gemeinde Oberstenfeld;Landkreis Ludwigsburg;Baden-Württemberg;081180060060;Gemeinde
Remseck am Neckar;Stadt Remseck am Neckar;Landkreis Ludwigsburg;Baden-Württemberg;081180081081;Stadt
Knittelsheim;Gemeinde Knittelsheim;Landkreis Germersheim;Rheinland-Pfalz;073345001014;Gemeinde
Lingenfeld;Gemeinde Lingenfeld;Landkreis Germersheim;Rheinland-Pfalz;073345005017;Gemeinde
Weingarten (Pfalz);Gemeinde Weingarten (Pfalz);Landkreis Germersheim;Rheinland-Pfalz;073345005032;Gemeinde
Manderscheid;Stadt Manderscheid;Landkreis Bernkastel-Wittlich;Rheinland-Pfalz;072315008080;Stadt
Niederscheidweiler;Gemeinde Niederscheidweiler;Landkreis Bernkastel-Wittlich;Rheinland-Pfalz;072315008096;Gemeinde
Oberschlettenbach;Gemeinde Oberschlettenbach;Landkreis Südliche Weinstraße;Rheinland-Pfalz;073375002060;Gemeinde
Hauptstuhl;Gemeinde Hauptstuhl;Landkreis Kaiserslautern;Rheinland-Pfalz;073355011012;Gemeinde
Edesheim;Gemeinde Edesheim;Landkreis Südliche Weinstraße;Rheinland-Pfalz;073375003021;Gemeinde
Arzfeld;Gemeinde Arzfeld;Landkreis Eifelkreis Bitburg-Prüm;Rheinland-Pfalz;072325001201;Gemeinde
Gondenbrett;Gemeinde Gondenbrett;Landkreis Eifelkreis Bitburg-Prüm;Rheinland-Pfalz;072325006227;Gemeinde
Hohenfels-Essingen;Gemeinde Hohenfels-Essingen;Landkreis Vulkaneifel;Rheinland-Pfalz;072335006033;Gemeinde
Newel;Gemeinde Newel;Landkreis Trier-Saarburg;Rheinland-Pfalz;072355007094;Gemeinde
Vierherrenborn;Gemeinde Vierherrenborn;Landkreis Trier-Saarburg;Rheinland-Pfalz;072355008140;Gemeinde
Norderfriedrichskoog;Gemeinde Norderfriedrichskoog;Kreis Nordfriesland;Schleswig-Holstein;010545417090;Gemeinde
Dahme;Gemeinde Dahme;Kreis Ostholstein;Schleswig-Holstein;010550010010;Gemeinde
Barmissen;Gemeinde Barmissen;Kreis Plön;Schleswig-Holstein;010575747002;Gemeinde
Reinbek;Stadt Reinbek;Kreis Stormarn;Schleswig-Holstein;010620060060;Stadt
Jembke;Gemeinde Jembke;Landkreis Gifhorn;Niedersachsen;031515401014;Gemeinde
Steinburg;Gemeinde Steinburg;Kreis Stormarn;Schleswig-Holstein;010625207091;Gemeinde
Neustadt in Holstein;Stadt Neustadt in Holstein;Kreis Ostholstein;Schleswig-Holstein;010550032032;Stadt
Stockelsdorf;Gemeinde Stockelsdorf;Kreis Ostholstein;Schleswig-Holstein;010550040040;Gemeinde
Pinneberg;Stadt Pinneberg;Kreis Pinneberg;Schleswig-Holstein;010560039039;Stadt
Kirchnüchel;Gemeinde Kirchnüchel;Kreis Plön;Schleswig-Holstein;010575727034;Gemeinde
Lütjenburg;Stadt Lütjenburg;Kreis Plön;Schleswig-Holstein;010575727048;Stadt
Pohnsdorf;Gemeinde Pohnsdorf;Kreis Plön;Schleswig-Holstein;010575747058;Gemeinde
Barsbek;Gemeinde Barsbek;Kreis Plön;Schleswig-Holstein;010575755003;Gemeinde
Bredenbek;Gemeinde Bredenbek;Kreis Rendsburg-Eckernförde;Schleswig-Holstein;010585803028;Gemeinde
Loose;Gemeinde Loose;Kreis Rendsburg-Eckernförde;Schleswig-Holstein;010585893099;Gemeinde
Marktsteft;Stadt Marktsteft;Landkreis Kitzingen;Bayern;096755618149;Stadt
Hürup;Gemeinde Hürup;Kreis Schleswig-Flensburg;Schleswig-Holstein;010595919126;Gemeinde
Tetenhusen;Gemeinde Tetenhusen;Kreis Schleswig-Flensburg;Schleswig-Holstein;010595996087;Gemeinde
Oberroßbach;Gemeinde Oberroßbach;Landkreis Westerwaldkreis;Rheinland-Pfalz;071435006283;Gemeinde
Uehrde;Gemeinde Uehrde;Landkreis Wolfenbüttel;Niedersachsen;031585407031;Gemeinde
Uphusum;Gemeinde Uphusum;Kreis Nordfriesland;Schleswig-Holstein;010545489142;Gemeinde
Hardegsen;Stadt Hardegsen;Landkreis Northeim;Niedersachsen;031550005005;Stadt
Wollershausen;Gemeinde Wollershausen;Landkreis Göttingen;Niedersachsen;031595402038;Gemeinde
Burglauer;Gemeinde Burglauer;Landkreis Rhön-Grabfeld;Bayern;096735635186;Gemeinde
Großbardorf;Gemeinde Großbardorf;Landkreis Rhön-Grabfeld;Bayern;096735634126;Gemeinde
Großeibstadt;Gemeinde Großeibstadt;Landkreis Rhön-Grabfeld;Bayern;096735640127;Gemeinde
Stettfeld;Gemeinde Stettfeld;Landkreis Haßberge;Bayern;096745610201;Gemeinde
Oechsen;Gemeinde Oechsen;Landkreis Wartburgkreis;Thüringen;160635059062;Gemeinde
Solnhofen;Gemeinde Solnhofen;Landkreis Weißenburg-Gunzenhausen;Bayern;095770168168;Gemeinde
Braak;Gemeinde Braak;Kreis Stormarn;Schleswig-Holstein;010625262011;Gemeinde
Zarpen;Gemeinde Zarpen;Kreis Stormarn;Schleswig-Holstein;010625244087;Gemeinde
Bad Brückenau;Stadt Bad Brückenau;Landkreis Bad Kissingen;Bayern;096720113113;Stadt
Heidenheim;Gemeinde Heidenheim;Landkreis Weißenburg-Gunzenhausen;Bayern;095775536140;Gemeinde
Ließem;Gemeinde Ließem;Landkreis Eifelkreis Bitburg-Prüm;Rheinland-Pfalz;072325008074;Gemeinde
Schwarme;Gemeinde Schwarme;Landkreis Diepholz;Niedersachsen;032515403033;Gemeinde
Asendorf;Gemeinde Asendorf;Landkreis Diepholz;Niedersachsen;032515403002;Gemeinde
Messerich;Gemeinde Messerich;Landkreis Eifelkreis Bitburg-Prüm;Rheinland-Pfalz;072325008079;Gemeinde
Ehrenburg;Gemeinde Ehrenburg;Landkreis Diepholz;Niedersachsen;032515406015;Gemeinde
Niederstedem;Gemeinde Niederstedem;Landkreis Eifelkreis Bitburg-Prüm;Rheinland-Pfalz;072325008091;Gemeinde
Schönwalde;Gemeinde Schönwalde;Landkreis Vorpommern-Greifswald;Mecklenburg-Vorpommern;130755560126;Gemeinde
Bröckel;Gemeinde Bröckel;Landkreis Celle;Niedersachsen;033515402005;Gemeinde
Fellen;Gemeinde Fellen;Landkreis Main-Spessart;Bayern;096775622128;Gemeinde
Kist;Gemeinde Kist;Landkreis Würzburg;Bayern;096795651154;Gemeinde
Walkertshofen;Gemeinde Walkertshofen;Landkreis Augsburg;Bayern;097725709214;Gemeinde
Kleinaitingen;Gemeinde Kleinaitingen;Landkreis Augsburg;Bayern;097725710160;Gemeinde
Gladbeck;Stadt Gladbeck;Kreis Recklinghausen;Nordrhein-Westfalen;055620014014;Stadt
Bleckede;Stadt Bleckede;Landkreis Lüneburg;Niedersachsen;033550009009;Stadt
Laugna;Gemeinde Laugna;Landkreis Dillingen a.d.Donau;Bayern;097735718143;Gemeinde
Ritterhude;Gemeinde Ritterhude;Landkreis Osterholz;Niedersachsen;033560008008;Gemeinde
Burtenbach;Gemeinde Burtenbach;Landkreis Günzburg;Bayern;097740122122;Gemeinde
Dürrlauingen;Gemeinde Dürrlauingen;Landkreis Günzburg;Bayern;097745728127;Gemeinde
Nersingen;Gemeinde Nersingen;Landkreis Neu-Ulm;Bayern;097750134134;Gemeinde
Nonnenhorn;Gemeinde Nonnenhorn;Landkreis Lindau (Bodensee);Bayern;097760120120;Gemeinde
Kirchberg an der Murr;Gemeinde Kirchberg an der Murr;Landkreis Rems-Murr-Kreis;Baden-Württemberg;081195001038;Gemeinde
Burgstetten;Gemeinde Burgstetten;Landkreis Rems-Murr-Kreis;Baden-Württemberg;081195001018;Gemeinde
Auenwald;Gemeinde Auenwald;Landkreis Rems-Murr-Kreis;Baden-Württemberg;081195001006;Gemeinde
Obergröningen;Gemeinde Obergröningen;Landkreis Ostalbkreis;Baden-Württemberg;081365005049;Gemeinde
Hemslingen;Gemeinde Hemslingen;Landkreis Rotenburg (Wümme);Niedersachsen;033575401025;Gemeinde
Helvesiek;Gemeinde Helvesiek;Landkreis Rotenburg (Wümme);Niedersachsen;033575402023;Gemeinde
Freiensteinau;Gemeinde Freiensteinau;Landkreis Vogelsbergkreis;Hessen;065350004004;Gemeinde
Hahnweiler;Gemeinde Hahnweiler;Landkreis Birkenfeld;Rheinland-Pfalz;071345001033;Gemeinde
Göda;Gemeinde Göda;Landkreis Bautzen;Sachsen;146250150150;Gemeinde
Wachau;Gemeinde Wachau;Landkreis Bautzen;Sachsen;146250600600;Gemeinde
Laußnitz;Gemeinde Laußnitz;Landkreis Bautzen;Sachsen;146255218300;Gemeinde
Nebelschütz;Gemeinde Nebelschütz;Landkreis Bautzen;Sachsen;146255501350;Gemeinde
Bernstadt a.d.Eigen;Stadt Bernstadt a.d.Eigen;Landkreis Görlitz;Sachsen;146265206030;Stadt
Ebersbach;Gemeinde Ebersbach;Landkreis Meißen;Sachsen;146270030030;Gemeinde
Mainhardt;Gemeinde Mainhardt;Landkreis Schwäbisch Hall;Baden-Württemberg;081270052052;Gemeinde
Klingenberg;Gemeinde Klingenberg;Landkreis Sächsische Schweiz-Osterzgebirge;Sachsen;146285230205;Gemeinde
Eichstedt (Altmark);Gemeinde Eichstedt (Altmark);Landkreis Stendal;Sachsen-Anhalt;150905051135;Gemeinde
Priestewitz;Gemeinde Priestewitz;Landkreis Meißen;Sachsen;146270200200;Gemeinde
Rabenau;Stadt Rabenau;Landkreis Sächsische Schweiz-Osterzgebirge;Sachsen;146280300300;Stadt
Wilsdruff;Stadt Wilsdruff;Landkreis Sächsische Schweiz-Osterzgebirge;Sachsen;146280410410;Stadt
Alsleben (Saale);Stadt Alsleben (Saale);Landkreis Salzlandkreis;Sachsen-Anhalt;150895052005;Stadt
Wittnau;Gemeinde Wittnau;Landkreis Breisgau-Hochschwarzwald;Baden-Württemberg;083155007125;Gemeinde
Otterwisch;Gemeinde Otterwisch;Landkreis Leipzig;Sachsen;147295301330;Gemeinde
Niedenstein;Stadt Niedenstein;Landkreis Schwalm-Eder-Kreis;Hessen;066340018018;Stadt
Rackwitz;Gemeinde Rackwitz;Landkreis Nordsachsen;Sachsen;147300250250;Gemeinde
Volkmarsen;Stadt Volkmarsen;Landkreis Waldeck-Frankenberg;Hessen;066350020020;Stadt
Niedere Börde;Gemeinde Niedere Börde;Landkreis Börde;Sachsen-Anhalt;150830390390;Gemeinde
Jübar;Gemeinde Jübar;Landkreis Altmarkkreis Salzwedel;Sachsen-Anhalt;150815051225;Gemeinde
Zörbig;Stadt Zörbig;Landkreis Anhalt-Bitterfeld;Sachsen-Anhalt;150820440440;Stadt
Frohburg;Stadt Frohburg;Landkreis Leipzig;Sachsen;147290140140;Stadt
Wolpertshausen;Gemeinde Wolpertshausen;Landkreis Schwäbisch Hall;Baden-Württemberg;081275005099;Gemeinde
Zielitz;Gemeinde Zielitz;Landkreis Börde;Sachsen-Anhalt;150835051580;Gemeinde
Harscheid;Gemeinde Harscheid;Landkreis Ahrweiler;Rheinland-Pfalz;071315001026;Gemeinde
Bopfingen;Stadt Bopfingen;Landkreis Ostalbkreis;Baden-Württemberg;081365002010;Stadt
Waldbrunn;Gemeinde Waldbrunn;Landkreis Neckar-Odenwald-Kreis;Baden-Württemberg;082255006118;Gemeinde
Reichartshausen;Gemeinde Reichartshausen;Landkreis Rhein-Neckar-Kreis;Baden-Württemberg;082265009066;Gemeinde
Laudenbach;Gemeinde Laudenbach;Landkreis Rhein-Neckar-Kreis;Baden-Württemberg;082265003040;Gemeinde
Sinsheim;Stadt Sinsheim;Landkreis Rhein-Neckar-Kreis;Baden-Württemberg;082265008085;Stadt
Staudach-Egerndach;Gemeinde Staudach-Egerndach;Landkreis Traunstein;Bayern;091895169146;Gemeinde
Zimmern ob Rottweil;Gemeinde Zimmern ob Rottweil;Landkreis Rottweil;Baden-Württemberg;083255003069;Gemeinde
Heimsheim;Stadt Heimsheim;Landkreis Enzkreis;Baden-Württemberg;082365001025;Stadt
Freudenstadt;Stadt Freudenstadt;Landkreis Freudenstadt;Baden-Württemberg;082375002028;Stadt
Merdingen;Gemeinde Merdingen;Landkreis Breisgau-Hochschwarzwald;Baden-Württemberg;083155002072;Gemeinde
Kenzingen;Stadt Kenzingen;Landkreis Emmendingen;Baden-Württemberg;083165004020;Stadt
Oberhausen-Rheinhausen;Gemeinde Oberhausen-Rheinhausen;Landkreis Karlsruhe;Baden-Württemberg;082155006107;Gemeinde
Lärz;Gemeinde Lärz;Landkreis Mecklenburgische Seenplatte;Mecklenburg-Vorpommern;130715159087;Gemeinde
Stiefenhofen;Gemeinde Stiefenhofen;Landkreis Lindau (Bodensee);Bayern;097765738127;Gemeinde
Ronsberg;Gemeinde Ronsberg;Landkreis Ostallgäu;Bayern;097770165165;Gemeinde
Merzdorf;Gemeinde Merzdorf;Landkreis Elbe-Elster;Brandenburg;120625211336;Gemeinde
Cölpin;Gemeinde Cölpin;Landkreis Mecklenburgische Seenplatte;Mecklenburg-Vorpommern;130715161026;Gemeinde
Ritzerow;Gemeinde Ritzerow;Landkreis Mecklenburgische Seenplatte;Mecklenburg-Vorpommern;130715162123;Gemeinde
Bidingen;Gemeinde Bidingen;Landkreis Ostallgäu;Bayern;097775752118;Gemeinde
Altenhagen;Gemeinde Altenhagen;Landkreis Mecklenburgische Seenplatte;Mecklenburg-Vorpommern;130715163002;Gemeinde
Untrasried;Gemeinde Untrasried;Landkreis Ostallgäu;Bayern;097775754176;Gemeinde
Triberg im Schwarzwald;Stadt Triberg im Schwarzwald;Landkreis Schwarzwald-Baar-Kreis;Baden-Württemberg;083265003060;Stadt
Bärenthal;Gemeinde Bärenthal;Landkreis Tuttlingen;Baden-Württemberg;083275001004;Gemeinde
Singen (Hohentwiel);Stadt Singen (Hohentwiel);Landkreis Konstanz;Baden-Württemberg;083355005075;Stadt
Hüttisheim;Gemeinde Hüttisheim;Landkreis Alb-Donau-Kreis;Baden-Württemberg;084255006064;Gemeinde
Todtmoos;Gemeinde Todtmoos;Landkreis Waldshut;Baden-Württemberg;083375006108;Gemeinde
Fünfseen;Gemeinde Fünfseen;Landkreis Mecklenburgische Seenplatte;Mecklenburg-Vorpommern;130715154036;Gemeinde
Schönbeck;Gemeinde Schönbeck;Landkreis Mecklenburgische Seenplatte;Mecklenburg-Vorpommern;130715164130;Gemeinde
Wulkenzin;Gemeinde Wulkenzin;Landkreis Mecklenburgische Seenplatte;Mecklenburg-Vorpommern;130715157166;Gemeinde
Tagmersheim;Gemeinde Tagmersheim;Landkreis Donau-Ries;Bayern;097795724217;Gemeinde
Obermarchtal;Gemeinde Obermarchtal;Landkreis Alb-Donau-Kreis;Baden-Württemberg;084255010090;Gemeinde
Allmannsweiler;Gemeinde Allmannsweiler;Landkreis Biberach;Baden-Württemberg;084265001006;Gemeinde
Attenweiler;Gemeinde Attenweiler;Landkreis Biberach;Baden-Württemberg;084265003011;Gemeinde
Bad Schussenried;Stadt Bad Schussenried;Landkreis Biberach;Baden-Württemberg;084265002014;Stadt
Hochdorf;Gemeinde Hochdorf;Landkreis Biberach;Baden-Württemberg;084265003058;Gemeinde
Dornstadt-Linkersbaindt;Gemeindefreies Gebiet Dornstadt-Linkersbaindt;Landkreis Donau-Ries;Bayern;097799452452;Gemeindefreies Gebiet
Betzigau;Gemeinde Betzigau;Landkreis Oberallgäu;Bayern;097800114114;Gemeinde
Wiesenaue;Gemeinde Wiesenaue;Landkreis Havelland;Brandenburg;120635302142;Gemeinde
Deggenhausertal;Gemeinde Deggenhausertal;Landkreis Bodenseekreis;Baden-Württemberg;084355003067;Gemeinde
Molauer Land;Gemeinde Molauer Land;Landkreis Burgenlandkreis;Sachsen-Anhalt;150845054341;Gemeinde
Megesheim;Gemeinde Megesheim;Landkreis Donau-Ries;Bayern;097795721180;Gemeinde
Tellingstedt;Gemeinde Tellingstedt;Kreis Dithmarschen;Schleswig-Holstein;010515169114;Gemeinde
Flensburg;Stadt Flensburg;Kreisfreie Stadt Flensburg;Schleswig-Holstein;010010000000;Stadt
Wattendorf;Gemeinde Wattendorf;Landkreis Bamberg;Bayern;094715403209;Gemeinde
Achberg;Gemeinde Achberg;Landkreis Ravensburg;Baden-Württemberg;084365007001;Gemeinde
Garching a.d.Alz;Gemeinde Garching a.d.Alz;Landkreis Altötting;Bayern;091710117117;Gemeinde
Amtzell;Gemeinde Amtzell;Landkreis Ravensburg;Baden-Württemberg;084365007006;Gemeinde
Tüßling;Gemeinde Tüßling;Landkreis Altötting;Bayern;091710133133;Gemeinde
Neitersen;Gemeinde Neitersen;Landkreis Altenkirchen (Westerwald);Rheinland-Pfalz;071325010502;Gemeinde
Thedinghausen;Gemeinde Thedinghausen;Landkreis Verden;Niedersachsen;033615401013;Gemeinde
Schöneberg;Gemeinde Schöneberg;Landkreis Altenkirchen (Westerwald);Rheinland-Pfalz;071325010099;Gemeinde
Frei-Laubersheim;Gemeinde Frei-Laubersheim;Landkreis Bad Kreuznach;Rheinland-Pfalz;071335001031;Gemeinde
Lindern (Oldenburg);Gemeinde Lindern (Oldenburg);Landkreis Cloppenburg;Niedersachsen;034530010010;Gemeinde
Molbergen;Gemeinde Molbergen;Landkreis Cloppenburg;Niedersachsen;034530012012;Gemeinde
Wallerstein;Gemeinde Wallerstein;Landkreis Donau-Ries;Bayern;097795720224;Gemeinde
Wiemersdorf;Gemeinde Wiemersdorf;Kreis Segeberg;Schleswig-Holstein;010605005099;Gemeinde
Trappenkamp;Gemeinde Trappenkamp;Kreis Segeberg;Schleswig-Holstein;010605024089;Gemeinde
Ellerdorf;Gemeinde Ellerdorf;Kreis Rendsburg-Eckernförde;Schleswig-Holstein;010585864046;Gemeinde
Haynrode;Gemeinde Haynrode;Landkreis Eichsfeld;Thüringen;160615006044;Gemeinde
Zeulenroda-Triebes;Stadt Zeulenroda-Triebes;Landkreis Greiz;Thüringen;160765054087;Stadt
Kickeshausen;Gemeinde Kickeshausen;Landkreis Eifelkreis Bitburg-Prüm;Rheinland-Pfalz;072325001248;Gemeinde
Vaalermoor;Gemeinde Vaalermoor;Kreis Steinburg;Schleswig-Holstein;010615168106;Gemeinde
Oberzissen;Gemeinde Oberzissen;Landkreis Ahrweiler;Rheinland-Pfalz;071315004060;Gemeinde
Solling (Landkreis Northeim);Gemeindefreies Gebiet Solling (Landkreis Northeim);Landkreis Northeim;Niedersachsen;031559501501;Gemeindefreies Gebiet
Dörverden;Gemeinde Dörverden;Landkreis Verden;Niedersachsen;033610003003;Gemeinde
Sörth;Gemeinde Sörth;Landkreis Altenkirchen (Westerwald);Rheinland-Pfalz;071325010106;Gemeinde
Salzburg;Gemeinde Salzburg;Landkreis Westerwaldkreis;Rheinland-Pfalz;071435006291;Gemeinde
Obererbach;Gemeinde Obererbach;Landkreis Westerwaldkreis;Rheinland-Pfalz;071435008058;Gemeinde
Weibern;Gemeinde Weibern;Landkreis Ahrweiler;Rheinland-Pfalz;071315004211;Gemeinde
Wehr;Gemeinde Wehr;Landkreis Ahrweiler;Rheinland-Pfalz;071315004210;Gemeinde
Rivenich;Gemeinde Rivenich;Landkreis Bernkastel-Wittlich;Rheinland-Pfalz;072315008111;Gemeinde
Ahnatal;Gemeinde Ahnatal;Landkreis Kassel;Hessen;066330001001;Gemeinde
Rimsberg;Gemeinde Rimsberg;Landkreis Birkenfeld;Rheinland-Pfalz;071345002070;Gemeinde
Dörth;Gemeinde Dörth;Landkreis Rhein-Hunsrück-Kreis;Rheinland-Pfalz;071405009031;Gemeinde
Waldalgesheim;Gemeinde Waldalgesheim;Landkreis Mainz-Bingen;Rheinland-Pfalz;073395001062;Gemeinde
Berghausen;Gemeinde Berghausen;Landkreis Rhein-Lahn-Kreis;Rheinland-Pfalz;071415011010;Gemeinde
Sauensiek;Gemeinde Sauensiek;Landkreis Stade;Niedersachsen;033595401037;Gemeinde
Dürnau;Gemeinde Dürnau;Landkreis Göppingen;Baden-Württemberg;081175009017;Gemeinde
Hennstedt;Gemeinde Hennstedt;Kreis Dithmarschen;Schleswig-Holstein;010515169049;Gemeinde
Rohr;Gemeinde Rohr;Landkreis Schmalkalden-Meiningen;Thüringen;160665014058;Gemeinde
Schliersee;Gemeinde Schliersee;Landkreis Miesbach;Bayern;091820131131;Gemeinde
Quernheim;Gemeinde Quernheim;Landkreis Diepholz;Niedersachsen;032515401029;Gemeinde
Essen;Stadt Essen;Kreisfreie Stadt Essen;Nordrhein-Westfalen;051130000000;Stadt
Kerben;Gemeinde Kerben;Landkreis Mayen-Koblenz;Rheinland-Pfalz;071375002048;Gemeinde
Wertheim;Stadt Wertheim;Landkreis Main-Tauber-Kreis;Baden-Württemberg;081280131131;Stadt
Hohenwart;Gemeinde Hohenwart;Landkreis Pfaffenhofen a.d.Ilm;Bayern;091860128128;Gemeinde
Lindow (Mark);Stadt Lindow (Mark);Landkreis Ostprignitz-Ruppin;Brandenburg;120685804280;Stadt
Wichmar;Gemeinde Wichmar;Landkreis Saale-Holzland-Kreis;Thüringen;160745015112;Gemeinde
Falkenstein/Harz;Stadt Falkenstein/Harz;Landkreis Harz;Sachsen-Anhalt;150850110110;Stadt
Amt Neuhaus;Gemeinde Amt Neuhaus;Landkreis Lüneburg;Niedersachsen;033550049049;Gemeinde
Ohne;Gemeinde Ohne;Landkreis Grafschaft Bentheim;Niedersachsen;034565403016;Gemeinde
Oberhonnefeld-Gierend;Gemeinde Oberhonnefeld-Gierend;Landkreis Neuwied;Rheinland-Pfalz;071385009053;Gemeinde
Sickte;Gemeinde Sickte;Landkreis Wolfenbüttel;Niedersachsen;031585406030;Gemeinde
Gladbach;Gemeinde Gladbach;Landkreis Bernkastel-Wittlich;Rheinland-Pfalz;072315008037;Gemeinde
Kretz;Gemeinde Kretz;Landkreis Mayen-Koblenz;Rheinland-Pfalz;071375001056;Gemeinde
Duppach;Gemeinde Duppach;Landkreis Vulkaneifel;Rheinland-Pfalz;072335006211;Gemeinde
Pomster;Gemeinde Pomster;Landkreis Ahrweiler;Rheinland-Pfalz;071315001065;Gemeinde
Thörnich;Gemeinde Thörnich;Landkreis Trier-Saarburg;Rheinland-Pfalz;072355006134;Gemeinde
Hirschhorn/Pfalz;Gemeinde Hirschhorn/Pfalz;Landkreis Kaiserslautern;Rheinland-Pfalz;073355010014;Gemeinde
Rockenberg;Gemeinde Rockenberg;Landkreis Wetteraukreis;Hessen;064400022022;Gemeinde
Am Großen Rhode;Gemeindefreies Gebiet Am Großen Rhode;Landkreis Wolfenbüttel;Niedersachsen;031589501501;Gemeindefreies Gebiet
Klüsserath;Gemeinde Klüsserath;Landkreis Trier-Saarburg;Rheinland-Pfalz;072355006063;Gemeinde
Hohenau;Gemeinde Hohenau;Landkreis Freyung-Grafenau;Bayern;092720127127;Gemeinde
Ramsau b.Berchtesgaden;Gemeinde Ramsau b.Berchtesgaden;Landkreis Berchtesgadener Land;Bayern;091720129129;Gemeinde
Waxweiler;Gemeinde Waxweiler;Landkreis Eifelkreis Bitburg-Prüm;Rheinland-Pfalz;072325001322;Gemeinde
Strickscheid;Gemeinde Strickscheid;Landkreis Eifelkreis Bitburg-Prüm;Rheinland-Pfalz;072325001315;Gemeinde
Boostedt;Gemeinde Boostedt;Kreis Segeberg;Schleswig-Holstein;010605063011;Gemeinde
Alsdorf;Gemeinde Alsdorf;Landkreis Eifelkreis Bitburg-Prüm;Rheinland-Pfalz;072325005002;Gemeinde
Kosel;Gemeinde Kosel;Kreis Rendsburg-Eckernförde;Schleswig-Holstein;010585893090;Gemeinde
Lilienthal;Gemeinde Lilienthal;Landkreis Osterholz;Niedersachsen;033560005005;Gemeinde
Osterholz-Scharmbeck;Stadt Osterholz-Scharmbeck;Landkreis Osterholz;Niedersachsen;033560007007;Stadt
Duisburg;Stadt Duisburg;Kreisfreie Stadt Duisburg;Nordrhein-Westfalen;051120000000;Stadt
Dortmund;Stadt Dortmund;Kreisfreie Stadt Dortmund;Nordrhein-Westfalen;059130000000;Stadt
Waldeck;Stadt Waldeck;Landkreis Waldeck-Frankenberg;Hessen;066350021021;Stadt
Ilshofen;Stadt Ilshofen;Landkreis Schwäbisch Hall;Baden-Württemberg;081275005043;Stadt
Eberbach;Stadt Eberbach;Landkreis Rhein-Neckar-Kreis;Baden-Württemberg;082265001013;Stadt
Tuningen;Gemeinde Tuningen;Landkreis Schwarzwald-Baar-Kreis;Baden-Württemberg;083265004061;Gemeinde
Ulm;Stadt Ulm;Stadtkreis Ulm;Baden-Württemberg;084210000000;Stadt
Schönau a.Königssee;Gemeinde Schönau a.Königssee;Landkreis Berchtesgadener Land;Bayern;091720132132;Gemeinde
Dargelin;Gemeinde Dargelin;Landkreis Vorpommern-Greifswald;Mecklenburg-Vorpommern;130755555025;Gemeinde
Kehmstedt;Gemeinde Kehmstedt;Landkreis Nordhausen;Thüringen;160625054024;Gemeinde
Siegsdorf;Gemeinde Siegsdorf;Landkreis Traunstein;Bayern;091890145145;Gemeinde
Tännesberg;Gemeinde Tännesberg;Landkreis Neustadt a.d.Waldnaab;Bayern;093745330159;Gemeinde
Eichen;Gemeindefreies Gebiet Eichen;Landkreis Amberg-Sulzbach;Bayern;093719452452;Gemeindefreies Gebiet
Schwarzenbach a.d.Saale;Stadt Schwarzenbach a.d.Saale;Landkreis Hof;Bayern;094750168168;Stadt
Wendelstein;Gemeinde Wendelstein;Landkreis Roth;Bayern;095760151151;Gemeinde
Abenberger Wald;Gemeindefreies Gebiet Abenberger Wald;Landkreis Roth;Bayern;095769451451;Gemeindefreies Gebiet
Markt Erlbach;Gemeinde Markt Erlbach;Landkreis Neustadt a.d.Aisch-Bad Windsheim;Bayern;095750145145;Gemeinde
Wildflecken;Gemeinde Wildflecken;Landkreis Bad Kissingen;Bayern;096720163163;Gemeinde
Bad Belzig;Stadt Bad Belzig;Landkreis Potsdam-Mittelmark;Brandenburg;120690020020;Stadt
Putlitz;Stadt Putlitz;Landkreis Prignitz;Brandenburg;120705009325;Stadt
Satow;Gemeinde Satow;Landkreis Rostock;Mecklenburg-Vorpommern;130720093093;Gemeinde
Glowe;Gemeinde Glowe;Landkreis Vorpommern-Rügen;Mecklenburg-Vorpommern;130735359030;Gemeinde
Trent;Gemeinde Trent;Landkreis Vorpommern-Rügen;Mecklenburg-Vorpommern;130735362092;Gemeinde
Glasow;Gemeinde Glasow;Landkreis Vorpommern-Greifswald;Mecklenburg-Vorpommern;130755556035;Gemeinde
Eggesin;Stadt Eggesin;Landkreis Vorpommern-Greifswald;Mecklenburg-Vorpommern;130755552031;Stadt
Eberstedt;Gemeinde Eberstedt;Landkreis Weimarer Land;Thüringen;160715051015;Gemeinde
Sondershausen;Stadt Sondershausen;Landkreis Kyffhäuserkreis;Thüringen;160650067067;Stadt
Cham;Stadt Cham;Landkreis Cham;Bayern;093720116116;Stadt
Effelder;Gemeinde Effelder;Landkreis Eichsfeld;Thüringen;160615013027;Gemeinde
Kyritz;Stadt Kyritz;Landkreis Ostprignitz-Ruppin;Brandenburg;120680264264;Stadt
Templin;Stadt Templin;Landkreis Uckermark;Brandenburg;120730572572;Stadt
Milower Land;Gemeinde Milower Land;Landkreis Havelland;Brandenburg;120630189189;Gemeinde
Zehdenick;Stadt Zehdenick;Landkreis Oberhavel;Brandenburg;120650356356;Stadt
Senscheid;Gemeinde Senscheid;Landkreis Ahrweiler;Rheinland-Pfalz;071315001075;Gemeinde
Rehden;Gemeinde Rehden;Landkreis Diepholz;Niedersachsen;032515405030;Gemeinde
Schloßvippach;Gemeinde Schloßvippach;Landkreis Sömmerda;Thüringen;160685012048;Gemeinde
Oberstadt;Gemeinde Oberstadt;Landkreis Hildburghausen;Thüringen;160695002035;Gemeinde
Reurieth;Gemeinde Reurieth;Landkreis Hildburghausen;Thüringen;160695002037;Gemeinde
Emeringen;Gemeinde Emeringen;Landkreis Alb-Donau-Kreis;Baden-Württemberg;084255010035;Gemeinde
Hohenfelde;Gemeinde Hohenfelde;Kreis Steinburg;Schleswig-Holstein;010615134041;Gemeinde
Alflen;Gemeinde Alflen;Landkreis Cochem-Zell;Rheinland-Pfalz;071355003002;Gemeinde
Oberhambach;Gemeinde Oberhambach;Landkreis Birkenfeld;Rheinland-Pfalz;071345002063;Gemeinde
Kleineutersdorf;Gemeinde Kleineutersdorf;Landkreis Saale-Holzland-Kreis;Thüringen;160745011048;Gemeinde
Gösenroth;Gemeinde Gösenroth;Landkreis Birkenfeld;Rheinland-Pfalz;071345005030;Gemeinde
Horbruch;Gemeinde Horbruch;Landkreis Birkenfeld;Rheinland-Pfalz;071345005043;Gemeinde
Daaden;Stadt Daaden;Landkreis Altenkirchen (Westerwald);Rheinland-Pfalz;071325003018;Stadt
Dittersdorf;Gemeinde Dittersdorf;Landkreis Saale-Orla-Kreis;Thüringen;160755004014;Gemeinde
Betzdorf;Stadt Betzdorf;Landkreis Altenkirchen (Westerwald);Rheinland-Pfalz;071325009006;Stadt
Plothen;Gemeinde Plothen;Landkreis Saale-Orla-Kreis;Thüringen;160755004083;Gemeinde
Lausnitz b.Neustadt an der Orla;Gemeinde Lausnitz b.Neustadt an der Orla;Landkreis Saale-Orla-Kreis;Thüringen;160755005056;Gemeinde
Elkenroth;Gemeinde Elkenroth;Landkreis Altenkirchen (Westerwald);Rheinland-Pfalz;071325009025;Gemeinde
Hasselbach;Gemeinde Hasselbach;Landkreis Altenkirchen (Westerwald);Rheinland-Pfalz;071325010046;Gemeinde
Forstmehren;Gemeinde Forstmehren;Landkreis Altenkirchen (Westerwald);Rheinland-Pfalz;071325010035;Gemeinde
Güllesheim;Gemeinde Güllesheim;Landkreis Altenkirchen (Westerwald);Rheinland-Pfalz;071325010043;Gemeinde
Idelberg;Gemeinde Idelberg;Landkreis Altenkirchen (Westerwald);Rheinland-Pfalz;071325010056;Gemeinde
Waldfeucht;Gemeinde Waldfeucht;Kreis Heinsberg;Nordrhein-Westfalen;053700032032;Gemeinde
Gammelby;Gemeinde Gammelby;Kreis Rendsburg-Eckernförde;Schleswig-Holstein;010585893057;Gemeinde
Herxheim bei Landau/Pfalz;Gemeinde Herxheim bei Landau/Pfalz;Landkreis Südliche Weinstraße;Rheinland-Pfalz;073375004038;Gemeinde
Grafenau;Gemeinde Grafenau;Landkreis Böblingen;Baden-Württemberg;081155001054;Gemeinde
Lambsheim;Gemeinde Lambsheim;Landkreis Rhein-Pfalz-Kreis;Rheinland-Pfalz;073385006016;Gemeinde
Groß Grönau;Gemeinde Groß Grönau;Kreis Herzogtum Lauenburg;Schleswig-Holstein;010535358041;Gemeinde
Battenberg (Pfalz);Gemeinde Battenberg (Pfalz);Landkreis Bad Dürkheim;Rheinland-Pfalz;073325007003;Gemeinde
Dirmstein;Gemeinde Dirmstein;Landkreis Bad Dürkheim;Rheinland-Pfalz;073325007010;Gemeinde
Leingarten;Stadt Leingarten;Landkreis Heilbronn;Baden-Württemberg;081250058058;Stadt
Neuendeich;Gemeinde Neuendeich;Kreis Pinneberg;Schleswig-Holstein;010565690037;Gemeinde
Stein;Gemeinde Stein;Kreis Plön;Schleswig-Holstein;010575755079;Gemeinde
Spiesheim;Gemeinde Spiesheim;Landkreis Alzey-Worms;Rheinland-Pfalz;073315006061;Gemeinde
Marschacht;Gemeinde Marschacht;Landkreis Harburg;Niedersachsen;033535401023;Gemeinde
Wörrstadt;Stadt Wörrstadt;Landkreis Alzey-Worms;Rheinland-Pfalz;073315006073;Stadt
Osterstedt;Gemeinde Osterstedt;Kreis Rendsburg-Eckernförde;Schleswig-Holstein;010585895125;Gemeinde
Grünstadt;Stadt Grünstadt;Landkreis Bad Dürkheim;Rheinland-Pfalz;073320024024;Stadt
Kludenbach;Gemeinde Kludenbach;Landkreis Rhein-Hunsrück-Kreis;Rheinland-Pfalz;071405004071;Gemeinde
Oftersheim;Gemeinde Oftersheim;Landkreis Rhein-Neckar-Kreis;Baden-Württemberg;082260062062;Gemeinde
Nordrach;Gemeinde Nordrach;Landkreis Ortenaukreis;Baden-Württemberg;083175014085;Gemeinde
Hausen ob Verena;Gemeinde Hausen ob Verena;Landkreis Tuttlingen;Baden-Württemberg;083275004023;Gemeinde
Gunningen;Gemeinde Gunningen;Landkreis Tuttlingen;Baden-Württemberg;083275005020;Gemeinde
Meezen;Gemeinde Meezen;Kreis Rendsburg-Eckernförde;Schleswig-Holstein;010585895103;Gemeinde
Grumbach;Gemeinde Grumbach;Landkreis Kusel;Rheinland-Pfalz;073365008033;Gemeinde
Elzweiler;Gemeinde Elzweiler;Landkreis Kusel;Rheinland-Pfalz;073365010021;Gemeinde
Lützelbach;Gemeinde Lützelbach;Landkreis Odenwaldkreis;Hessen;064370010010;Gemeinde
Kapsweyer;Gemeinde Kapsweyer;Landkreis Südliche Weinstraße;Rheinland-Pfalz;073375002046;Gemeinde
Wanfried;Stadt Wanfried;Landkreis Werra-Meißner-Kreis;Hessen;066360013013;Stadt
Herleshausen;Gemeinde Herleshausen;Landkreis Werra-Meißner-Kreis;Hessen;066360005005;Gemeinde
Glees;Gemeinde Glees;Landkreis Ahrweiler;Rheinland-Pfalz;071315004205;Gemeinde
Gevenich;Gemeinde Gevenich;Landkreis Cochem-Zell;Rheinland-Pfalz;071355003034;Gemeinde
Möntenich;Gemeinde Möntenich;Landkreis Cochem-Zell;Rheinland-Pfalz;071355002062;Gemeinde
Schauren;Gemeinde Schauren;Landkreis Cochem-Zell;Rheinland-Pfalz;071355005077;Gemeinde
Neubukow;Stadt Neubukow;Landkreis Rostock;Mecklenburg-Vorpommern;130720074074;Stadt
Altkalen;Gemeinde Altkalen;Landkreis Rostock;Mecklenburg-Vorpommern;130725254004;Gemeinde
Lauf a.d.Pegnitz;Stadt Lauf a.d.Pegnitz;Landkreis Nürnberger Land;Bayern;095740138138;Stadt
Fischbach;Gemeindefreies Gebiet Fischbach;Landkreis Nürnberger Land;Bayern;095749455455;Gemeindefreies Gebiet
Forsthof;Gemeindefreies Gebiet Forsthof;Landkreis Nürnberger Land;Bayern;095749456456;Gemeindefreies Gebiet
Ipsheim;Gemeinde Ipsheim;Landkreis Neustadt a.d.Aisch-Bad Windsheim;Bayern;095750135135;Gemeinde
Siek;Gemeinde Siek;Kreis Stormarn;Schleswig-Holstein;010625262069;Gemeinde
Hedwigenkoog;Gemeinde Hedwigenkoog;Kreis Dithmarschen;Schleswig-Holstein;010515178043;Gemeinde
Oesterdeichstrich;Gemeinde Oesterdeichstrich;Kreis Dithmarschen;Schleswig-Holstein;010515178084;Gemeinde
Chieming;Gemeinde Chieming;Landkreis Traunstein;Bayern;091890114114;Gemeinde
Veelböken;Gemeinde Veelböken;Landkreis Nordwestmecklenburg;Mecklenburg-Vorpommern;130745452081;Gemeinde
Hasloch;Gemeinde Hasloch;Landkreis Main-Spessart;Bayern;096775620137;Gemeinde
Bernstorf;Gemeinde Bernstorf;Landkreis Nordwestmecklenburg;Mecklenburg-Vorpommern;130745453005;Gemeinde
Dreschvitz;Gemeinde Dreschvitz;Landkreis Vorpommern-Rügen;Mecklenburg-Vorpommern;130735362021;Gemeinde
Heringsdorf;Gemeinde Heringsdorf;Landkreis Vorpommern-Greifswald;Mecklenburg-Vorpommern;130750049049;Gemeinde
Hinrichshagen;Gemeinde Hinrichshagen;Landkreis Vorpommern-Greifswald;Mecklenburg-Vorpommern;130755555050;Gemeinde
Vilsbiburg;Stadt Vilsbiburg;Landkreis Landshut;Bayern;092740184184;Stadt
Rimbach;Gemeinde Rimbach;Landkreis Cham;Bayern;093720151151;Gemeinde
Neuenkirchen;Gemeinde Neuenkirchen;Landkreis Vorpommern-Greifswald;Mecklenburg-Vorpommern;130755555102;Gemeinde
Katzow;Gemeinde Katzow;Landkreis Vorpommern-Greifswald;Mecklenburg-Vorpommern;130755557059;Gemeinde
Altwigshagen;Gemeinde Altwigshagen;Landkreis Vorpommern-Greifswald;Mecklenburg-Vorpommern;130755559004;Gemeinde
Schretstaken;Gemeinde Schretstaken;Kreis Herzogtum Lauenburg;Schleswig-Holstein;010535313113;Gemeinde
Mitterskirchen;Gemeinde Mitterskirchen;Landkreis Rottal-Inn;Bayern;092770134134;Gemeinde
Kirchdorf a.Inn;Gemeinde Kirchdorf a.Inn;Landkreis Rottal-Inn;Bayern;092770128128;Gemeinde
Kastorf;Gemeinde Kastorf;Kreis Herzogtum Lauenburg;Schleswig-Holstein;010535308061;Gemeinde
Dietersburg;Gemeinde Dietersburg;Landkreis Rottal-Inn;Bayern;092770114114;Gemeinde
Aumühle;Gemeinde Aumühle;Kreis Herzogtum Lauenburg;Schleswig-Holstein;010535323003;Gemeinde
Miltenberg;Stadt Miltenberg;Landkreis Miltenberg;Bayern;096760139139;Stadt
Simbach;Gemeinde Simbach;Landkreis Dingolfing-Landau;Bayern;092790135135;Gemeinde
Vilseck;Stadt Vilseck;Landkreis Amberg-Sulzbach;Bayern;093710156156;Stadt
Hahnbach;Gemeinde Hahnbach;Landkreis Amberg-Sulzbach;Bayern;093715301126;Gemeinde
Niederwerrn;Gemeinde Niederwerrn;Landkreis Schweinfurt;Bayern;096780160160;Gemeinde
Kirchroth;Gemeinde Kirchroth;Landkreis Straubing-Bogen;Bayern;092780141141;Gemeinde
Runding;Gemeinde Runding;Landkreis Cham;Bayern;093720155155;Gemeinde
Willmering;Gemeinde Willmering;Landkreis Cham;Bayern;093720175175;Gemeinde
Trabitz;Gemeinde Trabitz;Landkreis Neustadt a.d.Waldnaab;Bayern;093745324148;Gemeinde
Patzig;Gemeinde Patzig;Landkreis Vorpommern-Rügen;Mecklenburg-Vorpommern;130735353064;Gemeinde
Marxheim;Gemeinde Marxheim;Landkreis Donau-Ries;Bayern;097790178178;Gemeinde
Wolfsegg;Gemeinde Wolfsegg;Landkreis Regensburg;Bayern;093755334211;Gemeinde
Bessenbach;Gemeinde Bessenbach;Landkreis Aschaffenburg;Bayern;096710112112;Gemeinde
Teltow;Stadt Teltow;Landkreis Potsdam-Mittelmark;Brandenburg;120690616616;Stadt
Nabburg;Stadt Nabburg;Landkreis Schwandorf;Bayern;093765341144;Stadt
Rothenbuch;Gemeinde Rothenbuch;Landkreis Aschaffenburg;Bayern;096710148148;Gemeinde
Leonberg;Gemeinde Leonberg;Landkreis Tirschenreuth;Bayern;093775347137;Gemeinde
Sukow;Gemeinde Sukow;Landkreis Ludwigslust-Parchim;Mecklenburg-Vorpommern;130765668133;Gemeinde
Annaberg-Buchholz;Stadt Annaberg-Buchholz;Landkreis Erzgebirgskreis;Sachsen;145210020020;Stadt
Großhartmannsdorf;Gemeinde Großhartmannsdorf;Landkreis Mittelsachsen;Sachsen;145220200200;Gemeinde
Kamminke;Gemeinde Kamminke;Landkreis Vorpommern-Greifswald;Mecklenburg-Vorpommern;130755562056;Gemeinde
Hagenow;Stadt Hagenow;Landkreis Ludwigslust-Parchim;Mecklenburg-Vorpommern;130760060060;Stadt
Murchin;Gemeinde Murchin;Landkreis Vorpommern-Greifswald;Mecklenburg-Vorpommern;130755563094;Gemeinde
Nostorf;Gemeinde Nostorf;Landkreis Ludwigslust-Parchim;Mecklenburg-Vorpommern;130765652106;Gemeinde
Besitz;Gemeinde Besitz;Landkreis Ludwigslust-Parchim;Mecklenburg-Vorpommern;130765652010;Gemeinde
Groß Laasch;Gemeinde Groß Laasch;Landkreis Ludwigslust-Parchim;Mecklenburg-Vorpommern;130765659058;Gemeinde
Sülstorf;Gemeinde Sülstorf;Landkreis Ludwigslust-Parchim;Mecklenburg-Vorpommern;130765659134;Gemeinde
Steinhöring;Gemeinde Steinhöring;Landkreis Ebersberg;Bayern;091750137137;Gemeinde
Buxheim;Gemeinde Buxheim;Landkreis Eichstätt;Bayern;091760118118;Gemeinde
Brahmenau;Gemeinde Brahmenau;Landkreis Greiz;Thüringen;160765008008;Gemeinde
Rosenbach/Vogtl.;Gemeinde Rosenbach/Vogtl.;Landkreis Vogtlandkreis;Sachsen;145230365365;Gemeinde
Rückersdorf;Gemeinde Rückersdorf;Landkreis Greiz;Thüringen;160765004062;Gemeinde
Sterley;Gemeinde Sterley;Kreis Herzogtum Lauenburg;Schleswig-Holstein;010535358123;Gemeinde
Firrel;Gemeinde Firrel;Landkreis Leer;Niedersachsen;034575402009;Gemeinde
Westoverledingen;Gemeinde Westoverledingen;Landkreis Leer;Niedersachsen;034570022022;Gemeinde
Glandorf;Gemeinde Glandorf;Landkreis Osnabrück;Niedersachsen;034590034034;Gemeinde
Dissen am Teutoburger Wald;Stadt Dissen am Teutoburger Wald;Landkreis Osnabrück;Niedersachsen;034590015015;Stadt
Dersum;Gemeinde Dersum;Landkreis Emsland;Niedersachsen;034545401007;Gemeinde
Renkenberge;Gemeinde Renkenberge;Landkreis Emsland;Niedersachsen;034545404043;Gemeinde
Sögel;Gemeinde Sögel;Landkreis Emsland;Niedersachsen;034545407047;Gemeinde
Straßenhaus;Gemeinde Straßenhaus;Landkreis Neuwied;Rheinland-Pfalz;071385009071;Gemeinde
Spahnharrenstätte;Gemeinde Spahnharrenstätte;Landkreis Emsland;Niedersachsen;034545407048;Gemeinde
Grove;Gemeinde Grove;Kreis Herzogtum Lauenburg;Schleswig-Holstein;010535373045;Gemeinde
Gülzow;Gemeinde Gülzow;Kreis Herzogtum Lauenburg;Schleswig-Holstein;010535373047;Gemeinde
Meerbusch;Stadt Meerbusch;Kreis Rhein-Kreis Neuss;Nordrhein-Westfalen;051620022022;Stadt
Mühlental;Gemeinde Mühlental;Landkreis Vogtlandkreis;Sachsen;145235131230;Gemeinde
Pfaffschwende;Gemeinde Pfaffschwende;Landkreis Eichsfeld;Thüringen;160615014075;Gemeinde
Schwobfeld;Gemeinde Schwobfeld;Landkreis Eichsfeld;Thüringen;160615014085;Gemeinde
Wildenfels;Stadt Wildenfels;Landkreis Zwickau;Sachsen;145240310310;Stadt
Bilkheim;Gemeinde Bilkheim;Landkreis Westerwaldkreis;Rheinland-Pfalz;071435008210;Gemeinde
Geilenkirchen;Stadt Geilenkirchen;Kreis Heinsberg;Nordrhein-Westfalen;053700012012;Stadt
Weilerswist;Gemeinde Weilerswist;Kreis Euskirchen;Nordrhein-Westfalen;053660040040;Gemeinde
Kaden;Gemeinde Kaden;Landkreis Westerwaldkreis;Rheinland-Pfalz;071435009247;Gemeinde
Emsdetten;Stadt Emsdetten;Kreis Steinfurt;Nordrhein-Westfalen;055660008008;Stadt
Westerburg;Stadt Westerburg;Landkreis Westerwaldkreis;Rheinland-Pfalz;071435009308;Stadt
Metelen;Gemeinde Metelen;Kreis Steinfurt;Nordrhein-Westfalen;055660052052;Gemeinde
Koppenwinder Forst;Gemeindefreies Gebiet Koppenwinder Forst;Landkreis Bamberg;Bayern;094719456456;Gemeindefreies Gebiet
Geisenhain;Gemeinde Geisenhain;Landkreis Saale-Holzland-Kreis;Thüringen;160745007022;Gemeinde
Datteln;Stadt Datteln;Kreis Recklinghausen;Nordrhein-Westfalen;055620008008;Stadt
Haag;Gemeinde Haag;Landkreis Bayreuth;Bayern;094725416146;Gemeinde
Deudesfeld;Gemeinde Deudesfeld;Landkreis Vulkaneifel;Rheinland-Pfalz;072335001017;Gemeinde
Martinlamitzer Forst-Nord;Gemeindefreies Gebiet Martinlamitzer Forst-Nord;Landkreis Hof;Bayern;094759454454;Gemeindefreies Gebiet
Nordhalben;Gemeinde Nordhalben;Landkreis Kronach;Bayern;094760159159;Gemeinde
Schönbach;Gemeinde Schönbach;Landkreis Vulkaneifel;Rheinland-Pfalz;072335001064;Gemeinde
Höchstädt i.Fichtelgebirge;Gemeinde Höchstädt i.Fichtelgebirge;Landkreis Wunsiedel i.Fichtelgebirge;Bayern;094795442126;Gemeinde
Selbitz;Stadt Selbitz;Landkreis Hof;Bayern;094750171171;Stadt
Leupoldsgrün;Gemeinde Leupoldsgrün;Landkreis Hof;Bayern;094755431145;Gemeinde
Meschede;Stadt Meschede;Kreis Hochsauerlandkreis;Nordrhein-Westfalen;059580032032;Stadt
Strohn;Gemeinde Strohn;Landkreis Vulkaneifel;Rheinland-Pfalz;072335001070;Gemeinde
Sonnenstein;Gemeinde Sonnenstein;Landkreis Eichsfeld;Thüringen;160610117117;Gemeinde
Wetter (Ruhr);Stadt Wetter (Ruhr);Kreis Ennepe-Ruhr-Kreis;Nordrhein-Westfalen;059540032032;Stadt
Herdecke;Stadt Herdecke;Kreis Ennepe-Ruhr-Kreis;Nordrhein-Westfalen;059540020020;Stadt
Kelsterbach;Stadt Kelsterbach;Landkreis Groß-Gerau;Hessen;064330007007;Stadt
Kronberg im Taunus;Stadt Kronberg im Taunus;Landkreis Hochtaunuskreis;Hessen;064340006006;Stadt
Möhnesee;Gemeinde Möhnesee;Kreis Soest;Nordrhein-Westfalen;059740032032;Gemeinde
Ventschow;Gemeinde Ventschow;Landkreis Nordwestmecklenburg;Mecklenburg-Vorpommern;130745451082;Gemeinde
Bacharach;Stadt Bacharach;Landkreis Mainz-Bingen;Rheinland-Pfalz;073395001003;Stadt
Schlangenbad;Gemeinde Schlangenbad;Landkreis Rheingau-Taunus-Kreis;Hessen;064390014014;Gemeinde
Niederheimbach;Gemeinde Niederheimbach;Landkreis Mainz-Bingen;Rheinland-Pfalz;073395001040;Gemeinde
Höchst i.Odw.;Gemeinde Höchst i.Odw.;Landkreis Odenwaldkreis;Hessen;064370009009;Gemeinde
Laubach;Stadt Laubach;Landkreis Gießen;Hessen;065310010010;Stadt
Moselkern;Gemeinde Moselkern;Landkreis Cochem-Zell;Rheinland-Pfalz;071355001065;Gemeinde
Nieder-Olm;Stadt Nieder-Olm;Landkreis Mainz-Bingen;Rheinland-Pfalz;073395006042;Stadt
Elbtal;Gemeinde Elbtal;Landkreis Limburg-Weilburg;Hessen;065330005005;Gemeinde
Hauneck;Gemeinde Hauneck;Landkreis Hersfeld-Rotenburg;Hessen;066320007007;Gemeinde
Cornberg;Gemeinde Cornberg;Landkreis Hersfeld-Rotenburg;Hessen;066320005005;Gemeinde
Kaufungen;Gemeinde Kaufungen;Landkreis Kassel;Hessen;066330015015;Gemeinde
Naumburg;Stadt Naumburg;Landkreis Kassel;Hessen;066330018018;Stadt
Dalkendorf;Gemeinde Dalkendorf;Landkreis Rostock;Mecklenburg-Vorpommern;130725258024;Gemeinde
Isen;Gemeinde Isen;Landkreis Erding;Bayern;091770123123;Gemeinde
Insingen;Gemeinde Insingen;Landkreis Ansbach;Bayern;095715501169;Gemeinde
Namborn;Gemeinde Namborn;Landkreis St. Wendel;Saarland;100460113113;Gemeinde
Illingen;Gemeinde Illingen;Landkreis Neunkirchen;Saarland;100430112112;Gemeinde
Moorenweis;Gemeinde Moorenweis;Landkreis Fürstenfeldbruck;Bayern;091790138138;Gemeinde
Kinsau;Gemeinde Kinsau;Landkreis Landsberg am Lech;Bayern;091815142129;Gemeinde
Großweil;Gemeinde Großweil;Landkreis Garmisch-Partenkirchen;Bayern;091805136119;Gemeinde
Wallgau;Gemeinde Wallgau;Landkreis Garmisch-Partenkirchen;Bayern;091800136136;Gemeinde
Pürgen;Gemeinde Pürgen;Landkreis Landsberg am Lech;Bayern;091815141141;Gemeinde
Unstrut-Hainich;Gemeinde Unstrut-Hainich;Landkreis Unstrut-Hainich-Kreis;Thüringen;160640076076;Gemeinde
St. Ingbert;Stadt St. Ingbert;Landkreis Saarpfalz-Kreis;Saarland;100450117117;Stadt
Oberthal;Gemeinde Oberthal;Landkreis St. Wendel;Saarland;100460116116;Gemeinde
Breydin;Gemeinde Breydin;Landkreis Barnim;Brandenburg;120605003034;Gemeinde
Großneuhausen;Gemeinde Großneuhausen;Landkreis Sömmerda;Thüringen;160685006019;Gemeinde
Beulich;Gemeinde Beulich;Landkreis Rhein-Hunsrück-Kreis;Rheinland-Pfalz;071405009201;Gemeinde
Süderende;Gemeinde Süderende;Kreis Nordfriesland;Schleswig-Holstein;010545488129;Gemeinde
Drognitz;Gemeinde Drognitz;Landkreis Saalfeld-Rudolstadt;Thüringen;160735051107;Gemeinde
Altenbeuthen;Gemeinde Altenbeuthen;Landkreis Saalfeld-Rudolstadt;Thüringen;160735051002;Gemeinde
Eichenberg;Gemeinde Eichenberg;Landkreis Saale-Holzland-Kreis;Thüringen;160745011016;Gemeinde
Geroda;Gemeinde Geroda;Landkreis Saale-Orla-Kreis;Thüringen;160755011029;Gemeinde
Wittdün auf Amrum;Gemeinde Wittdün auf Amrum;Kreis Nordfriesland;Schleswig-Holstein;010545488160;Gemeinde
Schwielochsee;Gemeinde Schwielochsee;Landkreis Dahme-Spreewald;Brandenburg;120615113450;Gemeinde
Finsterwalde;Stadt Finsterwalde;Landkreis Elbe-Elster;Brandenburg;120620140140;Stadt
Neupetershain;Gemeinde Neupetershain;Landkreis Oberspreewald-Lausitz;Brandenburg;120665601228;Gemeinde
Zechin;Gemeinde Zechin;Landkreis Märkisch-Oderland;Brandenburg;120645404538;Gemeinde
Neuhardenberg;Gemeinde Neuhardenberg;Landkreis Märkisch-Oderland;Brandenburg;120645412340;Gemeinde
Neutrebbin;Gemeinde Neutrebbin;Landkreis Märkisch-Oderland;Brandenburg;120645414365;Gemeinde
Reichenwalde;Gemeinde Reichenwalde;Landkreis Oder-Spree;Brandenburg;120675707413;Gemeinde
Erharting;Gemeinde Erharting;Landkreis Mühldorf a.Inn;Bayern;091835152116;Gemeinde
Grünwald;Gemeinde Grünwald;Landkreis München;Bayern;091840122122;Gemeinde
Oberhaching;Gemeinde Oberhaching;Landkreis München;Bayern;091840134134;Gemeinde
Bentwisch;Gemeinde Bentwisch;Landkreis Rostock;Mecklenburg-Vorpommern;130725260012;Gemeinde
Bokel;Gemeinde Bokel;Kreis Rendsburg-Eckernförde;Schleswig-Holstein;010585864021;Gemeinde
Michendorf;Gemeinde Michendorf;Landkreis Potsdam-Mittelmark;Brandenburg;120690397397;Gemeinde
Trulben;Gemeinde Trulben;Landkreis Südwestpfalz;Rheinland-Pfalz;073405003052;Gemeinde
Allershausen;Gemeinde Allershausen;Landkreis Freising;Bayern;091785127113;Gemeinde
Rieschweiler-Mühlbach;Gemeinde Rieschweiler-Mühlbach;Landkreis Südwestpfalz;Rheinland-Pfalz;073405009222;Gemeinde
Neckartailfingen;Gemeinde Neckartailfingen;Landkreis Esslingen;Baden-Württemberg;081165003041;Gemeinde
Baltmannsweiler;Gemeinde Baltmannsweiler;Landkreis Esslingen;Baden-Württemberg;081165007007;Gemeinde
Korntal-Münchingen;Stadt Korntal-Münchingen;Landkreis Ludwigsburg;Baden-Württemberg;081180080080;Stadt
Eschenbach;Gemeinde Eschenbach;Landkreis Göppingen;Baden-Württemberg;081175011020;Gemeinde
Erligheim;Gemeinde Erligheim;Landkreis Ludwigsburg;Baden-Württemberg;081185003015;Gemeinde
Murr;Gemeinde Murr;Landkreis Ludwigsburg;Baden-Württemberg;081185007054;Gemeinde
Weidenthal;Gemeinde Weidenthal;Landkreis Bad Dürkheim;Rheinland-Pfalz;073325005048;Gemeinde
Frankeneck;Gemeinde Frankeneck;Landkreis Bad Dürkheim;Rheinland-Pfalz;073325005018;Gemeinde
Unterjeckenbach;Gemeinde Unterjeckenbach;Landkreis Kusel;Rheinland-Pfalz;073365008100;Gemeinde
Bitburg;Stadt Bitburg;Landkreis Eifelkreis Bitburg-Prüm;Rheinland-Pfalz;072320018018;Stadt
Hirschthal;Gemeinde Hirschthal;Landkreis Südwestpfalz;Rheinland-Pfalz;073405001021;Gemeinde
Manderscheid;Gemeinde Manderscheid;Landkreis Eifelkreis Bitburg-Prüm;Rheinland-Pfalz;072325001264;Gemeinde
Reipeldingen;Gemeinde Reipeldingen;Landkreis Eifelkreis Bitburg-Prüm;Rheinland-Pfalz;072325001298;Gemeinde
Wiesbaum;Gemeinde Wiesbaum;Landkreis Vulkaneifel;Rheinland-Pfalz;072335006083;Gemeinde
Kalenborn-Scheuern;Gemeinde Kalenborn-Scheuern;Landkreis Vulkaneifel;Rheinland-Pfalz;072335006036;Gemeinde
Wiltingen;Gemeinde Wiltingen;Landkreis Trier-Saarburg;Rheinland-Pfalz;072355003148;Gemeinde
Holm;Gemeinde Holm;Kreis Nordfriesland;Schleswig-Holstein;010545489048;Gemeinde
Westermoor;Gemeinde Westermoor;Kreis Steinburg;Schleswig-Holstein;010615104109;Gemeinde
Wittenbergen;Gemeinde Wittenbergen;Kreis Steinburg;Schleswig-Holstein;010615104115;Gemeinde
Mühlenbarbek;Gemeinde Mühlenbarbek;Kreis Steinburg;Schleswig-Holstein;010615189071;Gemeinde
Einselthum;Gemeinde Einselthum;Landkreis Donnersbergkreis;Rheinland-Pfalz;073335003018;Gemeinde
Schashagen;Gemeinde Schashagen;Kreis Ostholstein;Schleswig-Holstein;010555591037;Gemeinde
Krokau;Gemeinde Krokau;Kreis Plön;Schleswig-Holstein;010575755040;Gemeinde
Krummbek;Gemeinde Krummbek;Kreis Plön;Schleswig-Holstein;010575755041;Gemeinde
Blumenthal;Gemeinde Blumenthal;Kreis Rendsburg-Eckernförde;Schleswig-Holstein;010585896018;Gemeinde
Süderhackstedt;Gemeinde Süderhackstedt;Kreis Schleswig-Flensburg;Schleswig-Holstein;010595912169;Gemeinde
Eggebek;Gemeinde Eggebek;Kreis Schleswig-Flensburg;Schleswig-Holstein;010595912107;Gemeinde
Taarstedt;Gemeinde Taarstedt;Kreis Schleswig-Flensburg;Schleswig-Holstein;010595987086;Gemeinde
Jübek;Gemeinde Jübek;Kreis Schleswig-Flensburg;Schleswig-Holstein;010595993044;Gemeinde
Schieren;Gemeinde Schieren;Kreis Segeberg;Schleswig-Holstein;010605086071;Gemeinde
Neukirchen;Gemeinde Neukirchen;Kreis Nordfriesland;Schleswig-Holstein;010545489086;Gemeinde
Hedeper;Gemeinde Hedeper;Landkreis Wolfenbüttel;Niedersachsen;031585407017;Gemeinde
Lehrte;Stadt Lehrte;Landkreis Region Hannover;Niedersachsen;032410011011;Stadt
Pattensen;Stadt Pattensen;Landkreis Region Hannover;Niedersachsen;032410013013;Stadt
Weyhausen;Gemeinde Weyhausen;Landkreis Gifhorn;Niedersachsen;031515401039;Gemeinde
Flomborn;Gemeinde Flomborn;Landkreis Alzey-Worms;Rheinland-Pfalz;073315001024;Gemeinde
Klein Wittensee;Gemeinde Klein Wittensee;Kreis Rendsburg-Eckernförde;Schleswig-Holstein;010585890088;Gemeinde
Obernfeld;Gemeinde Obernfeld;Landkreis Göttingen;Niedersachsen;031595402025;Gemeinde
Strahlungen;Gemeinde Strahlungen;Landkreis Rhön-Grabfeld;Bayern;096735635171;Gemeinde
Wiesenbronn;Gemeinde Wiesenbronn;Landkreis Kitzingen;Bayern;096755615177;Gemeinde
Oldersbek;Gemeinde Oldersbek;Kreis Nordfriesland;Schleswig-Holstein;010545492096;Gemeinde
Markt Berolzheim;Gemeinde Markt Berolzheim;Landkreis Weißenburg-Gunzenhausen;Bayern;095775533149;Gemeinde
Weilar;Gemeinde Weilar;Landkreis Wartburgkreis;Thüringen;160635059084;Gemeinde
Willanzheim;Gemeinde Willanzheim;Landkreis Kitzingen;Bayern;096755616179;Gemeinde
Hildesheim;Stadt Hildesheim;Landkreis Hildesheim;Niedersachsen;032540021021;Stadt
Lenne;Gemeinde Lenne;Landkreis Holzminden;Niedersachsen;032555409027;Gemeinde
Heinade;Gemeinde Heinade;Landkreis Holzminden;Niedersachsen;032555409018;Gemeinde
Diepenau;Gemeinde Diepenau;Landkreis Nienburg (Weser);Niedersachsen;032565408004;Gemeinde
Nußdorf a.Inn;Gemeinde Nußdorf a.Inn;Landkreis Rosenheim;Bayern;091870156156;Gemeinde
Garstedt;Gemeinde Garstedt;Landkreis Harburg;Niedersachsen;033535405012;Gemeinde
Forst Aura;Gemeindefreies Gebiet Forst Aura;Landkreis Main-Spessart;Bayern;096779453453;Gemeindefreies Gebiet
Belum;Gemeinde Belum;Landkreis Cuxhaven;Niedersachsen;033525411004;Gemeinde
Rimpar;Gemeinde Rimpar;Landkreis Würzburg;Bayern;096790180180;Gemeinde
Heretsried;Gemeinde Heretsried;Landkreis Augsburg;Bayern;097725707156;Gemeinde
Mering;Gemeinde Mering;Landkreis Aichach-Friedberg;Bayern;097715705146;Gemeinde
Langweid a.Lech;Gemeinde Langweid a.Lech;Landkreis Augsburg;Bayern;097720171171;Gemeinde
Dillingen a.d.Donau;Stadt Dillingen a.d.Donau;Landkreis Dillingen a.d.Donau;Bayern;097730125125;Stadt
Bächingen a.d.Brenz;Gemeinde Bächingen a.d.Brenz;Landkreis Dillingen a.d.Donau;Bayern;097735713113;Gemeinde
Moisburg;Gemeinde Moisburg;Landkreis Harburg;Niedersachsen;033535403025;Gemeinde
Gusborn;Gemeinde Gusborn;Landkreis Lüchow-Dannenberg;Niedersachsen;033545406008;Gemeinde
Bärenbach;Gemeinde Bärenbach;Landkreis Rhein-Hunsrück-Kreis;Rheinland-Pfalz;071405004006;Gemeinde
Echem;Gemeinde Echem;Landkreis Lüneburg;Niedersachsen;033555407015;Gemeinde
Tümlauer Koog;Gemeinde Tümlauer Koog;Kreis Nordfriesland;Schleswig-Holstein;010545417140;Gemeinde
Bollenbach;Gemeinde Bollenbach;Landkreis Birkenfeld;Rheinland-Pfalz;071345005012;Gemeinde
Oldendorf;Gemeinde Oldendorf;Landkreis Stade;Niedersachsen;033595409036;Gemeinde
Erpel;Gemeinde Erpel;Landkreis Neuwied;Rheinland-Pfalz;071385007019;Gemeinde
Dörzbach;Gemeinde Dörzbach;Landkreis Hohenlohekreis;Baden-Württemberg;081265002020;Gemeinde
Niedernhall;Stadt Niedernhall;Landkreis Hohenlohekreis;Baden-Württemberg;081265004060;Stadt
Bietigheim;Gemeinde Bietigheim;Landkreis Rastatt;Baden-Württemberg;082165003005;Gemeinde
Gundelsheim;Stadt Gundelsheim;Landkreis Heilbronn;Baden-Württemberg;081250039039;Stadt
Vollersode;Gemeinde Vollersode;Landkreis Osterholz;Niedersachsen;033565401010;Gemeinde
Kalbe;Gemeinde Kalbe;Landkreis Rotenburg (Wümme);Niedersachsen;033575405029;Gemeinde
Frauenberg;Gemeinde Frauenberg;Landkreis Birkenfeld;Rheinland-Pfalz;071345001027;Gemeinde
Schleid;Gemeinde Schleid;Landkreis Eifelkreis Bitburg-Prüm;Rheinland-Pfalz;072325008118;Gemeinde
Böhme;Gemeinde Böhme;Landkreis Heidekreis;Niedersachsen;033585402003;Gemeinde
Großpostwitz/O.L.;Gemeinde Großpostwitz/O.L.;Landkreis Bautzen;Sachsen;146255212190;Gemeinde
Neumark;Stadt Neumark;Landkreis Weimarer Land;Thüringen;160715053061;Stadt
Schönau-Berzdorf a.d.Eigen;Gemeinde Schönau-Berzdorf a.d.Eigen;Landkreis Görlitz;Sachsen;146265206500;Gemeinde
Neißeaue;Gemeinde Neißeaue;Landkreis Görlitz;Sachsen;146265503330;Gemeinde
Strehla;Stadt Strehla;Landkreis Meißen;Sachsen;146270270270;Stadt
Lampertswalde;Gemeinde Lampertswalde;Landkreis Meißen;Sachsen;146275238110;Gemeinde
Heidenau;Stadt Heidenau;Landkreis Sächsische Schweiz-Osterzgebirge;Sachsen;146280160160;Stadt
Gröningen;Stadt Gröningen;Landkreis Börde;Sachsen-Anhalt;150835054245;Stadt
Dohma;Gemeinde Dohma;Landkreis Sächsische Schweiz-Osterzgebirge;Sachsen;146285229070;Gemeinde
Dohna;Stadt Dohna;Landkreis Sächsische Schweiz-Osterzgebirge;Sachsen;146285209080;Stadt
Doberschau-Gaußig;Gemeinde Doberschau-Gaußig;Landkreis Bautzen;Sachsen;146250110110;Gemeinde
Melsungen;Stadt Melsungen;Landkreis Schwalm-Eder-Kreis;Hessen;066340014014;Stadt
Diemelstadt;Stadt Diemelstadt;Landkreis Waldeck-Frankenberg;Hessen;066350008008;Stadt
Aken (Elbe);Stadt Aken (Elbe);Landkreis Anhalt-Bitterfeld;Sachsen-Anhalt;150820005005;Stadt
Volkertshausen;Gemeinde Volkertshausen;Landkreis Konstanz;Baden-Württemberg;083355005081;Gemeinde
Oberrot;Gemeinde Oberrot;Landkreis Schwäbisch Hall;Baden-Württemberg;081275006062;Gemeinde
Werbach;Gemeinde Werbach;Landkreis Main-Tauber-Kreis;Baden-Württemberg;081285004128;Gemeinde
Steinmauern;Gemeinde Steinmauern;Landkreis Rastatt;Baden-Württemberg;082165005052;Gemeinde
Denzlingen;Gemeinde Denzlingen;Landkreis Emmendingen;Baden-Württemberg;083165001009;Gemeinde
Feldberg (Schwarzwald);Gemeinde Feldberg (Schwarzwald);Landkreis Breisgau-Hochschwarzwald;Baden-Württemberg;083155015037;Gemeinde
Adelmannsfelden;Gemeinde Adelmannsfelden;Landkreis Ostalbkreis;Baden-Württemberg;081365003003;Gemeinde
Höpfingen;Gemeinde Höpfingen;Landkreis Neckar-Odenwald-Kreis;Baden-Württemberg;082255001039;Gemeinde
Neresheim;Stadt Neresheim;Landkreis Ostalbkreis;Baden-Württemberg;081360045045;Stadt
Kampen (Sylt);Gemeinde Kampen (Sylt);Kreis Nordfriesland;Schleswig-Holstein;010545439061;Gemeinde
Altensteig;Stadt Altensteig;Landkreis Calw;Baden-Württemberg;082355001006;Stadt
Buchheim;Gemeinde Buchheim;Landkreis Tuttlingen;Baden-Württemberg;083275001008;Gemeinde
Vöhrenbach;Stadt Vöhrenbach;Landkreis Schwarzwald-Baar-Kreis;Baden-Württemberg;083260068068;Stadt
Loßburg;Gemeinde Loßburg;Landkreis Freudenstadt;Baden-Württemberg;082370045045;Gemeinde
Jagstzell;Gemeinde Jagstzell;Landkreis Ostalbkreis;Baden-Württemberg;081365003035;Gemeinde
Sulzfeld;Gemeinde Sulzfeld;Landkreis Karlsruhe;Baden-Württemberg;082155007082;Gemeinde
Melz;Gemeinde Melz;Landkreis Mecklenburgische Seenplatte;Mecklenburg-Vorpommern;130715159097;Gemeinde
Maierhöfen;Gemeinde Maierhöfen;Landkreis Lindau (Bodensee);Bayern;097765737118;Gemeinde
Renthendorf;Gemeinde Renthendorf;Landkreis Saale-Holzland-Kreis;Thüringen;160745007077;Gemeinde
Wurmlingen;Gemeinde Wurmlingen;Landkreis Tuttlingen;Baden-Württemberg;083275006054;Gemeinde
Malsburg-Marzell;Gemeinde Malsburg-Marzell;Landkreis Lörrach;Baden-Württemberg;083365001104;Gemeinde
Schwindegg;Gemeinde Schwindegg;Landkreis Mühldorf a.Inn;Bayern;091830144144;Gemeinde
Eggingen;Gemeinde Eggingen;Landkreis Waldshut;Baden-Württemberg;083375008124;Gemeinde
Neetzka;Gemeinde Neetzka;Landkreis Mecklenburgische Seenplatte;Mecklenburg-Vorpommern;130715164105;Gemeinde
Huisheim;Gemeinde Huisheim;Landkreis Donau-Ries;Bayern;097795723167;Gemeinde
Bernstadt;Gemeinde Bernstadt;Landkreis Alb-Donau-Kreis;Baden-Württemberg;084255008019;Gemeinde
Tettnang;Stadt Tettnang;Landkreis Bodenseekreis;Baden-Württemberg;084355006057;Stadt
Huy;Gemeinde Huy;Landkreis Harz;Sachsen-Anhalt;150850185185;Gemeinde
Bargum;Gemeinde Bargum;Kreis Nordfriesland;Schleswig-Holstein;010545494010;Gemeinde
Haldenwang;Gemeinde Haldenwang;Landkreis Oberallgäu;Bayern;097800122122;Gemeinde
Hallgarten;Gemeinde Hallgarten;Landkreis Bad Kreuznach;Rheinland-Pfalz;071335001039;Gemeinde
Allenfeld;Gemeinde Allenfeld;Landkreis Bad Kreuznach;Rheinland-Pfalz;071335006002;Gemeinde
Breitenbrunn;Gemeinde Breitenbrunn;Landkreis Unterallgäu;Bayern;097785759121;Gemeinde
Großrosseln;Gemeinde Großrosseln;Landkreis Regionalverband Saarbrücken;Saarland;100410512512;Gemeinde
Mettlach;Gemeinde Mettlach;Landkreis Merzig-Wadern;Saarland;100420114114;Gemeinde
Merchweiler;Gemeinde Merchweiler;Landkreis Neunkirchen;Saarland;100430113113;Gemeinde
Waging a.See;Gemeinde Waging a.See;Landkreis Traunstein;Bayern;091895173162;Gemeinde
Peiting;Gemeinde Peiting;Landkreis Weilheim-Schongau;Bayern;091900140140;Gemeinde
Eibelstadt;Stadt Eibelstadt;Landkreis Würzburg;Bayern;096795646124;Stadt
Seulingen;Gemeinde Seulingen;Landkreis Göttingen;Niedersachsen;031595404033;Gemeinde
Seeburg;Gemeinde Seeburg;Landkreis Göttingen;Niedersachsen;031595404032;Gemeinde
Spangdahlem;Gemeinde Spangdahlem;Landkreis Eifelkreis Bitburg-Prüm;Rheinland-Pfalz;072325007311;Gemeinde
Fischbach-Oberraden;Gemeinde Fischbach-Oberraden;Landkreis Eifelkreis Bitburg-Prüm;Rheinland-Pfalz;072325005038;Gemeinde
Hütten;Gemeinde Hütten;Landkreis Eifelkreis Bitburg-Prüm;Rheinland-Pfalz;072325005056;Gemeinde
Uppershausen;Gemeinde Uppershausen;Landkreis Eifelkreis Bitburg-Prüm;Rheinland-Pfalz;072325005128;Gemeinde
Jucken;Gemeinde Jucken;Landkreis Eifelkreis Bitburg-Prüm;Rheinland-Pfalz;072325001246;Gemeinde
Süderdeich;Gemeinde Süderdeich;Kreis Dithmarschen;Schleswig-Holstein;010515178109;Gemeinde
Langelsheim;Stadt Langelsheim;Landkreis Goslar;Niedersachsen;031530019019;Stadt
Agathenburg;Gemeinde Agathenburg;Landkreis Stade;Niedersachsen;033595405001;Gemeinde
Thuine;Gemeinde Thuine;Landkreis Emsland;Niedersachsen;034545402053;Gemeinde
Nitz;Gemeinde Nitz;Landkreis Vulkaneifel;Rheinland-Pfalz;072335004228;Gemeinde
Dillstädt;Gemeinde Dillstädt;Landkreis Schmalkalden-Meiningen;Thüringen;160665014016;Gemeinde
Dahlum;Gemeinde Dahlum;Landkreis Wolfenbüttel;Niedersachsen;031585407007;Gemeinde
Temmels;Gemeinde Temmels;Landkreis Trier-Saarburg;Rheinland-Pfalz;072355003133;Gemeinde
Kehlbach;Gemeinde Kehlbach;Landkreis Rhein-Lahn-Kreis;Rheinland-Pfalz;071415007070;Gemeinde
Benzweiler;Gemeinde Benzweiler;Landkreis Rhein-Hunsrück-Kreis;Rheinland-Pfalz;071405008011;Gemeinde
Niederkumbd;Gemeinde Niederkumbd;Landkreis Rhein-Hunsrück-Kreis;Rheinland-Pfalz;071405008106;Gemeinde
Sittensen;Gemeinde Sittensen;Landkreis Rotenburg (Wümme);Niedersachsen;033575405044;Gemeinde
Bottenbach;Gemeinde Bottenbach;Landkreis Südwestpfalz;Rheinland-Pfalz;073405003205;Gemeinde
Schwollen;Gemeinde Schwollen;Landkreis Birkenfeld;Rheinland-Pfalz;071345002080;Gemeinde
Prosselsheim;Gemeinde Prosselsheim;Landkreis Würzburg;Bayern;096795647174;Gemeinde
Linkenheim-Hochstetten;Gemeinde Linkenheim-Hochstetten;Landkreis Karlsruhe;Baden-Württemberg;082150105105;Gemeinde
Forst;Gemeinde Forst;Landkreis Karlsruhe;Baden-Württemberg;082155003021;Gemeinde
Stetten;Gemeinde Stetten;Landkreis Bodenseekreis;Baden-Württemberg;084355004054;Gemeinde
Bilsen;Gemeinde Bilsen;Kreis Pinneberg;Schleswig-Holstein;010565660004;Gemeinde
Bühnsdorf;Gemeinde Bühnsdorf;Kreis Segeberg;Schleswig-Holstein;010605086015;Gemeinde
Schafflund;Gemeinde Schafflund;Kreis Schleswig-Flensburg;Schleswig-Holstein;010595952158;Gemeinde
Jork;Gemeinde Jork;Landkreis Stade;Niedersachsen;033590028028;Gemeinde
Norden;Stadt Norden;Landkreis Aurich;Niedersachsen;034520019019;Stadt
Hagen;Stadt Hagen;Kreisfreie Stadt Hagen;Nordrhein-Westfalen;059140000000;Stadt
Radolfzell am Bodensee;Stadt Radolfzell am Bodensee;Landkreis Konstanz;Baden-Württemberg;083350063063;Stadt
Reutlingen;Stadt Reutlingen;Landkreis Reutlingen;Baden-Württemberg;084150061061;Stadt
Ravensburg;Stadt Ravensburg;Landkreis Ravensburg;Baden-Württemberg;084365005064;Stadt
Argenbühl;Gemeinde Argenbühl;Landkreis Ravensburg;Baden-Württemberg;084360094094;Gemeinde
Bad Wurzach;Stadt Bad Wurzach;Landkreis Ravensburg;Baden-Württemberg;084360010010;Stadt
Eurasburg;Gemeinde Eurasburg;Landkreis Bad Tölz-Wolfratshausen;Bayern;091730123123;Gemeinde
Wolnzach;Gemeinde Wolnzach;Landkreis Pfaffenhofen a.d.Ilm;Bayern;091860162162;Gemeinde
Riedering;Gemeinde Riedering;Landkreis Rosenheim;Bayern;091870167167;Gemeinde
Schmieritz;Gemeinde Schmieritz;Landkreis Saale-Orla-Kreis;Thüringen;160755011099;Gemeinde
Iphofen;Stadt Iphofen;Landkreis Kitzingen;Bayern;096755616139;Stadt
Hetschburg;Gemeinde Hetschburg;Landkreis Weimarer Land;Thüringen;160715008031;Gemeinde
Prenzlau;Stadt Prenzlau;Landkreis Uckermark;Brandenburg;120730452452;Stadt
Warin;Stadt Warin;Landkreis Nordwestmecklenburg;Mecklenburg-Vorpommern;130745457084;Stadt
Lütow;Gemeinde Lütow;Landkreis Vorpommern-Greifswald;Mecklenburg-Vorpommern;130755551087;Gemeinde
Laußig;Gemeinde Laußig;Landkreis Nordsachsen;Sachsen;147300160160;Gemeinde
Erfurt;Stadt Erfurt;Kreisfreie Stadt Erfurt;Thüringen;160510000000;Stadt
Kemberg;Stadt Kemberg;Landkreis Wittenberg;Sachsen-Anhalt;150910160160;Stadt
Ilmtal-Weinstraße;Gemeinde Ilmtal-Weinstraße;Landkreis Weimarer Land;Thüringen;160710101101;Gemeinde
Freienhagen;Gemeinde Freienhagen;Landkreis Eichsfeld;Thüringen;160615008032;Gemeinde
Fretterode;Gemeinde Fretterode;Landkreis Eichsfeld;Thüringen;160615008033;Gemeinde
Rostock;Stadt Rostock;Kreisfreie Stadt Rostock;Mecklenburg-Vorpommern;130030000000;Stadt
Sommersdorf;Gemeinde Sommersdorf;Landkreis Mecklenburgische Seenplatte;Mecklenburg-Vorpommern;130715151139;Gemeinde
Altlandsberg;Stadt Altlandsberg;Landkreis Märkisch-Oderland;Brandenburg;120640029029;Stadt
Nienhagen;Gemeinde Nienhagen;Landkreis Rostock;Mecklenburg-Vorpommern;130725251075;Gemeinde
Altenahr;Gemeinde Altenahr;Landkreis Ahrweiler;Rheinland-Pfalz;071315002003;Gemeinde
Ohrdruf;Stadt Ohrdruf;Landkreis Gotha;Thüringen;160675050053;Stadt
Heyen;Gemeinde Heyen;Landkreis Holzminden;Niedersachsen;032555408020;Gemeinde
Nordsehl;Gemeinde Nordsehl;Landkreis Schaumburg;Niedersachsen;032575404027;Gemeinde
Kiebitzreihe;Gemeinde Kiebitzreihe;Kreis Steinburg;Schleswig-Holstein;010615134050;Gemeinde
Gribbohm;Gemeinde Gribbohm;Kreis Steinburg;Schleswig-Holstein;010615168031;Gemeinde
Nutteln;Gemeinde Nutteln;Kreis Steinburg;Schleswig-Holstein;010615168078;Gemeinde
Nortorf;Gemeinde Nortorf;Kreis Steinburg;Schleswig-Holstein;010615179077;Gemeinde
Wewelsfleth;Gemeinde Wewelsfleth;Kreis Steinburg;Schleswig-Holstein;010615179110;Gemeinde
Meckenbach;Gemeinde Meckenbach;Landkreis Birkenfeld;Rheinland-Pfalz;071345002053;Gemeinde
Dambach;Gemeinde Dambach;Landkreis Birkenfeld;Rheinland-Pfalz;071345002018;Gemeinde
Kirschweiler;Gemeinde Kirschweiler;Landkreis Birkenfeld;Rheinland-Pfalz;071345005047;Gemeinde
Forst;Gemeinde Forst;Landkreis Altenkirchen (Westerwald);Rheinland-Pfalz;071325006034;Gemeinde
Serba;Gemeinde Serba;Landkreis Saale-Holzland-Kreis;Thüringen;160745053091;Gemeinde
Grobengereuth;Gemeinde Grobengereuth;Landkreis Saale-Orla-Kreis;Thüringen;160755005039;Gemeinde
Friesenhagen;Gemeinde Friesenhagen;Landkreis Altenkirchen (Westerwald);Rheinland-Pfalz;071325007037;Gemeinde
Michelbach (Westerwald);Gemeinde Michelbach (Westerwald);Landkreis Altenkirchen (Westerwald);Rheinland-Pfalz;071325010070;Gemeinde
Krunkel;Gemeinde Krunkel;Landkreis Altenkirchen (Westerwald);Rheinland-Pfalz;071325010065;Gemeinde
Gommersheim;Gemeinde Gommersheim;Landkreis Südliche Weinstraße;Rheinland-Pfalz;073375003032;Gemeinde
Battweiler;Gemeinde Battweiler;Landkreis Südwestpfalz;Rheinland-Pfalz;073405008202;Gemeinde
Dockendorf;Gemeinde Dockendorf;Landkreis Eifelkreis Bitburg-Prüm;Rheinland-Pfalz;072325008026;Gemeinde
Rechberghausen;Gemeinde Rechberghausen;Landkreis Göppingen;Baden-Württemberg;081175008038;Gemeinde
Albershausen;Gemeinde Albershausen;Landkreis Göppingen;Baden-Württemberg;081175010003;Gemeinde
Quickborn;Gemeinde Quickborn;Kreis Dithmarschen;Schleswig-Holstein;010515163089;Gemeinde
Diekhusen-Fahrstedt;Gemeinde Diekhusen-Fahrstedt;Kreis Dithmarschen;Schleswig-Holstein;010515166021;Gemeinde
Venningen;Gemeinde Venningen;Landkreis Südliche Weinstraße;Rheinland-Pfalz;073375003077;Gemeinde
Hauenstein;Gemeinde Hauenstein;Landkreis Südwestpfalz;Rheinland-Pfalz;073405002014;Gemeinde
Weselberg;Gemeinde Weselberg;Landkreis Südwestpfalz;Rheinland-Pfalz;073405009055;Gemeinde
Carlsberg;Gemeinde Carlsberg;Landkreis Bad Dürkheim;Rheinland-Pfalz;073325007007;Gemeinde
Nieder-Wiesen;Gemeinde Nieder-Wiesen;Landkreis Alzey-Worms;Rheinland-Pfalz;073315001051;Gemeinde
Hardthausen am Kocher;Gemeinde Hardthausen am Kocher;Landkreis Heilbronn;Baden-Württemberg;081255009111;Gemeinde
Gramschatzer Wald;Gemeindefreies Gebiet Gramschatzer Wald;Landkreis Würzburg;Bayern;096799451451;Gemeindefreies Gebiet
Rellingen;Gemeinde Rellingen;Kreis Pinneberg;Schleswig-Holstein;010560043043;Gemeinde
Moraas;Gemeinde Moraas;Landkreis Ludwigslust-Parchim;Mecklenburg-Vorpommern;130765658099;Gemeinde
Gerhardsbrunn;Gemeinde Gerhardsbrunn;Landkreis Kaiserslautern;Rheinland-Pfalz;073355001011;Gemeinde
Niedersohren;Gemeinde Niedersohren;Landkreis Rhein-Hunsrück-Kreis;Rheinland-Pfalz;071405004107;Gemeinde
Reichweiler;Gemeinde Reichweiler;Landkreis Kusel;Rheinland-Pfalz;073365010084;Gemeinde
Grünewald;Gemeinde Grünewald;Landkreis Oberspreewald-Lausitz;Brandenburg;120665607116;Gemeinde
Seelbach;Gemeinde Seelbach;Landkreis Rhein-Lahn-Kreis;Rheinland-Pfalz;071415010128;Gemeinde
Herren-Sulzbach;Gemeinde Herren-Sulzbach;Landkreis Kusel;Rheinland-Pfalz;073365008040;Gemeinde
Perkam;Gemeinde Perkam;Landkreis Straubing-Bogen;Bayern;092785250172;Gemeinde
Schönenberg-Kübelberg;Gemeinde Schönenberg-Kübelberg;Landkreis Kusel;Rheinland-Pfalz;073365009092;Gemeinde
Wahnwegen;Gemeinde Wahnwegen;Landkreis Kusel;Rheinland-Pfalz;073365009101;Gemeinde
Glan-Münchweiler;Gemeinde Glan-Münchweiler;Landkreis Kusel;Rheinland-Pfalz;073365009031;Gemeinde
Albessen;Gemeinde Albessen;Landkreis Kusel;Rheinland-Pfalz;073365010002;Gemeinde
Bad Vilbel;Stadt Bad Vilbel;Landkreis Wetteraukreis;Hessen;064400003003;Stadt
Dattenberg;Gemeinde Dattenberg;Landkreis Neuwied;Rheinland-Pfalz;071385004009;Gemeinde
Wiesemscheid;Gemeinde Wiesemscheid;Landkreis Ahrweiler;Rheinland-Pfalz;071315001083;Gemeinde
Aremberg;Gemeinde Aremberg;Landkreis Ahrweiler;Rheinland-Pfalz;071315001005;Gemeinde
Kesseling;Gemeinde Kesseling;Landkreis Ahrweiler;Rheinland-Pfalz;071315002039;Gemeinde
Heckenbach;Gemeinde Heckenbach;Landkreis Ahrweiler;Rheinland-Pfalz;071315002027;Gemeinde
Niederfischbach;Gemeinde Niederfischbach;Landkreis Altenkirchen (Westerwald);Rheinland-Pfalz;071325007076;Gemeinde
Berschweiler bei Baumholder;Gemeinde Berschweiler bei Baumholder;Landkreis Birkenfeld;Rheinland-Pfalz;071345001008;Gemeinde
Panzweiler;Gemeinde Panzweiler;Landkreis Cochem-Zell;Rheinland-Pfalz;071355005070;Gemeinde
Andernach;Stadt Andernach;Landkreis Mayen-Koblenz;Rheinland-Pfalz;071370003003;Stadt
Scheinfeld;Stadt Scheinfeld;Landkreis Neustadt a.d.Aisch-Bad Windsheim;Bayern;095755518161;Stadt
Markt Taschendorf;Gemeinde Markt Taschendorf;Landkreis Neustadt a.d.Aisch-Bad Windsheim;Bayern;095755518147;Gemeinde
Scheibenberg;Stadt Scheibenberg;Landkreis Erzgebirgskreis;Sachsen;145215130510;Stadt
Dummerstorf;Gemeinde Dummerstorf;Landkreis Rostock;Mecklenburg-Vorpommern;130720029029;Gemeinde
Penzin;Gemeinde Penzin;Landkreis Rostock;Mecklenburg-Vorpommern;130725252078;Gemeinde
Windbergen;Gemeinde Windbergen;Kreis Dithmarschen;Schleswig-Holstein;010515175134;Gemeinde
Rappin;Gemeinde Rappin;Landkreis Vorpommern-Rügen;Mecklenburg-Vorpommern;130735353074;Gemeinde
Kneese;Gemeinde Kneese;Landkreis Nordwestmecklenburg;Mecklenburg-Vorpommern;130745452040;Gemeinde
Zarrendorf;Gemeinde Zarrendorf;Landkreis Vorpommern-Rügen;Mecklenburg-Vorpommern;130735358104;Gemeinde
Markneukirchen;Stadt Markneukirchen;Landkreis Vogtlandkreis;Sachsen;145230200200;Stadt
Ingenried;Gemeinde Ingenried;Landkreis Weilheim-Schongau;Bayern;091905174133;Gemeinde
Offenberg;Gemeinde Offenberg;Landkreis Deggendorf;Bayern;092710140140;Gemeinde
Boiensdorf;Gemeinde Boiensdorf;Landkreis Nordwestmecklenburg;Mecklenburg-Vorpommern;130745456009;Gemeinde
Hunding;Gemeinde Hunding;Landkreis Deggendorf;Bayern;092715202126;Gemeinde
Lülsfeld;Gemeinde Lülsfeld;Landkreis Schweinfurt;Bayern;096785642153;Gemeinde
Hacklberg;Gemeindefreies Gebiet Hacklberg;Landkreis Kelheim;Bayern;092739453453;Gemeindefreies Gebiet
Adlkofen;Gemeinde Adlkofen;Landkreis Landshut;Bayern;092740111111;Gemeinde
Iven;Gemeinde Iven;Landkreis Vorpommern-Greifswald;Mecklenburg-Vorpommern;130755553053;Gemeinde
Behrenhoff;Gemeinde Behrenhoff;Landkreis Vorpommern-Greifswald;Mecklenburg-Vorpommern;130755555008;Gemeinde
Poxdorf;Gemeinde Poxdorf;Landkreis Forchheim;Bayern;094745425160;Gemeinde
Baierbach;Gemeinde Baierbach;Landkreis Landshut;Bayern;092745226118;Gemeinde
Salzweg;Gemeinde Salzweg;Landkreis Passau;Bayern;092750146146;Gemeinde
Neu Boltenhagen;Gemeinde Neu Boltenhagen;Landkreis Vorpommern-Greifswald;Mecklenburg-Vorpommern;130755557097;Gemeinde
Erlenbach a.Main;Stadt Erlenbach a.Main;Landkreis Miltenberg;Bayern;096760122122;Stadt
Hettstadt;Gemeinde Hettstadt;Landkreis Würzburg;Bayern;096795655146;Gemeinde
Großheubach;Gemeinde Großheubach;Landkreis Miltenberg;Bayern;096760125125;Gemeinde
Rimbach;Gemeinde Rimbach;Landkreis Rottal-Inn;Bayern;092775239141;Gemeinde
Roßbach;Gemeinde Roßbach;Landkreis Rottal-Inn;Bayern;092770142142;Gemeinde
Kröppelshagen-Fahrendorf;Gemeinde Kröppelshagen-Fahrendorf;Kreis Herzogtum Lauenburg;Schleswig-Holstein;010535323072;Gemeinde
Schmidmühlen;Gemeinde Schmidmühlen;Landkreis Amberg-Sulzbach;Bayern;093710148148;Gemeinde
Leidersbach;Gemeinde Leidersbach;Landkreis Miltenberg;Bayern;096760136136;Gemeinde
Oberschneiding;Gemeinde Oberschneiding;Landkreis Straubing-Bogen;Bayern;092780167167;Gemeinde
Hamfelde;Gemeinde Hamfelde;Kreis Stormarn;Schleswig-Holstein;010625270026;Gemeinde
Grande;Gemeinde Grande;Kreis Stormarn;Schleswig-Holstein;010625270020;Gemeinde
Gemünden a.Main;Stadt Gemünden a.Main;Landkreis Main-Spessart;Bayern;096770131131;Stadt
Walderbach;Gemeinde Walderbach;Landkreis Cham;Bayern;093725313170;Gemeinde
Groß Buchwald;Gemeinde Groß Buchwald;Kreis Rendsburg-Eckernförde;Schleswig-Holstein;010585889064;Gemeinde
Hiltenfingen;Gemeinde Hiltenfingen;Landkreis Augsburg;Bayern;097725712157;Gemeinde
Mühbrook;Gemeinde Mühbrook;Kreis Rendsburg-Eckernförde;Schleswig-Holstein;010585889108;Gemeinde
Duggendorf;Gemeinde Duggendorf;Landkreis Regensburg;Bayern;093755332131;Gemeinde
Mötzing;Gemeinde Mötzing;Landkreis Regensburg;Bayern;093755338171;Gemeinde
Langen Brütz;Gemeinde Langen Brütz;Landkreis Ludwigslust-Parchim;Mecklenburg-Vorpommern;130765668080;Gemeinde
Frankenberg/Sa.;Stadt Frankenberg/Sa.;Landkreis Mittelsachsen;Sachsen;145220150150;Stadt
Neukirchen/Erzgeb.;Gemeinde Neukirchen/Erzgeb.;Landkreis Erzgebirgskreis;Sachsen;145210410410;Gemeinde
Thalheim/Erzgeb.;Stadt Thalheim/Erzgeb.;Landkreis Erzgebirgskreis;Sachsen;145210620620;Stadt
Koblentz;Gemeinde Koblentz;Landkreis Vorpommern-Greifswald;Mecklenburg-Vorpommern;130755560063;Gemeinde
Elterlein;Stadt Elterlein;Landkreis Erzgebirgskreis;Sachsen;145215140180;Stadt
Brand-Erbisdorf;Stadt Brand-Erbisdorf;Landkreis Mittelsachsen;Sachsen;145220050050;Stadt
Augustusburg;Stadt Augustusburg;Landkreis Mittelsachsen;Sachsen;145220020020;Stadt
Grebs-Niendorf;Gemeinde Grebs-Niendorf;Landkreis Ludwigslust-Parchim;Mecklenburg-Vorpommern;130765654053;Gemeinde
Plau am See;Stadt Plau am See;Landkreis Ludwigslust-Parchim;Mecklenburg-Vorpommern;130765663114;Stadt
Kriebstein;Gemeinde Kriebstein;Landkreis Mittelsachsen;Sachsen;145220300300;Gemeinde
Petershausen;Gemeinde Petershausen;Landkreis Dachau;Bayern;091740136136;Gemeinde
Sande;Gemeinde Sande;Landkreis Friesland;Niedersachsen;034550014014;Gemeinde
Wallhausen;Gemeinde Wallhausen;Landkreis Bad Kreuznach;Rheinland-Pfalz;071335006109;Gemeinde
Ostrhauderfehn;Gemeinde Ostrhauderfehn;Landkreis Leer;Niedersachsen;034570017017;Gemeinde
Otzweiler;Gemeinde Otzweiler;Landkreis Bad Kreuznach;Rheinland-Pfalz;071335009077;Gemeinde
Limbach;Gemeinde Limbach;Landkreis Bad Kreuznach;Rheinland-Pfalz;071335009059;Gemeinde
Bad Essen;Gemeinde Bad Essen;Landkreis Osnabrück;Niedersachsen;034590003003;Gemeinde
Twist;Gemeinde Twist;Landkreis Emsland;Niedersachsen;034540054054;Gemeinde
Stavern;Gemeinde Stavern;Landkreis Emsland;Niedersachsen;034545407050;Gemeinde
Niederroßbach;Gemeinde Niederroßbach;Landkreis Westerwaldkreis;Rheinland-Pfalz;071435006274;Gemeinde
Sulzbach (Taunus);Gemeinde Sulzbach (Taunus);Landkreis Main-Taunus-Kreis;Hessen;064360012012;Gemeinde
Waigandshain;Gemeinde Waigandshain;Landkreis Westerwaldkreis;Rheinland-Pfalz;071435006302;Gemeinde
Scheßlitz;Stadt Scheßlitz;Landkreis Bamberg;Bayern;094710185185;Stadt
Weidenhahn;Gemeinde Weidenhahn;Landkreis Westerwaldkreis;Rheinland-Pfalz;071435007305;Gemeinde
Bottrop;Stadt Bottrop;Kreisfreie Stadt Bottrop;Nordrhein-Westfalen;055120000000;Stadt
Wartenberg;Gemeinde Wartenberg;Landkreis Vogelsbergkreis;Hessen;065350019019;Gemeinde
Mähren;Gemeinde Mähren;Landkreis Westerwaldkreis;Rheinland-Pfalz;071435008502;Gemeinde
Krümmel;Gemeinde Krümmel;Landkreis Westerwaldkreis;Rheinland-Pfalz;071435007041;Gemeinde
Memmelsdorf;Gemeinde Memmelsdorf;Landkreis Bamberg;Bayern;094710159159;Gemeinde
Königswinter;Stadt Königswinter;Kreis Rhein-Sieg-Kreis;Nordrhein-Westfalen;053820024024;Stadt
Ladbergen;Gemeinde Ladbergen;Kreis Steinfurt;Nordrhein-Westfalen;055660032032;Gemeinde
Hauptsmoor;Gemeindefreies Gebiet Hauptsmoor;Landkreis Bamberg;Bayern;094719455455;Gemeindefreies Gebiet
Werther (Westf.);Stadt Werther (Westf.);Kreis Gütersloh;Nordrhein-Westfalen;057540052052;Stadt
Kirchenpingarten;Gemeinde Kirchenpingarten;Landkreis Bayreuth;Bayern;094725415156;Gemeinde
Meisburg;Gemeinde Meisburg;Landkreis Vulkaneifel;Rheinland-Pfalz;072335001043;Gemeinde
Klütz;Stadt Klütz;Landkreis Nordwestmecklenburg;Mecklenburg-Vorpommern;130745454039;Stadt
Beverungen;Stadt Beverungen;Kreis Höxter;Nordrhein-Westfalen;057620008008;Stadt
Betteldorf;Gemeinde Betteldorf;Landkreis Vulkaneifel;Rheinland-Pfalz;072335001006;Gemeinde
Brimingen;Gemeinde Brimingen;Landkreis Eifelkreis Bitburg-Prüm;Rheinland-Pfalz;072325008502;Gemeinde
Köllnholz;Gemeindefreies Gebiet Köllnholz;Landkreis Coburg;Bayern;094739454454;Gemeindefreies Gebiet
Stockheim;Gemeinde Stockheim;Landkreis Kronach;Bayern;094760178178;Gemeinde
Pressig;Gemeinde Pressig;Landkreis Kronach;Bayern;094760164164;Gemeinde
Birnbaum;Gemeindefreies Gebiet Birnbaum;Landkreis Kronach;Bayern;094769451451;Gemeindefreies Gebiet
Himmelkron;Gemeinde Himmelkron;Landkreis Kulmbach;Bayern;094770121121;Gemeinde
Saxler;Gemeinde Saxler;Landkreis Vulkaneifel;Rheinland-Pfalz;072335001062;Gemeinde
Langenwetzendorf;Gemeinde Langenwetzendorf;Landkreis Greiz;Thüringen;160765056039;Gemeinde
Egeln;Stadt Egeln;Landkreis Salzlandkreis;Sachsen-Anhalt;150895051075;Stadt
Bad Orb;Stadt Bad Orb;Landkreis Main-Kinzig-Kreis;Hessen;064350001001;Stadt
Birkenau;Gemeinde Birkenau;Landkreis Bergstraße;Hessen;064310004004;Gemeinde
Lampertheim;Stadt Lampertheim;Landkreis Bergstraße;Hessen;064310013013;Stadt
Schönborn;Gemeinde Schönborn;Landkreis Donnersbergkreis;Rheinland-Pfalz;073335007068;Gemeinde
Kirchhundem;Gemeinde Kirchhundem;Kreis Olpe;Nordrhein-Westfalen;059660016016;Gemeinde
Winnweiler;Gemeinde Winnweiler;Landkreis Donnersbergkreis;Rheinland-Pfalz;073335006503;Gemeinde
Gründau;Gemeinde Gründau;Landkreis Main-Kinzig-Kreis;Hessen;064350012012;Gemeinde
Niddatal;Stadt Niddatal;Landkreis Wetteraukreis;Hessen;064400017017;Stadt
Schossin;Gemeinde Schossin;Landkreis Ludwigslust-Parchim;Mecklenburg-Vorpommern;130765665121;Gemeinde
Brensbach;Gemeinde Brensbach;Landkreis Odenwaldkreis;Hessen;064370003003;Gemeinde
Hohenstein;Gemeinde Hohenstein;Landkreis Rheingau-Taunus-Kreis;Hessen;064390006006;Gemeinde
Leun;Stadt Leun;Landkreis Lahn-Dill-Kreis;Hessen;065320016016;Stadt
Essenheim;Gemeinde Essenheim;Landkreis Mainz-Bingen;Rheinland-Pfalz;073395006017;Gemeinde
Sinn;Gemeinde Sinn;Landkreis Lahn-Dill-Kreis;Hessen;065320020020;Gemeinde
Solms;Stadt Solms;Landkreis Lahn-Dill-Kreis;Hessen;065320021021;Stadt
Löhnberg;Gemeinde Löhnberg;Landkreis Limburg-Weilburg;Hessen;065330010010;Gemeinde
Oppenheim;Stadt Oppenheim;Landkreis Mainz-Bingen;Rheinland-Pfalz;073395007049;Stadt
Lohra;Gemeinde Lohra;Landkreis Marburg-Biedenkopf;Hessen;065340013013;Gemeinde
Steffenberg;Gemeinde Steffenberg;Landkreis Marburg-Biedenkopf;Hessen;065340019019;Gemeinde
Stafstedt;Gemeinde Stafstedt;Kreis Rendsburg-Eckernförde;Schleswig-Holstein;010585853155;Gemeinde
Wintersheim;Gemeinde Wintersheim;Landkreis Mainz-Bingen;Rheinland-Pfalz;073395007066;Gemeinde
Aspisheim;Gemeinde Aspisheim;Landkreis Mainz-Bingen;Rheinland-Pfalz;073395008002;Gemeinde
Zotzenheim;Gemeinde Zotzenheim;Landkreis Mainz-Bingen;Rheinland-Pfalz;073395008068;Gemeinde
Maring-Noviand;Gemeinde Maring-Noviand;Landkreis Bernkastel-Wittlich;Rheinland-Pfalz;072315001081;Gemeinde
Künzell;Gemeinde Künzell;Landkreis Fulda;Hessen;066310017017;Gemeinde
Untersteinach;Gemeinde Untersteinach;Landkreis Kulmbach;Bayern;094775437159;Gemeinde
Söhrewald;Gemeinde Söhrewald;Landkreis Kassel;Hessen;066330024024;Gemeinde
Forstern;Gemeinde Forstern;Landkreis Erding;Bayern;091770119119;Gemeinde
Kalbsrieth;Gemeinde Kalbsrieth;Landkreis Kyffhäuserkreis;Thüringen;160655055042;Gemeinde
Gebsattel;Gemeinde Gebsattel;Landkreis Ansbach;Bayern;095715501152;Gemeinde
Adelshofen;Gemeinde Adelshofen;Landkreis Ansbach;Bayern;095715501111;Gemeinde
Diebach;Gemeinde Diebach;Landkreis Ansbach;Bayern;095715502134;Gemeinde
Moxa;Gemeinde Moxa;Landkreis Saale-Orla-Kreis;Thüringen;160755013069;Gemeinde
Gremsdorf;Gemeinde Gremsdorf;Landkreis Erlangen-Höchstadt;Bayern;095725510126;Gemeinde
Buckenhofer Forst;Gemeindefreies Gebiet Buckenhofer Forst;Landkreis Erlangen-Höchstadt;Bayern;095729452452;Gemeindefreies Gebiet
Wilhermsdorf;Gemeinde Wilhermsdorf;Landkreis Fürth;Bayern;095730133133;Gemeinde
Spatzenhausen;Gemeinde Spatzenhausen;Landkreis Garmisch-Partenkirchen;Bayern;091805137133;Gemeinde
Prittriching;Gemeinde Prittriching;Landkreis Landsberg am Lech;Bayern;091815140134;Gemeinde
Hohenfinow;Gemeinde Hohenfinow;Landkreis Barnim;Brandenburg;120605011092;Gemeinde
Drei Gleichen;Gemeinde Drei Gleichen;Landkreis Gotha;Thüringen;160675052089;Gemeinde
Gotha;Stadt Gotha;Landkreis Gotha;Thüringen;160670029029;Stadt
Nöda;Gemeinde Nöda;Landkreis Sömmerda;Thüringen;160685012037;Gemeinde
Kappel;Gemeinde Kappel;Landkreis Rhein-Hunsrück-Kreis;Rheinland-Pfalz;071405004062;Gemeinde
Dörnberg;Gemeinde Dörnberg;Landkreis Rhein-Lahn-Kreis;Rheinland-Pfalz;071415003030;Gemeinde
Gornhausen;Gemeinde Gornhausen;Landkreis Bernkastel-Wittlich;Rheinland-Pfalz;072315001040;Gemeinde
Aitrach;Gemeinde Aitrach;Landkreis Ravensburg;Baden-Württemberg;084365004004;Gemeinde
Rorodt;Gemeinde Rorodt;Landkreis Bernkastel-Wittlich;Rheinland-Pfalz;072315006112;Gemeinde
Horath;Gemeinde Horath;Landkreis Bernkastel-Wittlich;Rheinland-Pfalz;072315006058;Gemeinde
Pellworm;Gemeinde Pellworm;Kreis Nordfriesland;Schleswig-Holstein;010545459103;Gemeinde
Laufeld;Gemeinde Laufeld;Landkreis Bernkastel-Wittlich;Rheinland-Pfalz;072315008074;Gemeinde
Altenhof;Gemeinde Altenhof;Kreis Rendsburg-Eckernförde;Schleswig-Holstein;010585893004;Gemeinde
Geratal;Gemeinde Geratal;Landkreis Ilm-Kreis;Thüringen;160700057057;Gemeinde
Dornheim;Gemeinde Dornheim;Landkreis Ilm-Kreis;Thüringen;160705009008;Gemeinde
Utersum;Gemeinde Utersum;Kreis Nordfriesland;Schleswig-Holstein;010545488143;Gemeinde
Tautenburg;Gemeinde Tautenburg;Landkreis Saale-Holzland-Kreis;Thüringen;160745015096;Gemeinde
Sonnewalde;Stadt Sonnewalde;Landkreis Elbe-Elster;Brandenburg;120620469469;Stadt
Hoppegarten;Gemeinde Hoppegarten;Landkreis Märkisch-Oderland;Brandenburg;120640227227;Gemeinde
Schwarzheide;Stadt Schwarzheide;Landkreis Oberspreewald-Lausitz;Brandenburg;120660296296;Stadt
Brieskow-Finkenheerd;Gemeinde Brieskow-Finkenheerd;Landkreis Oder-Spree;Brandenburg;120675701076;Gemeinde
Brinjahe;Gemeinde Brinjahe;Kreis Rendsburg-Eckernförde;Schleswig-Holstein;010585853031;Gemeinde
Petershagen/Eggersdorf;Gemeinde Petershagen/Eggersdorf;Landkreis Märkisch-Oderland;Brandenburg;120640380380;Gemeinde
Sophienhamm;Gemeinde Sophienhamm;Kreis Rendsburg-Eckernförde;Schleswig-Holstein;010585847154;Gemeinde
Bleyen-Genschmar;Gemeinde Bleyen-Genschmar;Landkreis Märkisch-Oderland;Brandenburg;120645404057;Gemeinde
Polzow;Gemeinde Polzow;Landkreis Vorpommern-Greifswald;Mecklenburg-Vorpommern;130755560109;Gemeinde
Schönberg;Gemeinde Schönberg;Landkreis Mühldorf a.Inn;Bayern;091835150143;Gemeinde
Garching b.München;Stadt Garching b.München;Landkreis München;Bayern;091840119119;Stadt
Höslwang;Gemeinde Höslwang;Landkreis Rosenheim;Bayern;091875162145;Gemeinde
Gelbensande;Gemeinde Gelbensande;Landkreis Rostock;Mecklenburg-Vorpommern;130725260032;Gemeinde
Lunden;Gemeinde Lunden;Kreis Dithmarschen;Schleswig-Holstein;010515169071;Gemeinde
Burgstädt;Stadt Burgstädt;Landkreis Mittelsachsen;Sachsen;145225102060;Stadt
Vielitzsee;Gemeinde Vielitzsee;Landkreis Ostprignitz-Ruppin;Brandenburg;120685804437;Gemeinde
Mittweida;Stadt Mittweida;Landkreis Mittelsachsen;Sachsen;145225119360;Stadt
Jüterbog;Stadt Jüterbog;Landkreis Teltow-Fläming;Brandenburg;120720169169;Stadt
Höttingen;Gemeinde Höttingen;Landkreis Weißenburg-Gunzenhausen;Bayern;095775534141;Gemeinde
Langenaltheim;Gemeinde Langenaltheim;Landkreis Weißenburg-Gunzenhausen;Bayern;095770148148;Gemeinde
Pappenheim;Stadt Pappenheim;Landkreis Weißenburg-Gunzenhausen;Bayern;095770158158;Stadt
Dahme/Mark;Stadt Dahme/Mark;Landkreis Teltow-Fläming;Brandenburg;120725204053;Stadt
Notzingen;Gemeinde Notzingen;Landkreis Esslingen;Baden-Württemberg;081165001048;Gemeinde
Haseldorf;Gemeinde Haseldorf;Kreis Pinneberg;Schleswig-Holstein;010565690020;Gemeinde
Neuburg am Rhein;Gemeinde Neuburg am Rhein;Landkreis Germersheim;Rheinland-Pfalz;073345002021;Gemeinde
Frankenstein;Gemeinde Frankenstein;Landkreis Kaiserslautern;Rheinland-Pfalz;073355002010;Gemeinde
Tiefenthal;Gemeinde Tiefenthal;Landkreis Bad Dürkheim;Rheinland-Pfalz;073325007044;Gemeinde
Dernbach;Gemeinde Dernbach;Landkreis Südliche Weinstraße;Rheinland-Pfalz;073375001017;Gemeinde
Schweigen-Rechtenbach;Gemeinde Schweigen-Rechtenbach;Landkreis Südliche Weinstraße;Rheinland-Pfalz;073375002071;Gemeinde
Steinfeld;Gemeinde Steinfeld;Landkreis Südliche Weinstraße;Rheinland-Pfalz;073375002076;Gemeinde
Körperich;Gemeinde Körperich;Landkreis Eifelkreis Bitburg-Prüm;Rheinland-Pfalz;072325005067;Gemeinde
Hallschlag;Gemeinde Hallschlag;Landkreis Vulkaneifel;Rheinland-Pfalz;072335006214;Gemeinde
Framersheim;Gemeinde Framersheim;Landkreis Alzey-Worms;Rheinland-Pfalz;073315001026;Gemeinde
Wacken;Gemeinde Wacken;Kreis Steinburg;Schleswig-Holstein;010615168107;Gemeinde
Grube;Gemeinde Grube;Kreis Ostholstein;Schleswig-Holstein;010550018018;Gemeinde
Klein Barkau;Gemeinde Klein Barkau;Kreis Plön;Schleswig-Holstein;010575747037;Gemeinde
Warnau;Gemeinde Warnau;Kreis Plön;Schleswig-Holstein;010575747086;Gemeinde
Lütjenwestedt;Gemeinde Lütjenwestedt;Kreis Rendsburg-Eckernförde;Schleswig-Holstein;010585895100;Gemeinde
Hattert;Gemeinde Hattert;Landkreis Westerwaldkreis;Rheinland-Pfalz;071435002235;Gemeinde
Boren;Gemeinde Boren;Kreis Schleswig-Flensburg;Schleswig-Holstein;010595974187;Gemeinde
Limbach;Gemeinde Limbach;Landkreis Westerwaldkreis;Rheinland-Pfalz;071435002257;Gemeinde
Fuhlendorf;Gemeinde Fuhlendorf;Kreis Segeberg;Schleswig-Holstein;010605005023;Gemeinde
Hagen;Gemeinde Hagen;Kreis Segeberg;Schleswig-Holstein;010605005031;Gemeinde
Vechelde;Gemeinde Vechelde;Landkreis Peine;Niedersachsen;031570007007;Gemeinde
Bovenden;Gemeinde Bovenden;Landkreis Göttingen;Niedersachsen;031590007007;Gemeinde
Dedelstorf;Gemeinde Dedelstorf;Landkreis Gifhorn;Niedersachsen;031515403007;Gemeinde
Parsau;Gemeinde Parsau;Landkreis Gifhorn;Niedersachsen;031515402021;Gemeinde
Didderse;Gemeinde Didderse;Landkreis Gifhorn;Niedersachsen;031515406041;Gemeinde
Owschlag;Gemeinde Owschlag;Kreis Rendsburg-Eckernförde;Schleswig-Holstein;010585890127;Gemeinde
Burgwedel;Stadt Burgwedel;Landkreis Region Hannover;Niedersachsen;032410004004;Stadt
Oberaurach;Gemeinde Oberaurach;Landkreis Haßberge;Bayern;096740159159;Gemeinde
Alesheim;Gemeinde Alesheim;Landkreis Weißenburg-Gunzenhausen;Bayern;095775533113;Gemeinde
Westerau;Gemeinde Westerau;Kreis Stormarn;Schleswig-Holstein;010625244083;Gemeinde
Marktbreit;Stadt Marktbreit;Landkreis Kitzingen;Bayern;096755618147;Stadt
Schellerten;Gemeinde Schellerten;Landkreis Hildesheim;Niedersachsen;032540029029;Gemeinde
Bergrheinfeld;Gemeinde Bergrheinfeld;Landkreis Schweinfurt;Bayern;096780115115;Gemeinde
Randersacker;Gemeinde Randersacker;Landkreis Würzburg;Bayern;096790175175;Gemeinde
Ehingen;Gemeinde Ehingen;Landkreis Augsburg;Bayern;097725706134;Gemeinde
Aystetten;Gemeinde Aystetten;Landkreis Augsburg;Bayern;097720117117;Gemeinde
Karwitz;Gemeinde Karwitz;Landkreis Lüchow-Dannenberg;Niedersachsen;033545406012;Gemeinde
Brietlingen;Gemeinde Brietlingen;Landkreis Lüneburg;Niedersachsen;033555407011;Gemeinde
Aletshausen;Gemeinde Aletshausen;Landkreis Günzburg;Bayern;097745731111;Gemeinde
Senden;Stadt Senden;Landkreis Neu-Ulm;Bayern;097750152152;Stadt
Hörnum (Sylt);Gemeinde Hörnum (Sylt);Kreis Nordfriesland;Schleswig-Holstein;010545439046;Gemeinde
Drochtersen;Gemeinde Drochtersen;Landkreis Stade;Niedersachsen;033590013013;Gemeinde
Burweg;Gemeinde Burweg;Landkreis Stade;Niedersachsen;033595409009;Gemeinde
Münchwald;Gemeinde Münchwald;Landkreis Bad Kreuznach;Rheinland-Pfalz;071335006068;Gemeinde
Himbergen;Gemeinde Himbergen;Landkreis Uelzen;Niedersachsen;033605407011;Gemeinde
Gyhum;Gemeinde Gyhum;Landkreis Rotenburg (Wümme);Niedersachsen;033575408018;Gemeinde
Ronneburg;Stadt Ronneburg;Landkreis Greiz;Thüringen;160760061061;Stadt
Löbau;Stadt Löbau;Landkreis Görlitz;Sachsen;146265220290;Stadt
Dürrhennersdorf;Gemeinde Dürrhennersdorf;Landkreis Görlitz;Sachsen;146265224070;Gemeinde
Reinhardtsdorf-Schöna;Gemeinde Reinhardtsdorf-Schöna;Landkreis Sächsische Schweiz-Osterzgebirge;Sachsen;146285204330;Gemeinde
Jesberg;Gemeinde Jesberg;Landkreis Schwalm-Eder-Kreis;Hessen;066340010010;Gemeinde
Naunhof;Stadt Naunhof;Landkreis Leipzig;Sachsen;147295307300;Stadt
Bad Zwesten;Gemeinde Bad Zwesten;Landkreis Schwalm-Eder-Kreis;Hessen;066340027027;Gemeinde
Leimbach;Gemeinde Leimbach;Landkreis Ahrweiler;Rheinland-Pfalz;071315001044;Gemeinde
Hinterzarten;Gemeinde Hinterzarten;Landkreis Breisgau-Hochschwarzwald;Baden-Württemberg;083155008052;Gemeinde
Bad Hönningen;Stadt Bad Hönningen;Landkreis Neuwied;Rheinland-Pfalz;071385002004;Stadt
Rohrberg;Gemeinde Rohrberg;Landkreis Altmarkkreis Salzwedel;Sachsen-Anhalt;150815051440;Gemeinde
Satteldorf;Gemeinde Satteldorf;Landkreis Schwäbisch Hall;Baden-Württemberg;081275002073;Gemeinde
Groitzsch;Stadt Groitzsch;Landkreis Leipzig;Sachsen;147290170170;Stadt
St. Märgen;Gemeinde St. Märgen;Landkreis Breisgau-Hochschwarzwald;Baden-Württemberg;083155013094;Gemeinde
Rastatt;Stadt Rastatt;Landkreis Rastatt;Baden-Württemberg;082165005043;Stadt
Ringleben;Gemeinde Ringleben;Landkreis Sömmerda;Thüringen;160685002045;Gemeinde
Durbach;Gemeinde Durbach;Landkreis Ortenaukreis;Baden-Württemberg;083175010021;Gemeinde
Enzklösterle;Gemeinde Enzklösterle;Landkreis Calw;Baden-Württemberg;082355008025;Gemeinde
Calw;Stadt Calw;Landkreis Calw;Baden-Württemberg;082355006085;Stadt
Bad Dürrheim;Stadt Bad Dürrheim;Landkreis Schwarzwald-Baar-Kreis;Baden-Württemberg;083260003003;Stadt
Bollschweil;Gemeinde Bollschweil;Landkreis Breisgau-Hochschwarzwald;Baden-Württemberg;083155004014;Gemeinde
Mahlberg;Stadt Mahlberg;Landkreis Ortenaukreis;Baden-Württemberg;083175002073;Stadt
Stegen;Gemeinde Stegen;Landkreis Breisgau-Hochschwarzwald;Baden-Württemberg;083155003109;Gemeinde
Malsch;Gemeinde Malsch;Landkreis Karlsruhe;Baden-Württemberg;082150046046;Gemeinde
Ettlingen;Stadt Ettlingen;Landkreis Karlsruhe;Baden-Württemberg;082150017017;Stadt
Möllenhagen;Gemeinde Möllenhagen;Landkreis Mecklenburgische Seenplatte;Mecklenburg-Vorpommern;130715158101;Gemeinde
Germaringen;Gemeinde Germaringen;Landkreis Ostallgäu;Bayern;097770130130;Gemeinde
Moltzow;Gemeinde Moltzow;Landkreis Mecklenburgische Seenplatte;Mecklenburg-Vorpommern;130715160103;Gemeinde
Kittendorf;Gemeinde Kittendorf;Landkreis Mecklenburgische Seenplatte;Mecklenburg-Vorpommern;130715162074;Gemeinde
Burg Stargard;Stadt Burg Stargard;Landkreis Mecklenburgische Seenplatte;Mecklenburg-Vorpommern;130715161021;Stadt
Küssaberg;Gemeinde Küssaberg;Landkreis Waldshut;Baden-Württemberg;083375003125;Gemeinde
Rickenbach;Gemeinde Rickenbach;Landkreis Waldshut;Baden-Württemberg;083375005090;Gemeinde
Höchenschwand;Gemeinde Höchenschwand;Landkreis Waldshut;Baden-Württemberg;083375006051;Gemeinde
Warrenzin;Gemeinde Warrenzin;Landkreis Mecklenburgische Seenplatte;Mecklenburg-Vorpommern;130715151157;Gemeinde
Rechtenstein;Gemeinde Rechtenstein;Landkreis Alb-Donau-Kreis;Baden-Württemberg;084255010098;Gemeinde
Finneland;Gemeinde Finneland;Landkreis Burgenlandkreis;Sachsen-Anhalt;150845051133;Gemeinde
Schömberg;Stadt Schömberg;Landkreis Zollernalbkreis;Baden-Württemberg;084175006057;Stadt
Dautmergen;Gemeinde Dautmergen;Landkreis Zollernalbkreis;Baden-Württemberg;084175006014;Gemeinde
Ingoldingen;Gemeinde Ingoldingen;Landkreis Biberach;Baden-Württemberg;084265002062;Gemeinde
Altshausen;Gemeinde Altshausen;Landkreis Ravensburg;Baden-Württemberg;084365001005;Gemeinde
Heiligenberg;Gemeinde Heiligenberg;Landkreis Bodenseekreis;Baden-Württemberg;084355005020;Gemeinde
Hohenmölsen;Stadt Hohenmölsen;Landkreis Burgenlandkreis;Sachsen-Anhalt;150840235235;Stadt
Stößen;Stadt Stößen;Landkreis Burgenlandkreis;Sachsen-Anhalt;150845054470;Stadt
An der Poststraße;Gemeinde An der Poststraße;Landkreis Burgenlandkreis;Sachsen-Anhalt;150845051012;Gemeinde
Bad Waldsee;Stadt Bad Waldsee;Landkreis Ravensburg;Baden-Württemberg;084365002009;Stadt
Pfullendorf;Stadt Pfullendorf;Landkreis Sigmaringen;Baden-Württemberg;084375004088;Stadt
Schlier;Gemeinde Schlier;Landkreis Ravensburg;Baden-Württemberg;084365003069;Gemeinde
Altmittweida;Gemeinde Altmittweida;Landkreis Mittelsachsen;Sachsen;145225119010;Gemeinde
Gönnersdorf;Gemeinde Gönnersdorf;Landkreis Ahrweiler;Rheinland-Pfalz;071315003025;Gemeinde
Pfaffen-Schwabenheim;Gemeinde Pfaffen-Schwabenheim;Landkreis Bad Kreuznach;Rheinland-Pfalz;071335001078;Gemeinde
Pessin;Gemeinde Pessin;Landkreis Havelland;Brandenburg;120635302240;Gemeinde
Trebra;Gemeinde Trebra;Landkreis Kyffhäuserkreis;Thüringen;160655002075;Gemeinde
Neuberend;Gemeinde Neuberend;Kreis Schleswig-Flensburg;Schleswig-Holstein;010595987062;Gemeinde
Ruhpolding;Gemeinde Ruhpolding;Landkreis Traunstein;Bayern;091890140140;Gemeinde
Oberpleichfeld;Gemeinde Oberpleichfeld;Landkreis Würzburg;Bayern;096795645169;Gemeinde
Oberehe-Stroheich;Gemeinde Oberehe-Stroheich;Landkreis Vulkaneifel;Rheinland-Pfalz;072335006054;Gemeinde
Salm;Gemeinde Salm;Landkreis Vulkaneifel;Rheinland-Pfalz;072335006060;Gemeinde
Schmalfeld;Gemeinde Schmalfeld;Kreis Segeberg;Schleswig-Holstein;010605043073;Gemeinde
Holsthum;Gemeinde Holsthum;Landkreis Eifelkreis Bitburg-Prüm;Rheinland-Pfalz;072325005053;Gemeinde
Grevenkrug;Gemeinde Grevenkrug;Kreis Rendsburg-Eckernförde;Schleswig-Holstein;010585889063;Gemeinde
Estenfeld;Gemeinde Estenfeld;Landkreis Würzburg;Bayern;096795647130;Gemeinde
Peffingen;Gemeinde Peffingen;Landkreis Eifelkreis Bitburg-Prüm;Rheinland-Pfalz;072325005103;Gemeinde
Elbe;Gemeinde Elbe;Landkreis Wolfenbüttel;Niedersachsen;031585402011;Gemeinde
Geltorf;Gemeinde Geltorf;Kreis Schleswig-Flensburg;Schleswig-Holstein;010595915032;Gemeinde
